person_age,person_income,person_home_ownership,person_emp_length,loan_intent,loan_grade,loan_amnt,loan_int_rate,loan_percent_income,cb_person_default_on_file,cb_person_cred_hist_length,loan_status
35,115037,MORTGAGE,6.488237762144793,PERSONAL,B,13073,9.38,0.11,N,9,0
28,43617,MORTGAGE,4.9104056348711485,EDUCATION,A,21251,7.01,0.49,N,3,0
27,22260,OWN,0.0,MEDICAL,A,11829,7.31,0.53,N,5,0
27,40545,MORTGAGE,7.830923138641117,HOMEIMPROVEMENT,B,12646,10.2,0.31,N,4,1
49,63108,MORTGAGE,18.414074738408416,VENTURE,A,12513,7.53,0.2,N,16,0
38,95856,MORTGAGE,5.209241118369281,HOMEIMPROVEMENT,A,5417,6.64,0.06,N,8,0
25,139675,MORTGAGE,4.1714372497622065,MEDICAL,B,10402,9.8,0.07,N,4,0
36,118425,RENT,3.7499111900111775,HOMEIMPROVEMENT,A,7177,8.92,0.06,N,4,0
32,31857,RENT,12.430430603607004,PERSONAL,A,11012,8.62,0.35,N,6,0
20,100870,OWN,,DEBTCONSOLIDATION,A,12021,7.91,0.12,N,2,0
21,67185,MORTGAGE,1.4791358640409749,VENTURE,D,13917,16.49,0.21,N,2,0
33,37796,MORTGAGE,0.0,HOMEIMPROVEMENT,A,12479,7.7,0.33,N,12,0
48,48216,RENT,10.172136675508735,VENTURE,C,12670,13.44,0.26,N,13,0
28,36665,RENT,5.007169839596199,PERSONAL,C,7453,12.79,0.2,N,7,0
25,55292,MORTGAGE,4.471087875831621,EDUCATION,B,33219,11.64,0.6,N,4,0
31,36267,RENT,6.40135731666771,PERSONAL,A,12192,8.98,0.34,N,6,0
24,30779,RENT,3.6973080484705623,DEBTCONSOLIDATION,D,9627,15.54,0.31,Y,4,0
27,70510,RENT,3.0708671773057987,EDUCATION,B,17166,11.36,0.24,N,3,0
30,76557,MORTGAGE,0.6434321200322217,DEBTCONSOLIDATION,A,7901,7.13,0.1,N,4,0
20,48865,MORTGAGE,1.7943805891512734,EDUCATION,B,3474,9.84,0.07,Y,2,0
39,114944,OWN,8.371310753961449,HOMEIMPROVEMENT,A,6080,7.12,0.05,N,10,0
20,46946,MORTGAGE,2.713817214844754,HOMEIMPROVEMENT,B,4654,10.17,0.1,N,2,0
20,45865,MORTGAGE,3.065024120949376,MEDICAL,B,11191,10.95,0.24,N,2,0
32,77906,MORTGAGE,0.8151163655831253,EDUCATION,B,14752,,0.19,N,8,0
38,50370,MORTGAGE,6.340707541181514,PERSONAL,C,4269,,0.08,N,7,0
32,56762,RENT,6.180486971423814,EDUCATION,D,12991,15.38,0.23,N,3,0
29,13544,RENT,7.5664983573994125,VENTURE,B,12471,,0.92,N,3,0
27,54676,MORTGAGE,6.403023504691525,MEDICAL,B,20691,9.56,0.38,N,4,0
25,19831,RENT,5.510018402016122,VENTURE,C,16210,12.43,0.82,N,5,0
42,27680,MORTGAGE,7.6421621720603445,EDUCATION,B,6081,10.76,0.22,N,9,0
33,25992,MORTGAGE,6.312846673995706,EDUCATION,B,7492,10.55,0.29,N,12,0
26,30533,MORTGAGE,1.0574930805820695,EDUCATION,C,7908,13.1,0.26,Y,3,0
23,40059,OWN,1.4681468654737944,PERSONAL,D,19131,15.23,0.48,N,2,0
37,41457,RENT,8.404487719562756,PERSONAL,B,21426,9.54,0.52,N,9,0
42,78069,RENT,3.6133948234693682,MEDICAL,A,12212,7.75,0.16,N,11,0
40,61225,MORTGAGE,5.5380340155628325,PERSONAL,B,3721,9.92,0.06,N,14,0
22,19042,RENT,1.3656117636021774,DEBTCONSOLIDATION,B,8533,11.78,0.45,N,2,0
27,56716,RENT,4.16016060695944,MEDICAL,B,26291,10.61,0.46,N,6,1
25,64539,MORTGAGE,5.319308337035199,DEBTCONSOLIDATION,A,9796,7.9,0.15,N,5,0
28,45219,OWN,3.877409613057699,PERSONAL,B,1175,11.6,0.03,N,3,0
39,52392,MORTGAGE,7.062036644064208,EDUCATION,B,9240,9.81,0.18,N,16,0
46,60154,MORTGAGE,15.144586705711465,MEDICAL,A,17720,7.83,0.29,N,16,0
34,82498,RENT,7.895675681170431,VENTURE,D,3088,16.38,0.04,Y,7,0
24,22784,MORTGAGE,5.783120501069082,DEBTCONSOLIDATION,D,3856,15.56,0.17,N,3,0
29,47364,RENT,5.0776852660264575,MEDICAL,C,18738,12.25,0.4,N,2,1
49,124192,MORTGAGE,5.212852414125608,HOMEIMPROVEMENT,B,13335,8.75,0.11,N,11,0
31,118085,RENT,3.260055422121607,PERSONAL,B,13081,9.75,0.11,N,7,0
27,86510,MORTGAGE,0.434606346323545,MEDICAL,C,2596,14.37,0.03,N,5,0
28,72784,MORTGAGE,2.0078267510911605,EDUCATION,B,6415,9.85,0.09,N,7,0
34,134598,MORTGAGE,7.395233024741469,EDUCATION,B,12419,11.24,0.09,N,9,0
22,155564,OWN,2.116591404590878,VENTURE,A,4589,6.87,0.03,N,2,0
25,50463,RENT,0.2704534051586076,VENTURE,B,11903,10.51,0.24,N,5,0
40,31786,RENT,8.799039870405887,DEBTCONSOLIDATION,D,4676,16.4,0.15,Y,10,1
33,46692,MORTGAGE,12.416955884645404,PERSONAL,A,3517,8.3,0.08,N,6,0
31,297503,OTHER,4.23363802531329,MEDICAL,B,12163,10.11,0.04,N,8,0
41,22853,MORTGAGE,10.424707060126448,PERSONAL,B,9813,,0.43,N,13,0
23,41823,RENT,2.010590894577508,EDUCATION,C,8606,11.89,0.21,N,2,0
27,24909,MORTGAGE,0.0,VENTURE,A,9083,7.13,0.36,N,5,0
33,58024,RENT,5.690220395200676,DEBTCONSOLIDATION,D,9088,18.63,0.16,Y,8,1
33,27959,MORTGAGE,6.528821255734563,VENTURE,A,2911,7.3,0.1,N,12,0
20,51030,RENT,1.8573535427173309,DEBTCONSOLIDATION,D,14705,14.84,0.29,N,2,0
26,18535,OWN,8.8452376898503,HOMEIMPROVEMENT,A,18151,7.36,0.98,N,7,0
28,76091,RENT,3.48335455390621,PERSONAL,A,22517,8.07,0.3,N,4,0
34,106116,MORTGAGE,0.0,EDUCATION,C,11032,13.0,0.1,N,12,0
33,43863,RENT,9.387245215550495,MEDICAL,D,3510,15.11,0.08,N,8,0
29,50295,RENT,3.7798322949479273,EDUCATION,F,14461,22.51,0.29,N,9,0
20,49519,OWN,1.0227227996347554,PERSONAL,A,10134,7.8,0.2,N,2,0
30,59844,RENT,,DEBTCONSOLIDATION,B,10574,11.73,0.18,N,7,0
30,53050,MORTGAGE,3.902995993859583,PERSONAL,A,5395,7.18,0.1,N,5,0
63,82657,RENT,21.97269127541642,DEBTCONSOLIDATION,A,11879,8.92,0.14,N,28,0
28,106742,MORTGAGE,0.39515001487936785,DEBTCONSOLIDATION,A,14714,8.23,0.14,N,5,0
33,34622,RENT,5.090340187255114,DEBTCONSOLIDATION,A,10195,7.91,0.29,N,5,0
43,45700,RENT,3.14716469572806,MEDICAL,D,7011,15.02,0.15,N,11,0
38,88955,MORTGAGE,12.542084109054679,DEBTCONSOLIDATION,A,7357,6.91,0.08,N,8,0
47,24787,RENT,4.719901030961978,PERSONAL,B,10725,10.86,0.43,N,18,0
20,18326,RENT,3.7081230921738566,MEDICAL,B,7159,10.22,0.39,N,2,0
21,61357,MORTGAGE,0.8365322314360923,HOMEIMPROVEMENT,A,4367,7.8,0.07,N,2,0
24,71181,MORTGAGE,2.1644800949427916,HOMEIMPROVEMENT,G,14327,22.12,0.2,N,2,0
20,36414,RENT,1.3439549223484342,PERSONAL,B,9540,10.84,0.26,N,2,0
31,39408,MORTGAGE,4.048036902411292,DEBTCONSOLIDATION,D,10286,15.48,0.26,N,6,0
21,35663,OWN,1.1017111997155136,MEDICAL,D,6234,16.36,0.17,Y,2,0
49,33630,RENT,12.810218661983646,VENTURE,D,4360,15.19,0.13,N,16,0
22,79334,MORTGAGE,3.2876579261954504,EDUCATION,C,5604,13.23,0.07,N,2,0
27,28303,MORTGAGE,7.4116006436809965,VENTURE,A,6766,7.33,0.24,N,4,0
39,46815,RENT,13.658117751705612,VENTURE,A,4200,6.78,0.09,N,17,0
20,32927,RENT,1.0146358888863427,MEDICAL,B,7107,9.99,0.22,N,2,0
20,24333,RENT,4.790619479883379,PERSONAL,B,8665,10.72,0.36,N,2,0
32,87430,MORTGAGE,6.7547667420270985,EDUCATION,C,15722,14.07,0.18,N,8,0
33,40704,RENT,6.034263460116863,EDUCATION,C,13549,13.7,0.33,N,6,0
39,60092,MORTGAGE,13.527822954644625,VENTURE,A,12972,7.91,0.22,Y,15,0
36,23636,MORTGAGE,5.541153553739325,VENTURE,A,4478,7.57,0.19,N,14,1
33,36023,RENT,9.952860954224553,MEDICAL,A,12536,,0.35,N,9,1
23,82112,MORTGAGE,0.0,MEDICAL,B,4541,9.12,0.06,N,2,0
32,224807,OWN,5.831209537724082,MEDICAL,A,15510,7.08,0.07,N,10,0
33,18271,RENT,10.605576079242216,EDUCATION,C,7067,13.4,0.39,Y,7,0
23,48503,RENT,4.220390490541069,VENTURE,C,4294,,0.09,N,4,0
53,67965,MORTGAGE,4.900199642870396,HOMEIMPROVEMENT,A,12038,8.74,0.18,N,11,0
35,38605,RENT,11.135621216781072,MEDICAL,B,13415,10.72,0.35,N,5,0
21,86442,RENT,2.8719123394230897,PERSONAL,B,9158,,0.11,N,2,0
39,33634,RENT,4.944892015360453,EDUCATION,B,14594,10.94,0.43,N,13,0
41,58960,RENT,14.093069704865012,MEDICAL,E,9525,20.12,0.16,Y,16,0
34,40654,RENT,5.612235073443125,MEDICAL,A,5168,7.27,0.13,N,8,0
27,105946,MORTGAGE,3.763875057108713,HOMEIMPROVEMENT,B,9444,9.73,0.09,N,5,0
23,37346,OTHER,3.7165227467384834,VENTURE,D,10077,16.26,0.27,N,2,0
29,44643,RENT,3.8688130222576307,PERSONAL,B,9068,9.58,0.2,N,3,0
33,91137,RENT,4.251590765960117,PERSONAL,B,3725,9.74,0.04,N,10,0
30,30778,RENT,4.020403028570871,EDUCATION,C,20271,14.64,0.66,N,7,1
47,56264,RENT,6.2337996039784676,HOMEIMPROVEMENT,C,26231,14.54,0.47,Y,22,1
37,19882,RENT,14.660254466454655,MEDICAL,A,8047,8.02,0.4,N,9,0
22,29781,RENT,1.6490267293659215,EDUCATION,B,8523,10.81,0.29,N,2,0
20,66847,OWN,0.44833097718480164,MEDICAL,B,9498,9.52,0.14,N,3,0
35,31417,RENT,7.460265592118602,MEDICAL,B,8805,9.85,0.28,N,8,0
28,40154,RENT,3.311975932905964,EDUCATION,B,5245,11.56,0.13,N,4,0
38,71054,RENT,5.760937559256924,PERSONAL,C,14028,13.09,0.2,N,11,0
35,39397,RENT,7.606302107426054,MEDICAL,C,14387,12.86,0.37,N,9,0
29,85183,MORTGAGE,4.982081411992093,PERSONAL,A,8683,7.35,0.1,N,5,0
22,60999,RENT,1.708716637974428,EDUCATION,A,8365,,0.14,N,2,0
20,68845,OWN,1.0634471661769276,HOMEIMPROVEMENT,B,8232,10.33,0.12,N,2,1
32,107208,RENT,0.9261980361815845,EDUCATION,A,13838,7.36,0.13,N,10,0
20,64595,MORTGAGE,0.00380990993313135,PERSONAL,C,9380,11.76,0.15,N,2,0
22,126293,OTHER,0.8112232637587385,PERSONAL,B,7993,10.44,0.06,N,3,0
31,89428,RENT,1.9918635905699482,EDUCATION,A,4356,8.3,0.05,N,9,0
30,40623,RENT,9.823691739081301,EDUCATION,D,15011,15.95,0.37,N,5,0
20,110330,MORTGAGE,1.2520487948677501,EDUCATION,B,5956,12.16,0.05,N,2,0
42,62637,RENT,13.17901272094862,MEDICAL,A,4300,6.92,0.07,N,10,0
42,43604,MORTGAGE,8.199921884664212,EDUCATION,A,12569,,0.29,N,10,0
35,63140,RENT,12.556037823150797,PERSONAL,B,9317,9.96,0.15,N,8,0
35,99885,RENT,8.80318262857232,VENTURE,B,26966,9.94,0.27,N,10,0
35,69582,RENT,9.565663397223283,VENTURE,D,3936,16.43,0.06,N,7,0
72,147608,MORTGAGE,17.3214993630594,EDUCATION,B,6584,,0.04,N,35,0
41,98478,RENT,14.116506015867486,DEBTCONSOLIDATION,D,12553,17.56,0.13,Y,11,0
37,72239,RENT,12.013632288009257,EDUCATION,A,9057,7.7,0.13,N,12,0
23,30812,MORTGAGE,3.001538287239063,MEDICAL,C,10166,12.8,0.33,N,2,0
27,49077,RENT,1.0768611038272662,EDUCATION,D,10147,15.21,0.21,N,6,0
60,56354,RENT,12.68796549457284,EDUCATION,A,3007,,0.05,N,29,0
20,79470,RENT,0.0,PERSONAL,A,10517,7.68,0.13,Y,2,0
25,76920,MORTGAGE,1.2040748944882078,PERSONAL,B,13573,11.54,0.18,N,3,0
42,59471,MORTGAGE,16.259455657471044,PERSONAL,E,5469,18.56,0.09,N,8,0
23,57883,RENT,1.0689387970061561,VENTURE,B,5670,10.51,0.1,N,2,0
37,80519,RENT,2.695751482901691,HOMEIMPROVEMENT,B,7184,11.57,0.09,N,15,0
30,33785,MORTGAGE,3.5486923832605264,VENTURE,C,4221,13.8,0.12,Y,4,0
24,137658,MORTGAGE,1.5886639653112589,VENTURE,A,5085,7.79,0.04,Y,2,0
20,17571,RENT,0.0,MEDICAL,B,9602,10.18,0.55,N,2,0
32,120629,RENT,7.578829961705777,EDUCATION,A,17340,8.2,0.14,N,5,0
22,52846,RENT,4.1762863071115355,VENTURE,A,6720,7.44,0.13,N,2,0
29,94034,MORTGAGE,0.1491001623678374,MEDICAL,C,21219,13.06,0.23,N,4,0
35,66178,OWN,5.601640689026291,VENTURE,C,6654,15.22,0.1,Y,7,0
40,65533,RENT,6.771649889460956,MEDICAL,G,14240,22.26,0.22,Y,15,1
25,73485,RENT,1.0480472966898766,DEBTCONSOLIDATION,A,5873,6.87,0.08,N,3,0
24,84539,RENT,2.1594261919787985,HOMEIMPROVEMENT,B,11331,11.41,0.13,N,3,0
20,45213,RENT,1.7726288792924794,MEDICAL,C,19730,14.04,0.44,Y,2,1
40,95715,RENT,12.01176060992309,DEBTCONSOLIDATION,A,12733,6.97,0.13,N,18,0
57,29838,OWN,,DEBTCONSOLIDATION,A,8541,7.44,0.29,N,28,0
42,54017,RENT,0.8243489585416333,HOMEIMPROVEMENT,B,8233,11.04,0.15,Y,9,0
45,85800,MORTGAGE,17.643006297992542,MEDICAL,B,11416,10.67,0.13,N,20,0
23,93644,RENT,2.6040423537457866,DEBTCONSOLIDATION,F,13354,21.13,0.14,Y,3,1
35,69803,MORTGAGE,11.604083670343602,MEDICAL,B,14166,10.49,0.2,N,12,0
39,43635,MORTGAGE,1.1072737250631186,PERSONAL,D,9679,16.65,0.22,N,16,0
20,88715,RENT,2.694111261330403,PERSONAL,D,11180,15.75,0.13,N,2,0
20,37490,OWN,2.951369620202139,DEBTCONSOLIDATION,A,5724,6.98,0.15,N,2,0
50,141956,RENT,17.791299023353638,MEDICAL,C,11992,14.34,0.08,N,18,0
20,51711,MORTGAGE,0.0,DEBTCONSOLIDATION,A,5931,7.73,0.11,N,2,0
47,23230,MORTGAGE,14.956840440745461,VENTURE,A,10228,8.05,0.44,N,8,0
20,28083,RENT,5.300479334586757,MEDICAL,D,7619,16.98,0.27,Y,2,1
21,55492,MORTGAGE,0.8765350567408592,VENTURE,A,18660,7.04,0.34,N,2,0
35,58507,MORTGAGE,10.036164490405188,DEBTCONSOLIDATION,B,9628,10.93,0.16,N,8,0
31,160061,OWN,6.775963493782262,HOMEIMPROVEMENT,A,19703,9.36,0.12,Y,6,0
26,30602,MORTGAGE,1.4416217350787472,DEBTCONSOLIDATION,A,9117,7.37,0.3,N,4,0
49,55365,RENT,13.216953535602602,EDUCATION,B,21479,9.53,0.39,N,25,0
20,30252,MORTGAGE,0.0,EDUCATION,B,12290,11.16,0.41,N,2,0
28,41317,MORTGAGE,6.195229226924046,EDUCATION,B,3129,,0.08,N,6,0
36,136787,MORTGAGE,1.5585477449852307,EDUCATION,D,7711,15.12,0.06,N,8,0
33,28998,MORTGAGE,4.7810649183262734,VENTURE,B,6261,10.5,0.22,N,10,0
24,74822,RENT,4.810736783697569,MEDICAL,A,4421,7.48,0.06,N,3,0
24,67245,RENT,5.2865539720898,EDUCATION,A,6061,7.65,0.09,N,3,0
39,53460,MORTGAGE,10.869979705359093,DEBTCONSOLIDATION,C,6847,15.27,0.13,N,16,0
40,72091,OWN,14.983712655779682,PERSONAL,B,2995,10.57,0.04,N,11,0
33,28623,RENT,10.117037620624174,DEBTCONSOLIDATION,E,3310,18.04,0.12,Y,5,1
22,134723,OWN,0.0,MEDICAL,C,8460,12.99,0.06,N,2,0
24,156164,OWN,0.6187976852163097,VENTURE,A,11988,7.14,0.08,N,4,0
30,55598,MORTGAGE,1.9133985115413432,MEDICAL,A,27327,,0.49,N,9,0
31,205398,MORTGAGE,2.1090043387004584,VENTURE,B,17718,10.95,0.09,N,6,0
36,43500,MORTGAGE,6.107295360319412,PERSONAL,C,8285,,0.19,N,10,0
28,67523,MORTGAGE,8.194139467366908,VENTURE,A,9491,7.87,0.14,N,4,0
39,119078,MORTGAGE,15.617558025647204,DEBTCONSOLIDATION,B,12593,11.14,0.11,N,13,0
39,42089,RENT,4.296439263316742,HOMEIMPROVEMENT,D,8632,16.5,0.21,N,16,1
45,25340,RENT,5.866777799244476,VENTURE,C,9736,12.39,0.38,N,20,0
30,22327,RENT,5.073952362882028,MEDICAL,C,6059,13.28,0.27,N,11,0
33,168291,RENT,4.282550472997517,HOMEIMPROVEMENT,C,9287,13.31,0.06,N,6,0
29,40499,RENT,3.7763498613660333,DEBTCONSOLIDATION,A,9982,8.6,0.25,N,7,0
22,48915,OWN,3.4126213878343,PERSONAL,A,4503,8.67,0.09,N,2,0
57,29377,MORTGAGE,25.707876812220714,DEBTCONSOLIDATION,A,12418,7.16,0.42,N,16,0
43,91270,RENT,8.175608387944772,EDUCATION,A,12742,6.71,0.14,N,11,0
39,35247,MORTGAGE,14.761128087502,EDUCATION,D,13017,16.13,0.37,N,12,0
30,41349,RENT,2.485832488552191,EDUCATION,A,6131,7.25,0.15,N,3,0
21,63878,RENT,0.46559942895747364,EDUCATION,C,19718,13.43,0.31,N,2,0
41,30175,MORTGAGE,7.355842842017951,VENTURE,C,7744,14.47,0.26,N,10,0
28,49108,RENT,1.862958382996839,EDUCATION,B,4756,,0.1,N,7,0
34,117150,MORTGAGE,8.876328813711519,DEBTCONSOLIDATION,B,19017,10.12,0.16,N,10,0
24,68565,RENT,1.2083844653862665,PERSONAL,B,5328,,0.08,N,4,0
32,58209,MORTGAGE,6.511057795367393,MEDICAL,B,11020,9.35,0.19,N,9,0
25,60972,MORTGAGE,1.8512175221104898,EDUCATION,D,6685,16.45,0.11,Y,4,0
25,43738,RENT,0.0,PERSONAL,A,3648,7.73,0.08,N,4,0
32,162410,OWN,2.375262501067322,EDUCATION,A,5232,7.95,0.03,N,12,0
20,34659,RENT,2.666418851384926,DEBTCONSOLIDATION,B,17880,10.49,0.52,N,2,0
20,60840,MORTGAGE,1.2311942870267778,DEBTCONSOLIDATION,B,9537,9.66,0.16,N,3,0
23,57714,OWN,3.816187696939818,VENTURE,B,7053,10.54,0.12,N,2,0
28,94354,OWN,7.17392803388129,EDUCATION,G,8043,23.41,0.09,Y,6,1
40,99383,RENT,12.588592351373602,DEBTCONSOLIDATION,C,4838,13.55,0.05,Y,17,0
28,53230,RENT,5.335644207922313,MEDICAL,D,5783,17.31,0.11,N,6,0
30,63568,MORTGAGE,4.77990793131582,MEDICAL,B,14208,10.7,0.22,Y,6,0
27,64905,RENT,6.98608486920101,VENTURE,A,10524,9.07,0.16,N,2,0
33,15526,RENT,5.315262747569492,HOMEIMPROVEMENT,C,9258,15.14,0.6,N,7,0
22,22607,MORTGAGE,0.0,MEDICAL,C,8426,12.78,0.37,N,2,1
29,38840,MORTGAGE,3.153919486624578,HOMEIMPROVEMENT,B,3337,9.98,0.09,N,5,0
34,39780,RENT,2.856885893718373,EDUCATION,D,8814,15.63,0.22,N,11,0
32,28012,RENT,0.31239789486817116,EDUCATION,E,14215,17.13,0.51,Y,10,1
30,81819,OWN,5.761790036030108,PERSONAL,B,6598,10.87,0.08,N,3,0
30,54239,MORTGAGE,2.846770039944864,EDUCATION,A,8890,7.85,0.16,N,4,0
35,48142,MORTGAGE,2.6842701862782983,MEDICAL,B,2098,10.65,0.04,N,11,0
58,27149,RENT,22.74778586614342,EDUCATION,F,17057,19.52,0.63,N,31,0
23,52865,RENT,2.9308730407759347,MEDICAL,A,19850,8.77,0.38,N,2,0
58,12775,RENT,8.120189052916738,MEDICAL,B,19787,9.0,1.55,N,18,1
22,49531,MORTGAGE,2.714463594194033,DEBTCONSOLIDATION,C,3546,12.44,0.07,N,2,0
20,56092,RENT,0.0,PERSONAL,A,14837,8.21,0.26,N,2,0
25,61886,MORTGAGE,4.420752500114543,HOMEIMPROVEMENT,B,1594,10.75,0.03,N,3,0
33,22919,MORTGAGE,4.966893196527956,PERSONAL,A,15277,7.01,0.67,N,9,0
54,61306,MORTGAGE,14.768116002507735,PERSONAL,D,9182,,0.15,N,24,0
21,30552,RENT,0.0,PERSONAL,C,7589,13.6,0.25,N,2,0
35,34653,MORTGAGE,8.066287420092591,DEBTCONSOLIDATION,C,14782,14.44,0.43,Y,5,1
20,80407,MORTGAGE,1.515588074111497,MEDICAL,A,9831,6.53,0.12,N,2,0
53,164023,RENT,4.3105369563017595,MEDICAL,A,5765,7.73,0.04,N,25,0
44,55728,RENT,6.3798536909800365,DEBTCONSOLIDATION,D,13200,16.86,0.24,N,18,0
25,34565,MORTGAGE,0.4567165210648725,MEDICAL,B,16766,9.7,0.49,N,4,0
20,60100,RENT,2.0710102160164965,HOMEIMPROVEMENT,A,14213,7.46,0.24,N,2,0
46,90804,RENT,7.704405367285171,VENTURE,A,14678,7.45,0.16,N,9,0
29,76232,RENT,5.455579638118321,MEDICAL,B,4802,9.21,0.06,N,3,0
44,244926,RENT,9.951674073876276,DEBTCONSOLIDATION,A,6953,7.73,0.03,Y,16,0
30,36554,OWN,5.326480208210718,MEDICAL,B,10623,10.78,0.29,N,2,0
30,62238,MORTGAGE,5.167315064899306,HOMEIMPROVEMENT,C,18768,14.7,0.3,N,7,0
25,126995,MORTGAGE,1.287312528510855,HOMEIMPROVEMENT,B,5880,10.48,0.05,N,2,0
37,122686,OWN,3.9120898195778278,PERSONAL,D,18264,16.35,0.15,Y,15,0
31,18535,MORTGAGE,5.210440140084875,EDUCATION,A,2994,8.68,0.16,N,7,0
35,54076,MORTGAGE,5.462217275906856,MEDICAL,B,17080,9.99,0.32,N,8,1
20,122575,RENT,0.0,VENTURE,A,16286,6.56,0.13,N,2,1
45,265628,MORTGAGE,6.795374584980443,DEBTCONSOLIDATION,D,23878,16.1,0.09,N,16,0
49,79784,RENT,8.783507038898096,EDUCATION,D,15220,15.84,0.19,N,8,0
31,44252,RENT,8.930898246347954,EDUCATION,B,11130,10.43,0.25,N,7,0
56,31099,RENT,20.354096369516462,EDUCATION,A,7643,7.16,0.25,N,11,0
52,183562,RENT,0.9818395428842521,VENTURE,A,7136,6.83,0.04,N,23,0
37,80886,RENT,11.147049810950246,DEBTCONSOLIDATION,D,9017,16.75,0.11,N,10,0
46,33981,RENT,15.775272820436104,EDUCATION,C,7349,13.48,0.22,Y,10,0
42,48448,MORTGAGE,11.729094042396499,MEDICAL,D,13198,17.8,0.27,N,17,0
20,64254,RENT,2.539632578436265,PERSONAL,A,15026,6.67,0.23,N,2,0
27,73064,MORTGAGE,2.5009562054538175,DEBTCONSOLIDATION,B,5632,12.11,0.08,N,5,0
38,33031,MORTGAGE,5.726769273384473,DEBTCONSOLIDATION,C,15430,13.73,0.47,N,14,1
50,38645,MORTGAGE,11.996855468768073,DEBTCONSOLIDATION,D,11545,16.01,0.3,N,13,0
20,21826,RENT,0.0,EDUCATION,B,7950,9.62,0.36,N,2,0
20,95977,OWN,0.0,VENTURE,A,16882,6.97,0.18,N,2,0
29,44896,RENT,2.636321340975573,HOMEIMPROVEMENT,D,6128,17.01,0.14,N,6,1
20,70015,MORTGAGE,2.8528248537238077,HOMEIMPROVEMENT,A,4374,5.37,0.06,Y,2,0
29,118449,MORTGAGE,4.782960848847292,PERSONAL,B,5956,9.06,0.05,N,6,0
34,61140,RENT,10.417941811939771,PERSONAL,B,6956,9.21,0.11,N,8,0
21,50912,RENT,1.3436639685268792,HOMEIMPROVEMENT,A,16532,8.44,0.32,Y,2,1
29,60274,RENT,7.172652647774935,VENTURE,B,26874,11.04,0.45,N,5,0
41,56092,MORTGAGE,5.7046369979753155,EDUCATION,C,16113,12.69,0.29,N,9,0
25,107515,MORTGAGE,1.1558766472491957,PERSONAL,B,9580,10.12,0.09,N,4,0
22,64277,OWN,2.5055366118955287,HOMEIMPROVEMENT,A,2682,7.6,0.04,N,2,0
29,40158,RENT,6.743472681686142,PERSONAL,C,6325,14.32,0.16,N,5,0
20,96405,RENT,0.5781704953782323,DEBTCONSOLIDATION,F,22653,19.69,0.23,Y,2,0
55,106592,RENT,,VENTURE,C,14530,13.61,0.14,N,13,0
30,25949,OWN,0.038498699219142285,EDUCATION,C,2556,13.22,0.1,N,8,0
23,125873,RENT,3.190939192085848,EDUCATION,D,1857,,0.01,Y,3,0
32,66210,RENT,8.531529046551407,HOMEIMPROVEMENT,C,14198,12.78,0.21,N,8,0
29,63309,MORTGAGE,1.4679569667113026,VENTURE,F,18485,20.67,0.29,Y,8,1
28,94244,MORTGAGE,5.552113384091979,EDUCATION,C,5074,12.87,0.05,N,6,0
25,39662,MORTGAGE,0.0,HOMEIMPROVEMENT,C,6167,13.58,0.16,N,2,1
24,91563,RENT,1.076852113252315,VENTURE,C,15822,14.75,0.17,N,2,1
20,44036,RENT,0.0,DEBTCONSOLIDATION,D,7961,16.83,0.18,N,2,0
46,24071,OWN,9.597957840506247,VENTURE,C,8570,14.61,0.36,Y,14,1
36,31295,MORTGAGE,6.127247732384989,EDUCATION,C,8342,13.75,0.27,Y,10,0
33,74003,RENT,3.0489828136016657,PERSONAL,A,10122,8.41,0.14,N,5,0
29,32208,RENT,6.133462151616212,HOMEIMPROVEMENT,D,11275,14.56,0.35,N,4,0
21,131339,RENT,0.24676861218249824,EDUCATION,B,23660,9.14,0.18,N,2,0
23,104204,MORTGAGE,3.028573346149993,DEBTCONSOLIDATION,A,7606,6.7,0.07,N,3,0
20,112802,RENT,0.6675350860871031,MEDICAL,C,8550,12.75,0.08,N,2,0
24,58024,MORTGAGE,0.0,VENTURE,B,4782,11.34,0.08,N,2,0
20,62431,MORTGAGE,5.463669466396487,MEDICAL,A,10063,6.29,0.16,N,3,0
51,28098,MORTGAGE,14.77048940727395,HOMEIMPROVEMENT,A,16454,6.41,0.59,N,16,0
40,93683,RENT,4.532758250891533,VENTURE,A,6126,7.4,0.07,N,14,0
31,66763,MORTGAGE,1.4590663973280298,VENTURE,A,5610,7.61,0.08,N,7,0
22,74014,MORTGAGE,0.7606072184038006,DEBTCONSOLIDATION,B,15687,11.2,0.21,N,3,0
20,137114,RENT,2.3453002690187237,EDUCATION,D,11243,,0.08,N,2,0
28,38821,OWN,2.7306263657868723,EDUCATION,B,5639,10.35,0.15,Y,5,0
40,50545,RENT,7.25585142904528,EDUCATION,B,10355,11.21,0.2,N,10,0
54,64839,MORTGAGE,20.533930275946513,PERSONAL,C,5331,12.78,0.08,Y,24,0
20,32386,RENT,0.6157878252730246,VENTURE,B,7799,,0.24,N,2,0
36,48865,MORTGAGE,,DEBTCONSOLIDATION,C,8213,13.96,0.17,N,8,1
24,71048,MORTGAGE,2.0665341917633526,VENTURE,B,15564,10.2,0.22,N,3,0
25,45298,RENT,4.962200456144354,MEDICAL,B,12779,11.19,0.28,N,3,0
30,111295,MORTGAGE,4.486867923378198,DEBTCONSOLIDATION,A,16058,6.81,0.14,N,9,0
22,23599,MORTGAGE,1.6572002450829713,MEDICAL,E,7722,19.75,0.33,N,3,0
27,100460,MORTGAGE,5.065794350517148,HOMEIMPROVEMENT,A,12132,7.25,0.12,N,4,0
21,77936,RENT,3.383488722150436,MEDICAL,B,3245,10.15,0.04,N,2,0
24,39622,RENT,2.1503885593335688,EDUCATION,A,5514,6.33,0.14,N,4,0
38,32583,MORTGAGE,8.069907215568854,VENTURE,B,4328,9.6,0.13,N,9,0
31,17254,RENT,8.340420056134592,EDUCATION,B,14349,9.85,0.83,N,9,1
38,34984,MORTGAGE,7.500506508465185,EDUCATION,A,21521,6.6,0.62,N,15,0
24,96369,RENT,2.352726194625316,VENTURE,A,8423,6.55,0.09,N,3,0
36,52530,RENT,,MEDICAL,A,12629,7.54,0.24,N,11,0
20,102707,MORTGAGE,0.5443284900652123,EDUCATION,C,12462,13.98,0.12,N,2,0
30,38525,MORTGAGE,5.608034522422488,MEDICAL,A,20443,7.72,0.53,N,7,0
37,79930,MORTGAGE,11.17061911649144,VENTURE,C,7794,10.94,0.1,N,6,0
20,36511,MORTGAGE,1.072894337802107,VENTURE,B,9908,9.67,0.27,N,2,0
24,31854,MORTGAGE,4.646271313274832,EDUCATION,A,5628,8.41,0.18,N,2,0
30,51076,MORTGAGE,6.357376956239202,PERSONAL,A,4573,6.43,0.09,N,5,0
41,37581,OWN,3.54590762588993,PERSONAL,D,13501,15.9,0.36,N,14,0
24,23189,MORTGAGE,3.535161207953589,PERSONAL,B,6313,9.62,0.27,N,3,0
36,49007,MORTGAGE,13.34004966109575,VENTURE,A,6514,8.54,0.13,N,8,0
47,57442,RENT,5.388572127416194,EDUCATION,C,11956,,0.21,N,18,0
36,108835,MORTGAGE,2.917686513544986,VENTURE,C,8139,,0.07,N,8,0
28,90693,RENT,6.170342106197386,HOMEIMPROVEMENT,B,13654,9.92,0.15,Y,5,0
34,105976,RENT,10.181147202607365,VENTURE,B,13795,8.56,0.13,N,13,0
24,80514,RENT,0.7916844965102091,EDUCATION,A,10411,7.88,0.13,N,3,0
31,65051,RENT,9.885973762890632,EDUCATION,A,9778,5.96,0.15,N,5,0
28,27558,RENT,2.2860515481506996,HOMEIMPROVEMENT,B,21300,9.77,0.77,N,3,0
33,58831,MORTGAGE,5.549048796747629,DEBTCONSOLIDATION,C,8779,14.99,0.15,N,9,0
26,75224,MORTGAGE,5.457097024510069,MEDICAL,B,14105,13.0,0.19,N,3,0
34,120763,RENT,6.310630011386087,MEDICAL,B,5336,10.52,0.04,N,11,0
26,79020,MORTGAGE,3.760309535794451,HOMEIMPROVEMENT,B,9650,9.79,0.12,N,4,0
40,107174,MORTGAGE,7.757393421062031,EDUCATION,B,14156,10.52,0.13,N,13,0
27,30711,MORTGAGE,3.199573260823064,VENTURE,A,5768,6.45,0.19,N,7,0
20,45273,RENT,2.787403816503718,PERSONAL,B,9068,10.16,0.2,N,2,0
21,68606,MORTGAGE,0.678982871928038,VENTURE,A,9494,8.78,0.14,N,2,0
30,102592,RENT,8.294070684484565,EDUCATION,C,5974,13.67,0.06,Y,2,0
51,50017,RENT,17.52684155028207,MEDICAL,A,6538,6.36,0.13,N,18,0
39,51774,RENT,13.760313250687453,HOMEIMPROVEMENT,B,5253,10.83,0.1,N,12,0
20,79057,MORTGAGE,0.58878372523859,VENTURE,B,2427,,0.03,N,2,0
20,29166,MORTGAGE,0.0,DEBTCONSOLIDATION,C,5406,12.0,0.19,N,2,0
43,131146,RENT,13.311620395131573,VENTURE,C,10364,,0.08,N,14,0
37,33405,RENT,3.2271306857668787,HOMEIMPROVEMENT,A,6689,6.89,0.2,N,11,0
60,18859,MORTGAGE,8.743722587592352,HOMEIMPROVEMENT,C,9117,14.76,0.48,N,13,1
25,54477,MORTGAGE,,VENTURE,A,9834,6.66,0.18,N,4,0
22,137881,RENT,0.0,MEDICAL,A,8349,8.48,0.06,N,2,0
31,74798,MORTGAGE,7.444660466355984,PERSONAL,D,14040,,0.19,Y,4,0
25,81887,OWN,,PERSONAL,A,25136,7.62,0.31,N,4,0
42,55423,RENT,2.981369263787332,VENTURE,A,5442,7.26,0.1,N,15,0
25,49821,MORTGAGE,1.0619937372341803,DEBTCONSOLIDATION,A,15549,7.02,0.31,N,5,0
27,23162,RENT,5.625530825190866,EDUCATION,B,5993,10.07,0.26,N,7,0
21,15636,MORTGAGE,0.6643811887409791,MEDICAL,D,11488,14.72,0.73,N,2,1
38,60352,RENT,7.2368894192067845,PERSONAL,A,4318,8.01,0.07,N,6,0
21,111513,RENT,2.2173150147681877,MEDICAL,B,11032,10.98,0.1,N,2,0
34,65465,MORTGAGE,13.30518577092726,VENTURE,B,7539,10.32,0.12,N,6,0
54,76342,MORTGAGE,9.8477806463315,HOMEIMPROVEMENT,B,7432,10.52,0.1,N,16,0
20,129449,RENT,0.21028512686347023,PERSONAL,B,10350,10.14,0.08,N,2,0
48,64914,RENT,10.593400240168064,HOMEIMPROVEMENT,B,5091,9.53,0.08,N,9,0
33,50642,RENT,9.712893630536117,PERSONAL,B,5070,9.46,0.1,N,6,0
20,34537,MORTGAGE,1.750732970629435,PERSONAL,D,7711,15.55,0.22,Y,2,0
31,164755,MORTGAGE,2.5548052040805524,PERSONAL,A,15337,7.19,0.09,N,5,0
38,72373,MORTGAGE,8.225681498788285,EDUCATION,A,7823,8.42,0.11,N,12,0
22,32241,MORTGAGE,0.03142646510451774,VENTURE,F,25406,21.03,0.79,N,2,1
35,28448,MORTGAGE,3.9645112995710114,MEDICAL,C,29240,14.73,1.03,N,5,1
49,107924,MORTGAGE,5.423098422903475,HOMEIMPROVEMENT,C,9018,14.05,0.08,Y,14,0
25,30619,MORTGAGE,1.3044184779545775,MEDICAL,B,20891,9.23,0.68,N,4,1
21,150182,MORTGAGE,2.1881380242069355,MEDICAL,B,5539,9.31,0.04,N,2,0
29,12000,MORTGAGE,0.0,PERSONAL,B,9609,9.65,0.8,N,2,0
30,118471,RENT,8.252351823767405,VENTURE,A,10600,7.22,0.09,N,7,0
43,70812,RENT,7.277904600765651,EDUCATION,C,12771,12.88,0.18,Y,17,1
28,57827,RENT,5.783820857140498,EDUCATION,B,3863,11.05,0.07,N,3,0
26,49192,MORTGAGE,0.0,DEBTCONSOLIDATION,E,10231,19.44,0.21,Y,3,0
21,153261,RENT,1.6172974196520853,VENTURE,B,17759,9.53,0.12,N,2,0
20,79928,RENT,0.6770973907918951,EDUCATION,A,2281,6.19,0.03,N,2,0
20,32966,OWN,1.7566216439348648,VENTURE,B,5753,11.82,0.17,N,3,0
20,21048,OWN,2.2140628694497764,MEDICAL,A,17975,7.69,0.85,N,2,0
27,59725,OWN,2.0723510977591157,MEDICAL,C,6597,13.07,0.11,N,5,0
20,54144,RENT,0.0,HOMEIMPROVEMENT,B,10047,11.77,0.19,N,2,0
20,23483,MORTGAGE,1.5583984911118827,MEDICAL,B,11685,11.5,0.5,N,2,0
29,52550,RENT,5.4382013334984896,EDUCATION,E,5766,18.03,0.11,N,7,0
53,39511,RENT,18.02351394297844,HOMEIMPROVEMENT,D,4633,16.7,0.12,Y,22,0
43,54453,RENT,2.775685166562478,DEBTCONSOLIDATION,E,8327,19.42,0.15,N,10,0
27,80761,MORTGAGE,1.2103864005330593,MEDICAL,A,16183,8.17,0.2,N,6,0
20,123122,RENT,0.0,VENTURE,C,10276,14.51,0.08,N,2,0
65,89311,MORTGAGE,23.222783033396034,DEBTCONSOLIDATION,D,4702,15.24,0.05,N,21,0
30,36432,MORTGAGE,3.370455644651598,MEDICAL,B,14161,10.52,0.39,Y,3,1
32,66363,RENT,5.037393878560585,PERSONAL,A,4860,8.82,0.07,N,8,0
28,56089,RENT,5.312049963575867,VENTURE,C,11517,13.19,0.21,N,6,0
29,26038,RENT,5.952023752293998,VENTURE,D,8574,15.48,0.33,Y,4,0
25,67442,OWN,3.149174946287804,PERSONAL,C,7255,13.59,0.11,N,5,0
27,150417,RENT,3.7787462313906315,VENTURE,A,8088,6.23,0.05,N,4,0
48,55151,RENT,11.398452202141375,EDUCATION,A,8711,7.76,0.16,N,16,0
45,22543,RENT,15.70924701518238,DEBTCONSOLIDATION,B,9163,9.17,0.41,Y,7,0
20,55085,MORTGAGE,0.0,EDUCATION,B,10608,,0.19,N,2,0
20,27790,RENT,0.0,VENTURE,C,15296,12.2,0.55,N,2,1
23,87114,RENT,2.6432336746147906,PERSONAL,A,22370,8.18,0.26,N,3,1
41,72306,RENT,10.084211026002887,PERSONAL,A,9346,,0.13,N,13,0
45,49315,MORTGAGE,15.36623691076393,VENTURE,B,14411,9.65,0.29,N,8,0
38,45155,RENT,11.108630912228548,DEBTCONSOLIDATION,A,9944,7.52,0.22,N,11,0
20,48207,MORTGAGE,1.73423086039163,EDUCATION,B,7815,10.74,0.16,N,2,0
25,54423,RENT,5.247617089493973,PERSONAL,B,10890,10.57,0.2,N,2,0
35,35428,OWN,4.531701686023433,DEBTCONSOLIDATION,C,3841,13.77,0.11,N,4,0
27,25253,MORTGAGE,3.5335326990352467,DEBTCONSOLIDATION,C,5319,14.05,0.21,Y,4,0
26,101344,MORTGAGE,0.607038957709868,PERSONAL,A,4476,5.89,0.04,N,4,0
26,43828,RENT,6.349689089175872,MEDICAL,D,10564,16.11,0.24,N,5,0
43,59389,RENT,9.170450067793618,EDUCATION,C,2679,12.41,0.05,N,16,0
36,63380,RENT,2.591606707440862,MEDICAL,B,4178,9.49,0.07,N,6,0
27,64673,MORTGAGE,1.6357815767920174,VENTURE,D,3123,15.12,0.05,Y,5,0
33,28407,OWN,2.2033173009194513,EDUCATION,A,9442,5.92,0.33,N,7,0
20,21553,RENT,1.2446168568733835,HOMEIMPROVEMENT,B,7185,10.49,0.33,N,2,0
25,39191,MORTGAGE,1.0653432107455083,HOMEIMPROVEMENT,A,8121,6.09,0.21,N,3,0
42,67348,RENT,9.778865352822084,EDUCATION,B,11528,10.82,0.17,N,11,0
20,36301,OWN,1.6533234896216387,PERSONAL,B,8932,11.72,0.25,N,3,1
37,44568,RENT,1.3483852129752967,DEBTCONSOLIDATION,B,7629,11.75,0.17,Y,12,0
20,174558,RENT,1.4130852153097115,MEDICAL,A,2635,6.63,0.02,N,2,0
51,19633,RENT,16.137298626748613,VENTURE,A,11539,,0.59,N,18,0
25,35765,MORTGAGE,1.783537756743549,VENTURE,B,2501,11.13,0.07,N,3,0
34,153757,MORTGAGE,3.8276038092909865,EDUCATION,A,10315,7.55,0.07,N,12,0
31,52863,RENT,6.560774585423539,PERSONAL,C,35000,13.44,0.66,N,5,1
31,36743,MORTGAGE,9.358727702798149,HOMEIMPROVEMENT,C,12576,12.45,0.34,Y,3,0
33,103034,RENT,0.670575099447082,MEDICAL,A,6318,7.6,0.06,N,4,0
20,55847,RENT,0.0,VENTURE,A,14980,8.19,0.27,N,2,1
32,44731,RENT,8.251491863024748,MEDICAL,A,24284,6.88,0.54,N,3,1
28,60222,MORTGAGE,0.25990599509141177,DEBTCONSOLIDATION,C,16292,,0.27,N,5,1
25,37723,MORTGAGE,2.366136397002121,DEBTCONSOLIDATION,F,19076,20.63,0.51,Y,4,1
22,30957,MORTGAGE,3.6144566129891706,EDUCATION,A,5521,6.98,0.18,N,2,0
32,50895,MORTGAGE,9.211654612858746,HOMEIMPROVEMENT,C,7281,13.46,0.14,N,11,0
21,31068,RENT,1.2171732208879606,EDUCATION,D,13581,15.16,0.44,N,3,0
42,54495,MORTGAGE,11.955540621160171,EDUCATION,A,8812,8.18,0.16,N,15,0
35,65836,RENT,0.0,PERSONAL,D,5261,15.18,0.08,Y,9,1
33,86611,MORTGAGE,8.160061663880985,VENTURE,B,12688,10.02,0.15,N,10,0
41,100746,RENT,9.1277522499483,VENTURE,E,13554,19.22,0.13,Y,7,1
20,43340,MORTGAGE,2.134253798060471,PERSONAL,B,7824,10.08,0.18,N,2,0
20,71301,MORTGAGE,0.2828330301141251,EDUCATION,A,4770,6.75,0.07,N,2,0
35,71032,RENT,10.490464304490807,MEDICAL,E,7085,18.65,0.1,Y,5,0
23,64880,MORTGAGE,1.0107917474097454,VENTURE,A,7411,8.94,0.11,N,3,0
24,41618,RENT,0.0,MEDICAL,D,9976,,0.24,N,2,0
20,30778,RENT,0.0,EDUCATION,A,4280,7.99,0.14,N,2,0
21,71403,MORTGAGE,0.0,EDUCATION,C,8424,14.3,0.12,N,2,0
42,21188,MORTGAGE,12.83957089084331,DEBTCONSOLIDATION,B,6784,10.91,0.32,Y,8,1
35,46755,RENT,9.939576239085818,HOMEIMPROVEMENT,E,12763,18.68,0.27,Y,5,1
32,13299,RENT,2.3313292500888205,EDUCATION,A,35000,8.23,2.63,N,11,1
24,25977,MORTGAGE,2.4288758011993123,MEDICAL,B,10280,10.78,0.4,N,2,0
31,33442,MORTGAGE,2.809557660596484,PERSONAL,B,9017,10.46,0.27,N,5,0
43,99032,RENT,19.445306350794844,HOMEIMPROVEMENT,E,11410,18.65,0.12,N,15,0
23,79099,MORTGAGE,1.6403495356798787,MEDICAL,A,13762,7.77,0.17,N,2,0
29,39948,MORTGAGE,2.328956271191723,DEBTCONSOLIDATION,B,1421,10.75,0.04,N,3,0
52,80914,RENT,3.3791623434846065,VENTURE,B,8974,10.79,0.11,N,27,0
38,88273,RENT,4.804788379060015,HOMEIMPROVEMENT,A,14641,6.71,0.17,N,8,0
24,49594,RENT,1.8635473524377806,EDUCATION,C,3326,13.33,0.07,N,3,0
37,25300,MORTGAGE,7.662146525524944,HOMEIMPROVEMENT,A,10233,6.49,0.4,N,8,0
20,48322,RENT,0.5768399743005711,VENTURE,C,15409,13.71,0.32,N,2,0
29,51336,OWN,9.552321909265633,HOMEIMPROVEMENT,B,23857,10.78,0.46,N,8,0
37,27505,RENT,8.901334433987335,VENTURE,A,10823,8.55,0.39,N,8,0
34,66295,MORTGAGE,1.381460295957457,VENTURE,B,12712,10.74,0.19,N,8,0
37,63189,RENT,2.611939023102384,DEBTCONSOLIDATION,C,12030,13.2,0.19,Y,13,0
39,69201,MORTGAGE,0.5146784428439815,PERSONAL,B,3843,10.16,0.06,N,16,0
35,63158,MORTGAGE,5.1658516404348855,PERSONAL,A,28738,8.02,0.46,N,7,0
34,80935,RENT,6.9011972073708865,VENTURE,A,11327,6.96,0.14,N,6,0
32,49087,OWN,3.4139129965514154,DEBTCONSOLIDATION,C,8247,13.62,0.17,N,5,0
20,60535,RENT,0.0,HOMEIMPROVEMENT,B,17966,11.26,0.3,N,2,0
42,43531,MORTGAGE,3.292542824070102,EDUCATION,D,6034,17.62,0.14,Y,19,0
29,39282,MORTGAGE,4.499551461473893,PERSONAL,B,12173,11.42,0.31,N,7,1
37,113101,MORTGAGE,7.187483737437673,DEBTCONSOLIDATION,B,7814,10.08,0.07,N,9,0
41,17604,OWN,8.917832990395306,PERSONAL,B,5899,9.9,0.34,Y,7,0
25,87747,MORTGAGE,2.3137724812096323,DEBTCONSOLIDATION,B,9484,,0.11,N,5,0
26,38511,OTHER,6.001038698190438,HOMEIMPROVEMENT,D,10242,15.83,0.27,Y,4,0
27,35863,RENT,0.7046300094877778,DEBTCONSOLIDATION,B,8834,,0.25,N,5,0
45,62559,RENT,12.471173172821306,PERSONAL,A,30290,9.57,0.48,N,18,0
22,23878,MORTGAGE,2.8166203466260273,HOMEIMPROVEMENT,B,10192,10.64,0.43,N,2,0
47,34585,MORTGAGE,12.109344392349268,DEBTCONSOLIDATION,B,7616,11.5,0.22,N,13,0
32,33961,MORTGAGE,11.605137427854501,DEBTCONSOLIDATION,C,10050,13.23,0.3,N,6,0
33,47965,RENT,7.236339254129208,EDUCATION,D,13644,15.97,0.28,N,10,0
40,34812,MORTGAGE,9.719863668996663,MEDICAL,B,11775,10.62,0.34,N,11,0
31,130694,OWN,0.0,VENTURE,B,20847,10.28,0.16,N,2,0
42,145562,RENT,13.538004838224733,PERSONAL,B,10857,9.89,0.07,N,10,0
25,17816,RENT,3.1026280511899467,MEDICAL,D,2092,17.76,0.12,N,4,0
47,73084,RENT,8.698990244140305,EDUCATION,E,10252,18.78,0.14,N,22,0
25,86878,RENT,4.843228317799242,MEDICAL,E,10321,17.24,0.12,Y,2,0
47,73031,MORTGAGE,14.52971259905637,DEBTCONSOLIDATION,A,15791,7.58,0.22,N,20,0
26,37723,OWN,2.4821661531459966,DEBTCONSOLIDATION,B,2609,9.35,0.07,N,2,0
27,47370,RENT,6.693403246838422,HOMEIMPROVEMENT,A,12458,6.82,0.26,N,2,0
21,35898,MORTGAGE,4.413975554273195,MEDICAL,B,14592,10.59,0.41,N,2,0
23,42995,MORTGAGE,1.3918839558068004,MEDICAL,A,10368,7.93,0.24,N,3,0
29,27848,RENT,1.8399242740994954,VENTURE,A,13929,5.48,0.5,N,5,0
32,50861,MORTGAGE,6.98952114839719,MEDICAL,B,5353,11.87,0.11,N,6,0
41,23705,MORTGAGE,10.191131618544771,PERSONAL,B,15082,9.97,0.64,N,11,0
28,48529,MORTGAGE,3.485265833658757,MEDICAL,A,4821,7.32,0.1,N,2,0
20,27262,RENT,0.0,EDUCATION,A,6596,8.73,0.24,N,2,0
34,60703,MORTGAGE,5.0131796819904455,VENTURE,C,13245,14.87,0.22,N,7,0
32,37283,RENT,8.176769062853776,MEDICAL,A,25248,7.0,0.68,N,8,0
35,63565,RENT,9.763406706846558,EDUCATION,C,22850,14.35,0.36,N,6,0
24,98210,RENT,3.2395949093251897,VENTURE,B,11371,10.63,0.12,N,2,0
25,129857,RENT,4.009728309291514,MEDICAL,C,3395,15.62,0.03,N,5,0
24,13488,RENT,5.393107804109463,VENTURE,A,6744,6.96,0.5,N,2,0
44,34241,RENT,3.952390482751618,MEDICAL,A,7942,8.82,0.23,N,14,0
47,45857,MORTGAGE,17.493313704634307,PERSONAL,C,1614,13.03,0.04,Y,20,0
24,69785,MORTGAGE,3.3338189457994583,HOMEIMPROVEMENT,D,4763,15.14,0.07,N,2,0
24,21857,RENT,0.4936415128189849,VENTURE,A,15319,7.26,0.7,N,4,0
37,31566,RENT,11.795333122871401,PERSONAL,A,22063,6.19,0.7,N,12,0
49,58203,MORTGAGE,9.936308476887936,HOMEIMPROVEMENT,D,16652,15.26,0.29,Y,16,0
52,56765,RENT,21.294196648187018,MEDICAL,A,6984,7.24,0.12,N,26,0
24,66681,RENT,3.385702798133024,EDUCATION,A,13586,,0.2,N,2,0
26,69149,MORTGAGE,2.498924744422575,MEDICAL,D,9320,,0.13,N,4,0
33,65266,RENT,4.352548710330993,VENTURE,C,4739,14.16,0.07,N,7,0
33,60265,RENT,7.745980194547147,PERSONAL,B,11071,10.47,0.18,N,12,0
28,55862,RENT,1.2683005011774675,EDUCATION,E,12917,17.11,0.23,N,4,0
22,78090,RENT,3.6577862724652346,DEBTCONSOLIDATION,B,5347,8.79,0.07,N,3,0
29,15809,OWN,1.4807259977664904,EDUCATION,A,3904,7.08,0.25,N,9,0
52,126675,RENT,,HOMEIMPROVEMENT,C,7072,,0.06,N,26,0
25,16115,MORTGAGE,2.596600247305058,HOMEIMPROVEMENT,B,18012,10.03,1.12,N,3,1
32,29925,MORTGAGE,5.405957657542774,HOMEIMPROVEMENT,B,14234,11.8,0.48,N,7,1
64,47823,RENT,15.217964946769271,DEBTCONSOLIDATION,F,7365,20.01,0.15,Y,28,0
25,78428,RENT,0.15965490236393332,EDUCATION,A,5631,6.81,0.07,N,3,0
37,12000,MORTGAGE,2.697387944724872,PERSONAL,C,9272,13.5,0.77,N,12,0
53,53344,MORTGAGE,4.184346462141709,MEDICAL,B,4571,10.08,0.09,N,14,0
36,83768,RENT,5.918470363909997,HOMEIMPROVEMENT,A,10434,7.98,0.12,N,12,0
43,93618,RENT,17.578733859376726,MEDICAL,C,8499,13.7,0.09,N,10,0
39,36918,MORTGAGE,2.4877193614170694,MEDICAL,C,1488,14.98,0.04,N,16,0
35,45914,RENT,11.691354140249139,HOMEIMPROVEMENT,D,7595,15.77,0.17,N,5,0
46,38604,RENT,14.970214294319037,EDUCATION,D,1662,17.54,0.04,N,17,0
37,43653,RENT,9.48987530061452,EDUCATION,B,10831,11.06,0.25,N,10,0
28,30714,RENT,4.182054439346818,VENTURE,A,4352,,0.14,N,3,0
31,33220,RENT,7.23984321570076,PERSONAL,B,3011,8.91,0.09,N,4,0
34,68796,RENT,2.77044460004186,PERSONAL,B,8088,8.79,0.12,N,5,0
26,58243,MORTGAGE,3.5259325123565697,PERSONAL,A,7667,6.21,0.13,N,6,0
32,70995,MORTGAGE,7.249262688303638,DEBTCONSOLIDATION,B,11029,10.67,0.16,N,9,0
30,60943,RENT,7.983150739299283,EDUCATION,C,4475,14.1,0.07,Y,4,0
37,79808,RENT,9.907576031553631,VENTURE,B,19155,10.93,0.24,N,9,0
58,87817,MORTGAGE,5.638215323843365,PERSONAL,E,13825,18.53,0.16,N,21,1
32,20786,RENT,4.841445198617517,PERSONAL,A,19551,8.22,0.94,N,7,1
49,33864,RENT,13.591038003156829,VENTURE,B,8320,11.46,0.25,N,13,0
37,47702,RENT,4.549564044806133,EDUCATION,C,5267,13.25,0.11,N,16,0
32,53504,RENT,3.840844466950995,EDUCATION,B,22089,10.95,0.41,Y,10,0
25,37475,OWN,2.7494005696546213,EDUCATION,A,13683,7.81,0.37,N,3,0
32,89465,MORTGAGE,9.305697836913582,MEDICAL,A,7963,8.15,0.09,N,7,0
31,160969,RENT,4.340985847270929,EDUCATION,A,9080,7.76,0.06,N,2,0
23,60017,MORTGAGE,2.081210945689787,VENTURE,C,7121,13.71,0.12,N,3,0
24,56748,RENT,4.20154767076713,EDUCATION,D,15606,15.52,0.28,N,5,0
34,86439,RENT,3.009837028526284,DEBTCONSOLIDATION,A,11515,7.66,0.13,N,11,0
49,19414,RENT,3.4024304200972755,DEBTCONSOLIDATION,A,12334,7.23,0.64,N,17,1
29,55031,MORTGAGE,1.0625563430194256,VENTURE,A,4974,6.64,0.09,N,8,0
20,92824,RENT,3.124212598755321,VENTURE,A,8616,7.74,0.09,N,2,0
20,38035,RENT,0.25193798362636494,HOMEIMPROVEMENT,A,10324,6.68,0.27,N,2,0
20,27595,RENT,0.027609493618502068,VENTURE,A,3229,7.47,0.12,N,2,0
38,48913,RENT,9.886363793828801,HOMEIMPROVEMENT,B,11416,10.21,0.23,N,13,0
20,52397,MORTGAGE,0.0,EDUCATION,A,9772,7.05,0.19,N,2,0
40,32867,MORTGAGE,4.2270804864949145,DEBTCONSOLIDATION,B,14886,11.62,0.45,N,6,0
37,171594,MORTGAGE,3.1071133192875924,VENTURE,B,16261,11.81,0.09,N,14,0
29,41635,MORTGAGE,3.027938949922076,EDUCATION,C,24787,13.26,0.6,N,4,0
20,28723,OWN,0.0,HOMEIMPROVEMENT,E,10150,19.3,0.35,N,2,0
23,51457,RENT,1.7891801858796477,HOMEIMPROVEMENT,B,7595,9.23,0.15,N,2,0
27,89261,RENT,5.424604070813663,VENTURE,A,4501,6.55,0.05,N,5,0
34,54697,RENT,9.009605376417637,HOMEIMPROVEMENT,A,4008,7.45,0.07,N,9,0
20,70761,RENT,2.3219179203917495,EDUCATION,A,9010,6.65,0.13,N,2,0
47,33545,RENT,11.91679058246317,PERSONAL,B,3771,10.8,0.11,N,10,0
34,122789,RENT,4.590783778166027,EDUCATION,B,4217,10.73,0.03,N,8,0
35,73787,RENT,8.82194628944204,MEDICAL,B,9191,10.46,0.12,N,10,0
37,96397,MORTGAGE,6.419781777340285,DEBTCONSOLIDATION,A,7258,9.39,0.08,N,15,0
46,66226,OWN,5.987039236052603,MEDICAL,C,5244,13.79,0.08,N,12,0
32,85279,RENT,7.300472480229017,EDUCATION,A,7557,7.96,0.09,N,5,0
38,33517,RENT,6.182913403214842,VENTURE,A,14075,7.89,0.42,N,9,0
23,41345,MORTGAGE,0.06827588019011221,MEDICAL,C,11534,12.78,0.28,Y,3,1
52,113614,RENT,9.905672275705609,PERSONAL,A,15915,9.06,0.14,N,21,0
31,127753,RENT,5.662588483373659,EDUCATION,C,8332,12.38,0.07,N,9,0
23,28828,RENT,0.0,DEBTCONSOLIDATION,E,7121,18.73,0.25,N,2,0
25,62153,MORTGAGE,3.2083072855672903,MEDICAL,C,10004,14.1,0.16,Y,4,1
20,42743,MORTGAGE,0.0,VENTURE,A,4273,8.29,0.1,N,2,0
25,36924,MORTGAGE,0.5560723087718837,MEDICAL,B,7957,10.25,0.22,N,3,0
20,63364,RENT,0.0,PERSONAL,B,7474,11.09,0.12,N,2,0
39,101471,RENT,4.235356751588034,EDUCATION,F,32844,,0.32,Y,14,0
34,69453,RENT,1.529002876818278,VENTURE,E,17560,19.84,0.25,Y,7,0
21,45445,OWN,1.4015367489444426,MEDICAL,A,13123,,0.29,N,4,0
29,71910,MORTGAGE,8.415541797779072,DEBTCONSOLIDATION,D,11758,15.6,0.16,N,3,0
30,44445,RENT,7.326116816153831,EDUCATION,A,21029,6.99,0.47,N,10,1
20,67959,MORTGAGE,0.0,DEBTCONSOLIDATION,A,11704,7.74,0.17,N,2,0
28,116781,RENT,1.1652292423200596,EDUCATION,B,5802,9.24,0.05,N,6,0
30,17284,OWN,7.400736055069405,EDUCATION,A,5530,8.21,0.32,N,3,0
27,83993,MORTGAGE,6.626490553123556,MEDICAL,D,14275,15.52,0.17,N,7,0
23,23237,RENT,1.6616892334360946,EDUCATION,A,12903,8.54,0.56,N,2,0
21,106465,MORTGAGE,2.9592030773851814,VENTURE,C,11671,12.51,0.11,N,2,0
27,38163,RENT,2.3782124586523343,HOMEIMPROVEMENT,F,16299,20.61,0.43,Y,7,0
24,27730,RENT,6.266274282565053,EDUCATION,C,15820,13.94,0.57,N,2,0
36,79411,MORTGAGE,8.166291099467568,VENTURE,B,2822,11.03,0.04,N,13,0
47,66190,MORTGAGE,15.870264840292702,VENTURE,C,8457,13.09,0.13,N,16,0
40,31271,RENT,16.06710259114914,MEDICAL,B,12344,9.51,0.39,N,14,0
30,27196,MORTGAGE,4.392554852727336,MEDICAL,C,18488,13.13,0.68,N,7,0
24,48868,MORTGAGE,0.0,HOMEIMPROVEMENT,A,13389,8.43,0.27,N,2,0
40,27938,RENT,6.760286900146886,EDUCATION,B,14375,12.17,0.51,N,11,0
37,30217,RENT,1.6219491828145678,DEBTCONSOLIDATION,C,4678,12.2,0.15,Y,12,1
46,57733,MORTGAGE,8.62366911803705,MEDICAL,C,3546,12.91,0.06,N,16,0
32,31849,RENT,7.993369585374965,VENTURE,E,11387,17.11,0.36,Y,5,1
51,68500,MORTGAGE,12.250090325181239,VENTURE,A,7052,7.06,0.1,N,11,0
32,122955,RENT,5.796446510585131,MEDICAL,B,12513,9.99,0.1,N,2,0
24,49925,RENT,1.4865460092854499,EDUCATION,B,6283,9.54,0.13,N,3,0
25,58196,RENT,3.0962045237408846,EDUCATION,A,6939,8.83,0.12,N,3,0
36,164382,MORTGAGE,4.287631239522349,MEDICAL,A,14156,8.42,0.09,N,5,0
24,28192,MORTGAGE,2.957809468047014,DEBTCONSOLIDATION,A,9494,7.69,0.34,N,2,0
51,104315,RENT,6.557463950745697,EDUCATION,C,4600,13.41,0.04,N,17,0
35,97633,RENT,9.50261837079752,DEBTCONSOLIDATION,D,6077,16.71,0.06,N,13,0
30,86670,MORTGAGE,1.9165111623270104,MEDICAL,A,8721,6.7,0.1,N,6,0
31,110245,RENT,7.272377541497329,DEBTCONSOLIDATION,A,13099,7.69,0.12,N,9,0
27,63216,RENT,1.9412766575500888,VENTURE,A,9058,7.02,0.14,N,4,0
20,39316,RENT,0.8419075781435159,EDUCATION,B,12279,12.37,0.31,N,2,0
25,98914,RENT,2.366861667310694,HOMEIMPROVEMENT,C,8072,12.41,0.08,N,2,0
49,101018,RENT,2.4128806852366327,EDUCATION,A,17674,7.28,0.17,N,15,0
32,99500,RENT,4.061812318686863,PERSONAL,B,8616,9.46,0.09,N,2,0
42,55518,RENT,2.1498436416394595,PERSONAL,A,6784,8.1,0.12,N,13,0
42,36537,MORTGAGE,7.973970010532716,MEDICAL,E,20066,19.1,0.55,Y,12,1
29,60189,RENT,3.606597254708537,HOMEIMPROVEMENT,D,9530,15.44,0.16,N,6,0
37,90964,MORTGAGE,3.2953310803029354,DEBTCONSOLIDATION,D,12175,15.01,0.13,N,7,0
20,95167,MORTGAGE,1.1816448476223789,DEBTCONSOLIDATION,A,6739,7.19,0.07,N,2,0
48,42773,RENT,9.651205400853463,HOMEIMPROVEMENT,B,11971,9.94,0.28,N,13,0
46,64437,MORTGAGE,11.536205979203084,VENTURE,A,13063,7.55,0.2,N,19,0
35,26375,RENT,8.428192382353473,EDUCATION,B,5812,11.8,0.22,N,7,0
33,93127,RENT,6.781657562836531,DEBTCONSOLIDATION,A,14798,,0.16,N,10,0
30,35213,MORTGAGE,4.6322747203875565,VENTURE,C,8915,14.11,0.25,N,7,0
44,83440,MORTGAGE,4.6842031993374365,EDUCATION,B,14795,10.5,0.18,N,13,0
38,28792,MORTGAGE,5.336074983219678,VENTURE,B,6193,12.61,0.22,N,7,0
20,95537,MORTGAGE,0.9096710348301544,HOMEIMPROVEMENT,C,6973,13.59,0.07,N,2,0
26,64667,RENT,0.0,EDUCATION,B,10365,11.08,0.16,Y,4,0
20,35251,RENT,1.2950568580974573,DEBTCONSOLIDATION,A,5522,8.38,0.16,N,2,0
20,79240,RENT,0.0,VENTURE,B,10555,10.46,0.13,N,2,0
43,39155,MORTGAGE,10.913439384486246,EDUCATION,E,11460,18.67,0.29,Y,10,1
29,81818,MORTGAGE,7.283522766384666,DEBTCONSOLIDATION,B,10354,10.04,0.13,N,5,0
35,46594,MORTGAGE,2.9042214230758745,HOMEIMPROVEMENT,B,9977,10.51,0.21,N,5,0
31,21024,RENT,4.769580920063597,MEDICAL,D,4860,17.17,0.23,N,9,0
20,31560,RENT,0.752181300646632,MEDICAL,B,3878,11.43,0.12,N,2,0
20,42756,MORTGAGE,3.3102852201524557,VENTURE,G,9226,23.05,0.22,Y,2,0
26,114978,OWN,,DEBTCONSOLIDATION,A,2994,8.23,0.03,N,3,0
26,88932,RENT,4.598710632753315,EDUCATION,B,2669,10.47,0.03,N,6,0
26,132339,RENT,0.5988328981260009,MEDICAL,A,6918,8.26,0.05,N,5,0
27,134524,RENT,2.6024559489947596,PERSONAL,B,5456,10.38,0.04,N,4,0
57,40371,RENT,19.693659871602005,VENTURE,A,11682,6.19,0.29,N,18,0
42,48841,MORTGAGE,1.9273515787661681,MEDICAL,A,9214,8.97,0.19,N,12,0
32,43208,RENT,2.487715897983549,DEBTCONSOLIDATION,A,11424,7.34,0.26,N,11,0
29,37446,MORTGAGE,,HOMEIMPROVEMENT,A,14689,8.34,0.39,N,5,0
29,19676,RENT,5.952123378574678,HOMEIMPROVEMENT,A,17802,7.21,0.9,N,5,0
38,53738,RENT,6.853297083032984,MEDICAL,C,13787,11.35,0.26,N,10,0
29,26713,RENT,8.483462347612683,HOMEIMPROVEMENT,A,10217,7.44,0.38,N,8,0
40,53167,MORTGAGE,5.572007347723883,DEBTCONSOLIDATION,B,5190,9.03,0.1,N,12,0
34,173455,MORTGAGE,3.289202927354505,EDUCATION,A,16990,8.1,0.1,N,7,0
57,40939,RENT,13.588467571288747,PERSONAL,A,4573,7.32,0.11,N,12,0
28,60302,RENT,2.8743260982411014,EDUCATION,D,14888,16.98,0.25,N,4,0
43,89201,RENT,17.75104047097261,PERSONAL,C,18799,13.69,0.21,N,20,0
20,63206,RENT,0.0,DEBTCONSOLIDATION,C,11813,12.68,0.19,N,2,0
24,63631,MORTGAGE,0.0,DEBTCONSOLIDATION,B,5281,11.04,0.08,N,4,0
54,44385,MORTGAGE,11.694441627508493,EDUCATION,A,7211,6.25,0.16,N,21,0
40,47689,RENT,7.234303038298824,PERSONAL,A,10730,7.25,0.22,N,15,0
35,31952,MORTGAGE,0.37288714403197454,EDUCATION,B,6031,9.01,0.19,N,7,0
62,86277,MORTGAGE,13.695722488460346,HOMEIMPROVEMENT,C,2382,13.78,0.03,N,28,0
29,20789,RENT,5.990387550050557,PERSONAL,D,10135,16.2,0.49,N,7,0
43,92419,RENT,12.185784233646816,EDUCATION,A,11711,7.6,0.13,N,8,0
44,25033,MORTGAGE,11.44433603097941,EDUCATION,A,12327,6.75,0.49,N,13,0
50,91989,MORTGAGE,7.714688686451073,PERSONAL,A,7152,8.58,0.08,N,9,0
20,44596,RENT,1.747544771282173,VENTURE,C,9508,14.23,0.21,N,2,0
29,27514,MORTGAGE,,DEBTCONSOLIDATION,A,10463,7.69,0.38,N,6,0
33,74504,RENT,12.369810265379309,MEDICAL,B,3433,10.04,0.05,Y,7,0
50,90293,MORTGAGE,,PERSONAL,D,7002,15.72,0.08,N,21,0
35,42576,OWN,7.713416051213827,EDUCATION,C,9843,13.49,0.23,Y,12,0
44,80526,MORTGAGE,10.001989323287448,VENTURE,A,11637,6.62,0.14,N,18,0
20,15416,MORTGAGE,1.689992664147236,HOMEIMPROVEMENT,A,19693,8.18,1.28,N,2,1
27,26204,RENT,2.1994739893110147,PERSONAL,C,11132,14.51,0.42,Y,6,1
46,110285,MORTGAGE,11.846809056654827,EDUCATION,B,4451,11.87,0.04,N,11,0
28,47905,MORTGAGE,0.0,HOMEIMPROVEMENT,C,5764,13.23,0.12,N,3,0
30,19453,RENT,6.889848315182718,EDUCATION,A,15330,8.6,0.79,N,5,1
49,36887,MORTGAGE,13.51940571637912,PERSONAL,D,23455,17.15,0.64,N,10,0
22,32602,MORTGAGE,2.541932049168877,VENTURE,C,5096,12.99,0.16,N,2,0
24,49450,RENT,0.0,MEDICAL,D,6865,15.2,0.14,N,4,1
20,44182,RENT,0.0,EDUCATION,B,24009,11.37,0.54,Y,2,1
50,59779,MORTGAGE,15.818066096436043,EDUCATION,A,21003,7.06,0.35,N,19,0
41,52145,MORTGAGE,13.778239229512495,DEBTCONSOLIDATION,A,12923,6.91,0.25,N,17,0
41,114445,MORTGAGE,,DEBTCONSOLIDATION,D,6941,16.65,0.06,N,16,0
27,68425,MORTGAGE,1.576753521715514,VENTURE,A,4960,6.39,0.07,N,2,0
20,69683,MORTGAGE,1.156026891601441,EDUCATION,A,6644,7.14,0.1,Y,2,0
20,102830,MORTGAGE,0.0,DEBTCONSOLIDATION,A,7685,6.01,0.07,N,2,0
46,43746,RENT,9.636222398393533,VENTURE,C,7889,12.83,0.18,Y,21,0
36,27064,MORTGAGE,8.505139362574253,VENTURE,D,3402,15.47,0.13,N,12,0
38,105222,RENT,4.8228252103222955,VENTURE,C,5551,,0.05,Y,7,0
33,58379,RENT,8.963929282369794,MEDICAL,B,10005,10.16,0.17,N,10,0
23,58491,RENT,4.019381384131222,VENTURE,F,6798,18.86,0.12,Y,2,1
27,38241,RENT,2.862513400208128,PERSONAL,A,4356,6.69,0.11,N,4,0
21,38589,RENT,0.0,VENTURE,D,5207,17.08,0.13,Y,2,1
20,86309,RENT,1.1710794420971053,HOMEIMPROVEMENT,B,8392,10.74,0.1,N,2,0
40,93112,RENT,6.167850085574553,MEDICAL,B,3823,10.09,0.04,N,18,0
20,83374,RENT,0.0,PERSONAL,A,18154,6.98,0.22,N,2,0
21,83795,RENT,2.239377800876089,MEDICAL,A,3975,,0.05,N,2,0
28,74084,MORTGAGE,5.883811628513016,DEBTCONSOLIDATION,A,13469,7.57,0.18,N,5,0
31,58240,MORTGAGE,3.7929769372838176,EDUCATION,A,23251,6.6,0.4,N,6,0
20,49194,MORTGAGE,1.2043021629580286,EDUCATION,B,4254,10.07,0.09,N,2,0
20,105416,RENT,0.44786069560294783,DEBTCONSOLIDATION,A,4831,6.51,0.05,N,2,0
35,44110,MORTGAGE,10.012310719574549,EDUCATION,A,8470,6.95,0.19,N,10,0
32,66402,RENT,3.977836692871314,PERSONAL,D,7236,,0.11,Y,10,0
46,34814,RENT,19.324533887932944,HOMEIMPROVEMENT,D,15583,16.47,0.45,N,10,0
31,37698,MORTGAGE,10.201927538269205,VENTURE,E,8146,19.32,0.22,N,7,0
36,47577,MORTGAGE,3.74036105406965,EDUCATION,C,5489,13.61,0.12,Y,7,0
23,34816,MORTGAGE,1.9957218418190235,MEDICAL,C,13928,12.29,0.4,N,2,0
24,84020,MORTGAGE,2.259793984542519,DEBTCONSOLIDATION,C,7703,,0.09,N,3,0
20,25811,RENT,0.22003532171120294,MEDICAL,C,5404,13.88,0.21,N,2,0
23,57215,MORTGAGE,3.912646859052762,PERSONAL,B,5954,10.58,0.1,N,3,0
27,58272,MORTGAGE,2.544123506795514,DEBTCONSOLIDATION,A,4157,6.57,0.07,N,5,0
45,20011,MORTGAGE,14.749680969854019,VENTURE,A,2297,7.23,0.11,N,15,0
22,42507,MORTGAGE,0.22227871093602447,DEBTCONSOLIDATION,C,4415,,0.1,N,2,0
58,62357,RENT,18.87281879868039,MEDICAL,C,8258,14.25,0.13,Y,22,0
37,68583,RENT,10.212456828778464,VENTURE,B,7599,11.7,0.11,N,12,0
34,48418,RENT,3.545109691908605,PERSONAL,A,3598,6.56,0.07,N,6,0
30,78612,RENT,4.631509063529983,EDUCATION,A,5554,,0.07,N,5,0
28,51015,RENT,4.399739740585312,MEDICAL,C,12931,13.08,0.25,N,3,0
24,54584,RENT,0.0,PERSONAL,B,12360,11.76,0.23,N,2,0
20,62218,MORTGAGE,0.8888479361990731,PERSONAL,B,9676,10.79,0.16,N,2,0
22,90205,MORTGAGE,4.1106609165508825,VENTURE,A,4686,8.0,0.05,N,2,0
50,37359,MORTGAGE,17.466054805193693,DEBTCONSOLIDATION,B,15503,11.06,0.41,N,14,0
36,41450,RENT,6.292709404985646,VENTURE,E,8502,18.58,0.21,Y,12,1
50,37500,RENT,16.091052233481847,DEBTCONSOLIDATION,D,5927,16.47,0.16,N,16,0
24,45129,MORTGAGE,2.7529155566378796,DEBTCONSOLIDATION,A,4799,6.68,0.11,N,2,0
21,118708,RENT,0.0,MEDICAL,B,13585,10.4,0.11,N,2,0
30,74235,MORTGAGE,1.3756244180737565,VENTURE,A,1202,8.12,0.02,N,10,0
23,29082,OWN,3.180451180109974,PERSONAL,B,10866,10.59,0.37,N,4,0
32,38939,RENT,4.60952708449197,HOMEIMPROVEMENT,B,7021,,0.18,N,7,0
20,66504,MORTGAGE,0.13383193038838564,EDUCATION,A,16602,7.69,0.25,N,2,0
20,32906,RENT,0.58978665108162,VENTURE,C,27460,12.41,0.83,Y,2,1
34,36354,MORTGAGE,7.812249758917468,EDUCATION,B,5955,11.34,0.16,N,13,0
51,113519,RENT,9.101045349754907,MEDICAL,F,15625,18.84,0.14,Y,12,1
34,38663,RENT,4.301881574645855,PERSONAL,A,11155,7.48,0.29,N,9,0
36,91589,MORTGAGE,4.159655955996775,EDUCATION,A,10511,8.11,0.11,N,7,0
31,108058,MORTGAGE,7.9139059322132805,PERSONAL,C,3648,13.57,0.03,N,9,0
32,36192,MORTGAGE,1.0603216977499286,HOMEIMPROVEMENT,C,6692,13.12,0.18,Y,6,0
20,33207,RENT,2.8525705491833646,HOMEIMPROVEMENT,B,15285,11.38,0.46,N,2,0
23,46542,MORTGAGE,4.107751987168603,MEDICAL,E,17704,17.95,0.38,N,2,0
44,29769,MORTGAGE,2.455709710638406,DEBTCONSOLIDATION,B,20750,11.85,0.7,N,13,1
20,57905,OWN,2.5097384885057257,HOMEIMPROVEMENT,B,6712,10.33,0.12,Y,2,0
27,48382,MORTGAGE,7.400098821086036,EDUCATION,D,12159,15.8,0.25,N,6,0
44,66060,MORTGAGE,16.585887181560288,VENTURE,B,6887,11.08,0.1,N,7,0
31,116811,MORTGAGE,5.3707072100016555,HOMEIMPROVEMENT,B,10045,10.25,0.09,N,8,0
32,84932,MORTGAGE,7.0511419336765835,MEDICAL,C,12061,13.58,0.14,Y,9,0
27,70903,RENT,2.8835786620669124,HOMEIMPROVEMENT,B,7047,10.96,0.1,N,6,0
38,18373,RENT,14.380088639929637,VENTURE,A,12595,6.52,0.69,N,15,1
41,69137,MORTGAGE,5.157194697292006,EDUCATION,A,8246,7.99,0.12,N,18,0
22,139726,MORTGAGE,1.333516885679079,VENTURE,B,8986,9.15,0.06,N,2,0
20,12000,MORTGAGE,1.4668996592286732,MEDICAL,A,3684,7.49,0.31,N,2,0
20,79154,RENT,0.0,MEDICAL,D,6490,,0.08,N,2,0
35,49630,RENT,7.483895041545505,VENTURE,A,6559,6.45,0.13,N,9,0
34,33948,RENT,7.903642201218538,VENTURE,A,28763,8.85,0.85,N,10,0
63,84172,RENT,15.573525512333857,VENTURE,B,5708,,0.07,N,29,0
31,138737,RENT,5.321943023122563,EDUCATION,C,8889,12.98,0.06,N,4,0
29,82981,OWN,8.317511499386253,DEBTCONSOLIDATION,C,5779,13.61,0.07,Y,3,0
33,44171,RENT,5.337869791406978,VENTURE,B,8259,12.49,0.19,N,8,1
33,32244,MORTGAGE,5.924618043724592,DEBTCONSOLIDATION,D,9942,15.2,0.31,N,10,0
28,58661,RENT,2.432331272904399,DEBTCONSOLIDATION,B,5088,11.03,0.09,N,7,0
23,87574,OTHER,0.0,MEDICAL,B,14732,9.77,0.17,N,2,0
30,43788,MORTGAGE,5.871593572362133,EDUCATION,C,5247,13.89,0.12,Y,8,0
30,46179,RENT,9.565318049649525,HOMEIMPROVEMENT,A,3357,6.97,0.07,N,7,0
30,255786,OTHER,5.098590037078901,DEBTCONSOLIDATION,D,9483,15.87,0.04,N,8,0
39,98052,MORTGAGE,13.070960486893807,EDUCATION,B,23752,10.63,0.24,N,8,0
30,101983,RENT,4.025389230071427,PERSONAL,D,2702,17.06,0.03,Y,9,0
20,24266,MORTGAGE,0.0,EDUCATION,A,4018,6.32,0.17,N,2,0
24,36718,RENT,2.12781402772727,EDUCATION,D,14110,17.36,0.38,N,3,0
28,56447,MORTGAGE,4.376859633366391,VENTURE,C,5693,11.97,0.1,N,4,0
30,31237,OWN,5.187070965060341,EDUCATION,B,10278,10.76,0.33,N,8,0
36,130642,MORTGAGE,4.879327141391105,HOMEIMPROVEMENT,B,16080,10.55,0.12,N,11,0
31,117673,RENT,1.9974198204905056,HOMEIMPROVEMENT,E,13610,18.39,0.12,N,3,0
20,40398,RENT,0.5182955319807931,PERSONAL,B,9894,10.53,0.24,N,2,0
20,144517,RENT,2.056516649659187,EDUCATION,B,9994,,0.07,Y,2,0
36,54049,RENT,6.87254372696987,MEDICAL,C,9879,13.87,0.18,N,11,0
28,225069,RENT,5.295097600270823,MEDICAL,A,10848,7.36,0.05,N,4,0
48,58663,RENT,13.602115145570528,VENTURE,A,18192,8.06,0.31,N,21,0
31,74377,MORTGAGE,3.6770464404363015,EDUCATION,C,4570,13.32,0.06,N,8,0
26,117002,MORTGAGE,6.488671900452247,PERSONAL,A,4170,7.57,0.04,N,2,0
24,109392,RENT,1.6537769804727387,VENTURE,C,12607,14.43,0.12,N,5,0
27,71747,RENT,1.0461273240698588,HOMEIMPROVEMENT,B,6188,11.45,0.09,N,6,0
32,50129,RENT,0.0,HOMEIMPROVEMENT,B,3545,11.34,0.07,N,7,0
30,71881,RENT,7.576520512466237,PERSONAL,A,20266,6.68,0.28,N,4,1
41,34582,RENT,11.932932834109087,PERSONAL,C,10501,13.84,0.3,N,12,0
20,58904,RENT,0.656998190255627,EDUCATION,C,21542,13.87,0.37,N,2,1
20,29433,MORTGAGE,0.6396420128745893,MEDICAL,B,13454,,0.46,N,2,0
28,20343,MORTGAGE,5.4311020565694355,HOMEIMPROVEMENT,B,7819,11.13,0.38,N,6,0
36,55699,RENT,14.664650464659417,PERSONAL,A,9327,7.0,0.17,N,3,0
38,108472,MORTGAGE,9.01599288267078,EDUCATION,C,15469,13.19,0.14,N,10,0
24,90146,RENT,0.0,PERSONAL,B,3471,8.47,0.04,N,3,0
20,51789,MORTGAGE,0.0,HOMEIMPROVEMENT,A,15971,7.44,0.31,N,3,0
25,141611,RENT,0.08509472785674621,MEDICAL,C,8978,13.2,0.06,N,3,0
34,39617,RENT,9.171929797650312,EDUCATION,D,8213,15.58,0.21,N,9,0
30,18867,RENT,,HOMEIMPROVEMENT,A,26835,6.88,1.42,N,6,1
36,16315,RENT,9.617843109801022,VENTURE,C,18286,14.73,1.12,Y,12,1
44,28292,MORTGAGE,11.068684486462546,VENTURE,D,5567,13.85,0.2,Y,12,0
28,84892,OWN,2.1750974071086264,MEDICAL,F,11001,19.48,0.13,N,2,0
25,38210,MORTGAGE,0.4649739900010872,HOMEIMPROVEMENT,A,5089,9.41,0.13,N,2,0
22,69809,RENT,3.5907431663922513,DEBTCONSOLIDATION,B,12084,11.29,0.17,N,2,0
20,133981,MORTGAGE,2.297128870626973,VENTURE,E,24230,18.74,0.18,Y,2,1
20,29582,MORTGAGE,3.6973046680672326,EDUCATION,A,20161,,0.68,N,2,0
23,70486,MORTGAGE,3.345477559585898,VENTURE,B,11808,10.03,0.17,N,3,0
42,72869,MORTGAGE,4.612118344265045,EDUCATION,B,11086,9.48,0.15,N,9,0
37,33745,MORTGAGE,,EDUCATION,B,8591,,0.25,N,12,1
25,114098,MORTGAGE,3.975286301126212,VENTURE,B,25162,11.14,0.22,N,3,0
58,46247,MORTGAGE,15.748160531972879,EDUCATION,D,14654,15.45,0.32,N,12,0
24,43867,RENT,2.467607238434499,HOMEIMPROVEMENT,A,7273,6.05,0.17,N,2,0
45,173058,RENT,10.772047651441298,EDUCATION,B,9956,11.03,0.06,N,15,0
49,72223,MORTGAGE,17.806637214972984,VENTURE,B,10232,11.12,0.14,N,25,0
35,90121,MORTGAGE,6.611824111937034,EDUCATION,A,5771,8.17,0.06,N,5,0
23,114141,RENT,3.680972724885422,PERSONAL,A,10267,7.37,0.09,N,3,0
26,37882,OWN,1.4876578361788562,EDUCATION,E,12601,16.77,0.33,N,5,0
32,107731,RENT,10.007479898737923,VENTURE,B,5222,9.52,0.05,N,11,0
20,41108,RENT,0.0,DEBTCONSOLIDATION,B,16323,11.53,0.4,N,2,0
21,40153,RENT,1.2517789764485368,HOMEIMPROVEMENT,C,6367,12.42,0.16,N,3,0
20,46648,OWN,0.0,PERSONAL,A,7329,8.06,0.16,N,2,0
36,38478,RENT,4.724600539058146,EDUCATION,C,6259,12.68,0.16,N,10,0
44,85151,RENT,14.825674394025505,EDUCATION,A,5567,6.6,0.07,N,16,0
38,62753,RENT,11.434180798450479,DEBTCONSOLIDATION,C,17839,14.96,0.28,N,14,0
41,41349,MORTGAGE,14.710313884949748,MEDICAL,A,19528,,0.47,N,14,0
23,78509,MORTGAGE,1.987781118641124,VENTURE,C,6701,13.63,0.09,N,3,0
27,46567,RENT,1.0390742778720488,HOMEIMPROVEMENT,C,16796,13.11,0.36,N,3,0
27,45232,MORTGAGE,5.090389727946788,DEBTCONSOLIDATION,B,3716,11.33,0.08,Y,3,0
35,55646,OWN,3.8949030363960255,DEBTCONSOLIDATION,B,7974,9.24,0.14,N,10,1
58,69905,RENT,10.951124509311818,DEBTCONSOLIDATION,A,4417,8.47,0.06,N,26,0
24,67132,MORTGAGE,4.435729048591474,PERSONAL,D,26248,17.62,0.39,Y,3,1
40,44365,RENT,6.2382839574157245,DEBTCONSOLIDATION,A,18143,7.96,0.41,N,8,0
48,86328,RENT,,MEDICAL,B,3158,9.57,0.04,Y,19,0
35,47938,MORTGAGE,4.82921224064371,HOMEIMPROVEMENT,A,5795,8.72,0.12,N,6,0
26,37788,MORTGAGE,2.623141489057754,MEDICAL,G,8106,22.75,0.21,Y,3,1
22,24163,RENT,4.184134522825935,PERSONAL,B,9090,10.39,0.38,N,2,0
20,93036,RENT,0.3161776927720023,MEDICAL,A,4182,6.72,0.04,N,2,0
20,54546,MORTGAGE,0.3145862184376179,EDUCATION,C,13950,12.59,0.26,N,2,0
28,60838,MORTGAGE,6.003440146555157,PERSONAL,F,16766,21.42,0.28,N,7,0
27,96296,RENT,4.2332843804379605,MEDICAL,B,11352,10.44,0.12,N,3,0
40,41665,RENT,3.8973005986737683,PERSONAL,B,10917,10.43,0.26,N,8,0
24,25440,RENT,2.5054011681051738,VENTURE,A,6273,7.6,0.25,N,4,0
28,56296,RENT,4.631882011287925,VENTURE,A,7863,5.94,0.14,N,2,0
33,64175,MORTGAGE,4.3501700234014224,EDUCATION,A,10619,7.48,0.17,N,10,0
35,46884,MORTGAGE,10.980210079187017,VENTURE,B,11248,10.49,0.24,N,4,0
38,121851,RENT,8.341111830258564,DEBTCONSOLIDATION,C,9454,14.7,0.08,Y,16,0
32,13802,MORTGAGE,10.225503506663468,MEDICAL,D,15964,16.66,1.16,N,3,1
20,100311,RENT,1.638620938225458,VENTURE,C,12533,12.53,0.12,Y,2,0
34,83711,MORTGAGE,9.843729327936128,VENTURE,A,16896,7.19,0.2,N,11,0
24,69649,RENT,1.9674338772225846,DEBTCONSOLIDATION,C,10064,14.34,0.14,N,2,0
44,12000,RENT,7.746665071430106,PERSONAL,B,10029,9.46,0.84,N,18,0
30,109769,RENT,0.9929564717820734,EDUCATION,B,15175,11.86,0.14,N,4,0
32,30805,MORTGAGE,7.9988281362043745,DEBTCONSOLIDATION,B,5228,10.47,0.17,N,5,0
65,40977,RENT,11.087476402973742,DEBTCONSOLIDATION,A,34434,7.93,0.84,N,20,1
38,49324,RENT,3.0682571247545587,DEBTCONSOLIDATION,A,6259,7.15,0.13,N,12,0
34,67783,RENT,7.153769053913183,VENTURE,B,5863,,0.09,N,11,0
28,77009,RENT,,DEBTCONSOLIDATION,A,16385,6.76,0.21,N,6,0
20,88526,RENT,2.1958097007642343,VENTURE,B,12986,11.73,0.15,N,2,0
28,84856,MORTGAGE,4.865103986612345,DEBTCONSOLIDATION,B,14057,10.97,0.17,N,5,0
22,62262,RENT,0.0,DEBTCONSOLIDATION,D,10204,15.23,0.16,Y,2,1
50,68101,MORTGAGE,2.877788526469571,HOMEIMPROVEMENT,D,5394,16.56,0.08,N,22,0
34,29735,OWN,3.400561550939549,VENTURE,E,21934,19.25,0.74,N,13,1
44,35844,MORTGAGE,13.035449540822942,DEBTCONSOLIDATION,D,16017,16.87,0.45,N,6,0
24,88654,MORTGAGE,2.3229519786503223,EDUCATION,F,6753,20.73,0.08,Y,2,1
22,85859,MORTGAGE,0.0,EDUCATION,C,15268,13.64,0.18,N,2,0
37,80667,OWN,10.555560818138673,VENTURE,E,7090,17.75,0.09,Y,12,0
22,40825,RENT,0.0,PERSONAL,B,7689,11.57,0.19,N,2,0
26,89390,MORTGAGE,7.312657545867863,EDUCATION,C,8042,14.03,0.09,N,6,0
51,28604,MORTGAGE,6.164861387192343,VENTURE,A,6405,,0.22,N,24,0
26,97982,RENT,5.379732923876762,EDUCATION,C,10099,11.99,0.1,N,2,0
20,46935,RENT,0.22888928654817486,PERSONAL,D,16086,16.77,0.34,Y,2,0
20,136802,OWN,1.678337969247656,DEBTCONSOLIDATION,B,12265,10.52,0.09,N,2,0
20,23463,MORTGAGE,0.0,DEBTCONSOLIDATION,A,13992,8.16,0.6,N,2,1
45,142895,RENT,8.860367406031296,MEDICAL,B,11071,9.54,0.08,N,18,0
24,44408,MORTGAGE,3.0703954070411736,HOMEIMPROVEMENT,C,2577,14.95,0.06,N,5,0
65,43971,RENT,6.46244944701756,PERSONAL,C,29233,12.98,0.66,N,31,0
49,60304,RENT,16.36501034690166,DEBTCONSOLIDATION,B,17597,11.42,0.29,N,19,1
56,36923,MORTGAGE,16.474819159045698,PERSONAL,A,11387,7.34,0.31,N,13,0
42,52063,MORTGAGE,11.3485244634353,HOMEIMPROVEMENT,D,4981,17.48,0.1,N,15,0
36,36109,MORTGAGE,4.551804092309347,DEBTCONSOLIDATION,C,13698,13.74,0.38,N,9,0
22,36842,RENT,1.518375164846748,VENTURE,A,9664,9.01,0.26,N,2,0
30,70812,MORTGAGE,5.840697215911212,MEDICAL,C,10750,13.44,0.15,N,5,0
38,32995,RENT,12.954401427294886,PERSONAL,B,15901,9.61,0.48,N,12,0
41,35507,MORTGAGE,5.582527513513677,PERSONAL,A,11959,7.74,0.34,N,12,0
20,25462,RENT,2.2152397845798086,PERSONAL,D,19452,15.89,0.76,Y,2,0
28,41061,RENT,1.7795400935470824,MEDICAL,D,7507,15.52,0.18,Y,7,1
29,111455,MORTGAGE,0.0,VENTURE,B,3589,11.49,0.03,N,5,0
29,34021,RENT,8.32475894061362,VENTURE,A,9431,6.42,0.28,N,9,0
20,36228,MORTGAGE,4.704306099297279,DEBTCONSOLIDATION,A,7640,9.03,0.21,N,3,0
53,60274,RENT,12.003754731658255,DEBTCONSOLIDATION,D,12717,15.85,0.21,N,25,0
28,44181,RENT,4.163969895262893,EDUCATION,D,5856,,0.13,N,3,0
21,184514,RENT,1.7452733749730682,MEDICAL,B,7512,10.81,0.04,N,2,0
54,49543,MORTGAGE,7.077940769699464,EDUCATION,A,12989,7.65,0.26,N,17,0
49,65144,RENT,3.496406152906077,EDUCATION,A,8422,7.38,0.13,N,15,0
31,91041,MORTGAGE,,MEDICAL,D,16557,15.5,0.18,N,6,0
20,90085,MORTGAGE,1.7913896351457512,DEBTCONSOLIDATION,A,5927,8.55,0.07,N,2,0
25,61593,RENT,0.0,HOMEIMPROVEMENT,B,4764,10.93,0.08,N,5,0
20,49581,RENT,0.4405788294695996,VENTURE,C,13794,13.11,0.28,N,2,0
35,164919,RENT,7.29698797201035,PERSONAL,A,4294,7.82,0.03,N,12,0
25,51283,OWN,5.406944825543939,PERSONAL,A,2894,6.88,0.06,N,5,0
30,42491,RENT,2.475162687804789,HOMEIMPROVEMENT,B,4713,11.28,0.11,N,6,0
52,37978,RENT,9.125502581959266,HOMEIMPROVEMENT,C,17237,15.18,0.45,N,17,0
24,20957,RENT,0.16377560527547896,EDUCATION,C,6865,14.39,0.33,N,2,0
35,85126,MORTGAGE,6.394144209068621,MEDICAL,B,7757,9.97,0.09,N,6,0
38,14891,MORTGAGE,0.27062614450945066,EDUCATION,A,14341,,0.96,N,10,1
44,54006,OWN,15.496057277924784,PERSONAL,B,15914,10.58,0.29,N,17,0
29,48403,MORTGAGE,6.23846372996865,PERSONAL,A,14529,6.21,0.3,N,8,0
28,185717,RENT,,MEDICAL,A,13773,8.23,0.07,N,5,0
28,19783,RENT,3.492123093712147,DEBTCONSOLIDATION,B,6599,11.03,0.33,N,7,0
34,33004,MORTGAGE,0.9195838097381017,VENTURE,E,10290,18.38,0.31,N,8,0
48,50269,OWN,12.515385146150113,HOMEIMPROVEMENT,C,4268,13.27,0.08,N,19,0
27,48599,RENT,7.120022934736845,EDUCATION,C,8014,13.41,0.16,N,2,0
20,40044,RENT,2.440397045749845,EDUCATION,C,3297,14.75,0.08,N,2,0
40,51816,MORTGAGE,11.404338572069097,MEDICAL,D,16567,15.68,0.32,Y,14,0
31,27098,RENT,7.480490537224245,EDUCATION,C,7761,12.54,0.29,N,5,0
35,65937,RENT,2.3308587613710143,DEBTCONSOLIDATION,B,10117,9.87,0.15,N,9,0
20,15111,MORTGAGE,0.05208034497993075,EDUCATION,B,7140,11.29,0.47,N,2,0
25,53413,MORTGAGE,0.0,DEBTCONSOLIDATION,A,17674,6.73,0.33,N,4,0
39,38941,RENT,5.405071165794182,EDUCATION,B,4064,11.46,0.1,N,7,0
20,94746,RENT,,MEDICAL,D,4983,15.84,0.05,N,2,0
35,142261,RENT,3.653215092054403,DEBTCONSOLIDATION,B,9996,9.07,0.07,N,8,0
29,45157,OWN,8.234983576633432,HOMEIMPROVEMENT,A,10289,8.1,0.23,N,6,0
23,116412,OTHER,3.8492775726539232,VENTURE,B,16663,10.28,0.14,N,3,0
22,45530,MORTGAGE,2.134623352727836,HOMEIMPROVEMENT,B,11143,10.8,0.24,N,3,0
21,31844,RENT,3.3497052919606984,PERSONAL,D,10242,15.5,0.32,N,4,0
30,141527,RENT,0.0,VENTURE,A,6234,8.48,0.04,N,5,0
32,72144,MORTGAGE,0.5052592597724272,DEBTCONSOLIDATION,C,17728,13.86,0.25,N,8,0
26,54308,RENT,3.79280979782799,MEDICAL,C,8738,15.23,0.16,N,6,0
20,79058,MORTGAGE,2.5955634479149614,MEDICAL,F,6476,21.07,0.08,Y,2,1
35,62995,MORTGAGE,4.215965492589049,PERSONAL,B,5947,10.31,0.09,Y,11,0
40,52152,RENT,7.242791564335804,VENTURE,D,10167,15.31,0.19,Y,18,0
37,26120,OWN,4.091306566068759,EDUCATION,A,3928,6.37,0.15,N,7,0
56,46686,RENT,16.191013167127426,EDUCATION,A,4119,7.4,0.09,N,24,0
28,76327,MORTGAGE,6.15675007280648,DEBTCONSOLIDATION,B,4113,10.43,0.05,N,6,0
46,50638,RENT,12.902089700638998,PERSONAL,B,22814,11.77,0.45,N,18,0
24,88989,MORTGAGE,2.8995850197347512,VENTURE,B,19904,10.17,0.22,N,4,0
22,66903,MORTGAGE,2.3423494924289603,HOMEIMPROVEMENT,A,5637,8.31,0.08,N,2,0
31,33423,RENT,4.126475391619641,VENTURE,B,11294,10.41,0.34,N,5,1
50,26224,RENT,7.150931814273827,PERSONAL,B,14032,12.01,0.54,N,24,0
27,49689,RENT,4.455090286766791,HOMEIMPROVEMENT,B,12121,9.25,0.24,N,4,0
20,40606,RENT,2.746884326051606,DEBTCONSOLIDATION,A,4699,8.58,0.12,N,2,0
40,65184,MORTGAGE,11.997766918159073,VENTURE,D,6135,15.6,0.09,N,14,0
29,36498,RENT,,PERSONAL,B,11192,11.21,0.31,N,3,0
33,38620,RENT,3.0316111960221805,VENTURE,A,4031,,0.1,N,6,0
23,96682,RENT,,PERSONAL,C,17103,13.22,0.18,N,3,0
31,58777,MORTGAGE,5.347138726743435,MEDICAL,A,4616,6.62,0.08,N,8,0
20,36809,MORTGAGE,0.6667022101222966,VENTURE,B,10548,9.55,0.29,N,2,0
54,54704,RENT,12.98717462212448,MEDICAL,B,15143,9.82,0.28,N,19,0
42,115658,MORTGAGE,10.772283948905901,EDUCATION,D,16113,14.06,0.14,N,17,0
31,63677,MORTGAGE,1.5595715214744459,PERSONAL,F,16241,20.32,0.26,N,8,0
39,75065,RENT,15.187600437455703,DEBTCONSOLIDATION,A,6295,8.02,0.08,Y,9,0
24,35820,MORTGAGE,3.2474802005468613,EDUCATION,A,6739,7.7,0.19,N,4,0
42,95275,RENT,12.80309774468747,EDUCATION,A,11729,7.2,0.12,N,17,0
27,193872,RENT,1.6479247515346684,VENTURE,B,13776,9.79,0.07,N,7,0
26,35055,MORTGAGE,1.5742722027507232,PERSONAL,A,13437,7.04,0.38,N,2,0
21,28281,RENT,1.1732028532152285,EDUCATION,C,14301,13.73,0.51,Y,2,0
34,59667,MORTGAGE,11.076049702536642,EDUCATION,B,12555,11.16,0.21,N,5,0
30,87686,RENT,,VENTURE,B,11359,9.3,0.13,N,6,0
47,51520,RENT,10.471200805817894,DEBTCONSOLIDATION,B,6614,10.63,0.13,Y,15,0
20,30355,MORTGAGE,0.6956855211806877,EDUCATION,D,11538,16.21,0.38,Y,2,1
34,51035,MORTGAGE,4.289019314959423,MEDICAL,A,21495,6.75,0.42,N,9,0
44,75278,MORTGAGE,15.610119576994036,PERSONAL,C,8172,13.94,0.11,N,14,0
65,43309,RENT,31.75242366767572,EDUCATION,C,7734,14.25,0.18,Y,30,0
32,75658,MORTGAGE,6.920996721026786,MEDICAL,B,13166,10.04,0.17,N,5,0
26,102805,OWN,2.1750010694624904,VENTURE,B,4613,9.81,0.04,N,4,0
32,61828,RENT,8.174721415368685,HOMEIMPROVEMENT,A,10482,9.22,0.17,N,8,0
46,53349,MORTGAGE,7.511143110299638,MEDICAL,C,16726,14.14,0.31,N,16,0
46,85488,MORTGAGE,,VENTURE,C,10532,13.64,0.12,N,10,0
29,33831,RENT,8.79058935738684,VENTURE,A,10497,6.96,0.31,N,2,0
45,32045,RENT,11.624290144500037,HOMEIMPROVEMENT,B,2424,9.88,0.08,N,12,0
30,46788,RENT,3.860247091939923,EDUCATION,A,8282,7.96,0.18,Y,9,0
39,41335,OWN,5.652132957873182,PERSONAL,B,5376,9.84,0.13,N,10,0
36,34827,RENT,4.016969033160041,DEBTCONSOLIDATION,C,4400,12.81,0.13,N,9,0
26,148265,MORTGAGE,4.329353242541974,HOMEIMPROVEMENT,C,9119,13.39,0.06,N,3,0
21,178902,RENT,3.0357216494025225,PERSONAL,A,13760,8.01,0.08,Y,2,0
44,44598,MORTGAGE,7.516691841073528,MEDICAL,A,8744,8.91,0.2,N,10,0
48,56979,RENT,10.190796804787546,VENTURE,C,15379,13.69,0.27,N,7,1
34,48858,MORTGAGE,10.47894446422584,MEDICAL,A,13633,6.84,0.28,Y,7,1
30,99620,RENT,1.6402205448606682,PERSONAL,A,6844,7.29,0.07,N,7,0
20,111091,MORTGAGE,,DEBTCONSOLIDATION,B,7387,11.54,0.07,N,2,0
44,20383,MORTGAGE,12.507031250304722,DEBTCONSOLIDATION,A,2919,8.46,0.14,N,8,0
33,70389,MORTGAGE,10.028179128147412,VENTURE,C,25359,14.5,0.36,N,9,0
27,26403,RENT,2.3570272109459696,PERSONAL,A,5627,8.31,0.21,N,4,0
40,142493,RENT,3.4713653035003516,HOMEIMPROVEMENT,B,10701,12.03,0.08,N,9,0
20,69018,MORTGAGE,0.0,HOMEIMPROVEMENT,A,8976,7.67,0.13,N,2,0
21,34446,RENT,0.03868705677754858,PERSONAL,C,20893,14.1,0.61,N,2,1
23,47442,RENT,0.9564830452327086,PERSONAL,B,11501,9.85,0.24,N,3,0
35,46215,MORTGAGE,5.8431303431077435,VENTURE,C,9652,13.69,0.21,N,8,0
32,72316,RENT,5.878053618662053,EDUCATION,B,18367,10.72,0.25,N,4,0
37,96091,RENT,13.818313490302323,EDUCATION,A,10701,8.13,0.11,N,11,0
43,28810,MORTGAGE,3.4030364526526133,VENTURE,A,5961,7.0,0.21,N,8,0
37,148942,RENT,10.453577287971955,EDUCATION,G,12797,21.25,0.09,Y,7,0
54,131023,RENT,21.72153945777041,PERSONAL,B,4275,10.04,0.03,Y,26,0
43,33475,MORTGAGE,15.74703280610087,PERSONAL,B,5456,11.35,0.16,N,10,0
29,56389,RENT,9.753296222062424,VENTURE,D,7591,15.83,0.13,N,6,0
25,138821,MORTGAGE,3.0131387224699795,EDUCATION,A,4756,7.88,0.03,N,2,0
29,106735,RENT,6.145820429133121,EDUCATION,C,8082,13.02,0.08,N,2,0
38,45016,MORTGAGE,7.1670776703378,EDUCATION,A,1786,8.33,0.04,Y,14,0
26,84786,RENT,4.277804529893507,EDUCATION,A,10555,7.42,0.12,N,7,0
38,281660,RENT,3.3324689088182224,HOMEIMPROVEMENT,A,12419,7.4,0.04,N,12,0
37,57402,RENT,4.813240176632898,MEDICAL,C,7017,14.56,0.12,N,9,0
21,38255,RENT,0.7492827800104771,MEDICAL,B,3382,11.76,0.09,N,2,0
42,59565,MORTGAGE,4.490858478272106,EDUCATION,A,9509,8.58,0.16,N,10,0
34,62044,RENT,2.6274467549580223,PERSONAL,A,13614,7.24,0.22,N,11,0
53,40599,MORTGAGE,10.420890871060283,PERSONAL,A,4038,7.02,0.1,N,25,0
30,69071,OWN,0.9005267970246009,EDUCATION,D,34300,15.27,0.5,N,8,0
27,27175,MORTGAGE,5.347918498351421,HOMEIMPROVEMENT,B,10743,9.31,0.4,N,3,0
20,37569,RENT,0.0,DEBTCONSOLIDATION,D,13957,,0.37,Y,2,0
20,82210,RENT,0.11595478523799585,MEDICAL,C,29900,12.82,0.36,N,2,0
41,20636,OWN,3.305485266217855,VENTURE,C,11990,12.49,0.58,Y,7,1
51,89031,MORTGAGE,20.57659009125779,VENTURE,A,5843,6.29,0.07,N,21,0
29,17915,MORTGAGE,4.94375930921683,MEDICAL,A,6588,6.46,0.37,N,5,0
28,20905,RENT,3.745429997820686,DEBTCONSOLIDATION,B,16281,10.46,0.78,Y,5,1
31,41173,MORTGAGE,9.46687103561615,EDUCATION,B,14833,10.85,0.36,N,9,1
43,63435,MORTGAGE,3.6835698450073817,VENTURE,B,16436,10.78,0.26,Y,12,1
21,112296,RENT,3.4616250840960605,VENTURE,A,13207,7.08,0.12,N,2,0
32,55920,MORTGAGE,10.539607051162212,VENTURE,E,12199,18.22,0.22,N,9,0
41,47306,RENT,17.403667761618856,DEBTCONSOLIDATION,A,2103,7.79,0.04,N,7,0
35,74516,RENT,5.767160450753129,MEDICAL,A,14207,7.65,0.19,N,11,0
20,33557,MORTGAGE,0.0,EDUCATION,C,11822,13.95,0.35,Y,2,0
37,58493,RENT,10.882009108289454,PERSONAL,A,5090,6.73,0.09,N,12,0
35,28009,MORTGAGE,3.968877972407766,EDUCATION,A,6604,8.89,0.24,Y,14,1
46,56694,RENT,11.802699842271135,EDUCATION,A,15271,8.01,0.27,N,20,0
50,50442,RENT,4.444368339793481,VENTURE,A,30195,8.09,0.6,N,24,0
45,34809,RENT,17.96464457784863,MEDICAL,A,16791,6.65,0.48,N,18,0
31,59324,OTHER,2.450952656733288,MEDICAL,A,21892,6.63,0.37,N,5,0
20,59112,RENT,0.0,MEDICAL,B,3836,9.94,0.06,Y,2,0
58,103414,RENT,14.131896629595806,EDUCATION,B,17359,11.09,0.17,N,23,0
28,22401,MORTGAGE,4.0952549432098415,PERSONAL,B,14536,9.57,0.65,N,7,0
30,51957,RENT,4.835471422772489,EDUCATION,B,11430,10.86,0.22,N,9,0
51,35662,RENT,7.525632318231513,HOMEIMPROVEMENT,A,7364,8.67,0.21,N,22,0
23,87410,RENT,0.0,MEDICAL,A,12465,6.93,0.14,N,2,0
20,82014,RENT,0.37237099662429685,PERSONAL,D,15694,15.25,0.19,N,2,0
26,71634,RENT,3.8325140816448697,DEBTCONSOLIDATION,B,9979,,0.14,N,7,0
23,36786,RENT,2.7410103335957716,MEDICAL,A,6393,7.37,0.17,N,2,0
20,88168,RENT,,DEBTCONSOLIDATION,E,20126,19.26,0.23,N,2,0
29,23351,MORTGAGE,5.791506940678406,DEBTCONSOLIDATION,C,8356,14.31,0.36,Y,7,1
31,20859,RENT,2.533785653839421,MEDICAL,A,11650,8.14,0.56,N,6,1
20,26856,OWN,0.5996698577374853,HOMEIMPROVEMENT,E,2613,16.94,0.1,N,2,0
27,53188,MORTGAGE,2.176829089008092,EDUCATION,B,6062,10.35,0.11,N,5,0
23,78538,RENT,3.203048018009719,MEDICAL,F,17556,19.79,0.22,N,4,1
20,12000,OWN,1.7390043231920354,DEBTCONSOLIDATION,A,16839,7.82,1.4,N,2,1
31,112140,RENT,5.3040196744265735,EDUCATION,A,12397,8.22,0.11,N,4,0
32,58227,RENT,2.8641955789961324,PERSONAL,C,2907,13.1,0.05,N,9,0
23,22873,RENT,1.8452549609498896,DEBTCONSOLIDATION,A,6573,,0.29,N,3,1
42,57269,MORTGAGE,3.9796126983539963,HOMEIMPROVEMENT,A,24975,,0.44,N,8,0
30,98803,RENT,5.613037783860377,VENTURE,C,10115,13.93,0.1,N,7,0
23,75334,RENT,3.5954370294034983,HOMEIMPROVEMENT,A,15361,9.22,0.2,N,2,0
20,99160,RENT,1.0672166835318837,VENTURE,D,6444,16.73,0.06,N,2,0
33,25554,MORTGAGE,8.75488050080115,MEDICAL,B,9879,10.98,0.39,N,14,0
35,43143,RENT,8.848682553083767,VENTURE,D,6493,15.86,0.15,N,9,0
25,32578,RENT,4.8725472273676615,PERSONAL,B,7913,10.99,0.24,N,2,0
31,139339,RENT,4.032727942437251,VENTURE,B,5851,10.06,0.04,N,5,0
50,77006,MORTGAGE,19.67825087509543,PERSONAL,A,8754,8.4,0.11,N,14,0
40,259329,RENT,15.083769675080175,VENTURE,C,9001,12.92,0.03,N,16,0
20,41890,RENT,1.6819943500870598,VENTURE,A,14377,7.3,0.34,Y,2,0
23,36367,MORTGAGE,3.1681981804394326,HOMEIMPROVEMENT,A,3320,6.83,0.09,N,2,0
29,50083,RENT,4.755147632119939,VENTURE,A,4519,7.23,0.09,N,9,0
31,115623,MORTGAGE,6.829513630914606,MEDICAL,A,9955,7.13,0.09,N,7,0
32,44295,OWN,2.241064982996838,DEBTCONSOLIDATION,A,4872,5.89,0.11,N,8,0
35,58014,MORTGAGE,4.111459565913776,MEDICAL,C,5223,13.53,0.09,N,5,0
29,57135,RENT,2.9316717032862547,DEBTCONSOLIDATION,A,21594,7.11,0.38,N,2,0
30,55366,RENT,6.67590447106324,EDUCATION,A,13880,6.45,0.25,N,8,0
41,37842,RENT,16.57680304122592,MEDICAL,D,8775,15.45,0.23,N,10,0
33,50236,OWN,6.678405734352587,EDUCATION,B,6265,,0.12,N,10,0
20,49067,OWN,0.09513860037122157,EDUCATION,D,22487,14.58,0.46,Y,2,0
31,53951,RENT,5.694967558428248,PERSONAL,D,4002,15.87,0.07,N,7,0
29,91029,MORTGAGE,4.42556706730233,VENTURE,A,16330,8.42,0.18,N,5,0
20,142677,MORTGAGE,0.40644911944533646,DEBTCONSOLIDATION,E,23230,18.15,0.16,N,2,0
32,34124,RENT,5.858366109219064,VENTURE,A,9995,8.67,0.29,N,8,0
20,43669,RENT,0.6496802825678643,MEDICAL,D,12032,16.86,0.28,N,2,0
41,34414,RENT,10.067563899463828,PERSONAL,B,12419,10.79,0.36,N,16,0
34,60048,RENT,10.946794935860002,PERSONAL,B,14269,10.48,0.24,N,10,0
20,40291,MORTGAGE,0.8504525291084203,DEBTCONSOLIDATION,C,11224,13.51,0.28,N,2,0
40,61814,MORTGAGE,3.1089614112185227,PERSONAL,D,11899,16.39,0.19,N,6,0
47,99408,RENT,6.516410320722352,EDUCATION,B,6151,12.1,0.06,N,13,0
27,13504,RENT,5.240195365278013,PERSONAL,B,2825,10.9,0.21,N,6,0
28,71003,RENT,8.136743865278069,VENTURE,A,15774,8.69,0.22,N,9,0
39,42061,MORTGAGE,13.63333076229271,VENTURE,C,4639,12.57,0.11,N,13,0
45,69789,MORTGAGE,11.035386601937493,HOMEIMPROVEMENT,A,20740,7.07,0.3,Y,11,0
20,33088,MORTGAGE,0.9870188918948164,MEDICAL,C,9081,13.51,0.27,N,2,0
20,104604,MORTGAGE,2.007134034520456,PERSONAL,B,26288,11.57,0.25,N,3,0
26,89527,RENT,0.9366291687267401,MEDICAL,B,11834,9.07,0.13,N,2,0
27,74057,RENT,2.2463600480652026,EDUCATION,B,7624,12.91,0.1,N,6,0
39,83807,OTHER,16.342710880430904,VENTURE,C,13725,13.5,0.16,N,15,0
45,35950,RENT,11.820293356765482,PERSONAL,D,24615,16.94,0.68,N,17,1
47,38530,MORTGAGE,18.68446841570932,VENTURE,A,10367,,0.27,N,21,0
20,81947,RENT,0.7515405930942203,VENTURE,D,10087,15.35,0.12,N,2,0
22,35516,MORTGAGE,1.7472827743519161,DEBTCONSOLIDATION,E,9610,19.87,0.27,Y,2,1
20,119982,MORTGAGE,1.440845945455116,EDUCATION,C,7541,13.35,0.06,N,2,0
24,45343,MORTGAGE,0.8604313276655231,MEDICAL,D,11279,15.42,0.25,N,2,0
22,71399,MORTGAGE,4.2062245144511685,DEBTCONSOLIDATION,C,12208,13.81,0.17,N,2,0
34,171886,RENT,2.7338198579359005,HOMEIMPROVEMENT,A,26044,7.98,0.15,N,11,0
36,36738,MORTGAGE,5.490915068807914,VENTURE,B,7629,10.77,0.21,N,9,0
30,56264,RENT,,DEBTCONSOLIDATION,C,22181,,0.39,Y,4,0
29,96741,MORTGAGE,0.0,EDUCATION,D,12615,16.3,0.13,N,6,0
26,91418,RENT,4.538046117615237,MEDICAL,B,13795,11.49,0.15,N,2,0
27,45238,MORTGAGE,3.1755179692428275,DEBTCONSOLIDATION,C,6994,13.55,0.15,N,8,0
49,40773,RENT,3.1885069832696296,HOMEIMPROVEMENT,C,9163,12.98,0.22,Y,21,0
38,47656,RENT,1.5382625799689986,MEDICAL,A,8208,8.08,0.17,N,8,0
27,120129,RENT,1.4411453249010924,EDUCATION,A,14525,5.53,0.12,N,3,0
29,46466,OWN,6.606867872056512,EDUCATION,C,5542,13.98,0.12,N,5,0
35,56554,RENT,3.5383759484771033,MEDICAL,A,5359,8.71,0.09,N,8,0
20,42841,RENT,1.1901987729011574,DEBTCONSOLIDATION,A,2394,8.11,0.06,N,2,0
31,79861,RENT,2.178256530525654,VENTURE,B,13832,9.23,0.17,N,8,0
37,59014,RENT,4.702062784586385,VENTURE,C,4576,14.65,0.08,N,12,0
35,31198,RENT,8.640213729551897,PERSONAL,B,9819,10.06,0.31,N,12,0
22,31797,MORTGAGE,0.0,HOMEIMPROVEMENT,D,2364,16.16,0.07,N,2,0
24,18047,RENT,0.5579332050554575,EDUCATION,A,4115,8.53,0.23,N,5,0
20,34295,MORTGAGE,0.9443713958331039,PERSONAL,A,9973,7.01,0.29,N,3,0
38,83840,RENT,9.192895476242605,HOMEIMPROVEMENT,B,9638,10.61,0.11,N,15,0
57,112203,RENT,24.850679171412725,MEDICAL,C,7198,12.46,0.06,N,23,0
21,78988,MORTGAGE,2.2890311176491323,DEBTCONSOLIDATION,B,12254,10.35,0.16,N,2,0
43,73500,RENT,12.30707141087711,PERSONAL,A,6947,6.57,0.09,N,15,0
55,50534,RENT,23.68475638561951,EDUCATION,C,15571,13.89,0.31,N,16,0
25,82967,RENT,2.2939159984799122,MEDICAL,C,17561,12.34,0.21,N,4,0
29,63414,RENT,6.0057947633184146,PERSONAL,A,18124,7.43,0.29,N,3,0
33,146158,MORTGAGE,2.0600953168000564,VENTURE,A,9910,,0.07,N,9,0
35,51320,MORTGAGE,0.8509026399374586,VENTURE,B,13473,9.93,0.26,N,6,0
33,113397,MORTGAGE,0.5936542074349414,MEDICAL,A,9891,8.38,0.09,N,10,0
26,87619,RENT,1.549822475210876,PERSONAL,B,12634,9.64,0.14,Y,5,0
37,81185,RENT,8.094605192990908,MEDICAL,A,10177,7.07,0.13,N,8,0
26,17920,RENT,3.465180968747322,VENTURE,A,10757,7.65,0.6,N,6,0
34,90314,MORTGAGE,6.597121376642295,MEDICAL,B,21280,11.01,0.24,N,6,0
30,50507,RENT,1.190644482896881,PERSONAL,A,2933,6.06,0.06,N,3,0
20,42439,RENT,0.0,EDUCATION,A,11014,7.36,0.26,N,2,0
45,23966,MORTGAGE,16.720412067948946,MEDICAL,C,10972,14.11,0.46,N,14,0
24,54010,RENT,0.41093013984728843,MEDICAL,A,6816,8.83,0.13,N,3,0
46,55185,OWN,,EDUCATION,C,13267,13.53,0.24,N,19,0
42,26458,RENT,14.486042871860318,MEDICAL,C,9611,12.38,0.36,N,9,1
32,24093,MORTGAGE,6.829045419603847,PERSONAL,A,7305,7.49,0.3,N,5,0
36,70801,RENT,9.689185033894498,DEBTCONSOLIDATION,A,10693,7.11,0.15,N,7,0
37,87503,MORTGAGE,11.20875000642356,PERSONAL,B,21931,10.77,0.25,Y,7,0
28,60153,RENT,5.643546995877323,VENTURE,A,30842,8.97,0.51,N,3,1
28,102023,RENT,5.368968527961384,EDUCATION,B,8739,9.56,0.09,N,3,0
36,51662,RENT,1.354586732172736,HOMEIMPROVEMENT,C,8214,14.38,0.16,N,8,0
30,52580,OTHER,3.820854867700638,EDUCATION,A,9563,8.22,0.18,N,8,0
26,32716,OWN,1.4277966538336861,PERSONAL,B,3612,11.02,0.11,N,2,0
23,22968,RENT,2.938336202588223,HOMEIMPROVEMENT,D,8994,16.21,0.39,Y,3,1
34,150251,MORTGAGE,4.64038155016799,PERSONAL,A,2868,9.16,0.02,N,10,0
24,100933,MORTGAGE,1.372961471852308,MEDICAL,A,2850,8.53,0.03,N,4,0
40,25187,RENT,4.49274247773456,MEDICAL,B,6047,10.03,0.24,N,14,0
41,59021,RENT,14.285794839465792,EDUCATION,E,12678,18.54,0.21,Y,9,1
35,51275,OWN,11.468397708350189,PERSONAL,A,5516,6.63,0.11,N,14,0
38,46597,RENT,8.91869646858134,PERSONAL,B,11439,11.61,0.25,N,6,0
35,43262,RENT,8.89925724523832,PERSONAL,A,8260,7.54,0.19,N,8,0
39,66816,RENT,7.7286994289949815,EDUCATION,B,6872,8.96,0.1,N,8,0
38,84965,RENT,6.1869724958385435,DEBTCONSOLIDATION,A,16000,5.53,0.19,N,10,0
34,67596,MORTGAGE,8.658354263363016,DEBTCONSOLIDATION,B,10368,10.05,0.15,N,8,0
42,50701,RENT,3.6537680118400546,EDUCATION,B,12342,9.83,0.24,N,18,0
28,49688,RENT,0.0,MEDICAL,E,8215,18.15,0.17,Y,4,1
23,90694,RENT,0.6483527745051736,PERSONAL,C,14830,13.33,0.16,N,4,0
22,69905,RENT,1.4727504628164974,VENTURE,C,4830,14.54,0.07,N,3,1
27,56386,RENT,4.216722603949179,EDUCATION,A,17966,8.64,0.32,N,4,0
20,53117,MORTGAGE,0.4196506216938626,EDUCATION,A,1935,9.29,0.04,N,2,0
32,65506,RENT,3.09682972207425,DEBTCONSOLIDATION,B,2166,11.87,0.03,N,12,0
37,41873,MORTGAGE,4.48013012516599,EDUCATION,B,7231,11.0,0.17,N,14,0
41,85122,RENT,5.5601243533330855,EDUCATION,B,8167,,0.1,Y,19,0
20,29979,RENT,0.0,DEBTCONSOLIDATION,A,8005,8.14,0.27,N,2,0
23,43204,RENT,0.0,PERSONAL,B,5536,9.24,0.13,N,2,0
39,75819,MORTGAGE,11.428673918531585,PERSONAL,A,22626,7.77,0.3,N,9,0
28,29054,MORTGAGE,5.479047506949691,VENTURE,B,9323,,0.32,N,8,0
37,22807,RENT,9.600548134959132,PERSONAL,A,18155,9.05,0.8,N,13,1
20,56088,RENT,1.1004585076713678,PERSONAL,D,3057,16.31,0.05,N,2,0
46,21310,MORTGAGE,14.183224393067045,HOMEIMPROVEMENT,A,5704,7.34,0.27,N,9,0
20,26520,RENT,0.0,MEDICAL,D,4845,15.64,0.18,N,2,0
20,82135,MORTGAGE,0.0,MEDICAL,D,2676,15.97,0.03,N,2,0
32,48405,RENT,5.19912730918777,EDUCATION,C,10859,12.92,0.22,N,6,0
32,109866,MORTGAGE,4.698369116545731,PERSONAL,F,7090,20.24,0.06,N,9,0
25,27927,MORTGAGE,,VENTURE,A,4066,5.9,0.15,N,3,0
35,51447,RENT,9.778388328804528,EDUCATION,B,6026,9.76,0.12,Y,12,0
35,67492,MORTGAGE,11.86029585243681,MEDICAL,C,13595,12.57,0.2,N,9,0
34,28458,RENT,4.679019814710703,EDUCATION,A,19917,7.92,0.7,N,8,1
25,95556,RENT,0.0,MEDICAL,B,7233,10.53,0.08,N,2,0
23,71744,RENT,1.5188316332671716,HOMEIMPROVEMENT,B,6452,11.19,0.09,N,2,0
26,22356,RENT,0.9625920587880059,PERSONAL,B,7510,10.16,0.34,N,3,0
22,53063,RENT,0.0,EDUCATION,D,6239,16.09,0.12,N,2,0
43,66988,OWN,14.280840126130212,MEDICAL,B,6494,8.87,0.1,N,18,0
27,39162,MORTGAGE,5.787147911014574,EDUCATION,A,20975,8.23,0.54,N,4,0
31,24006,RENT,9.462653927467972,PERSONAL,D,13958,17.01,0.58,N,9,0
39,63142,MORTGAGE,14.015606033974628,VENTURE,A,15133,8.02,0.24,N,7,0
22,182806,RENT,3.474016035815066,HOMEIMPROVEMENT,D,5475,15.3,0.03,Y,4,0
20,43789,MORTGAGE,0.0,DEBTCONSOLIDATION,E,13519,18.94,0.31,Y,2,0
22,128422,RENT,0.38940982646928646,VENTURE,D,8450,16.14,0.07,Y,3,1
33,35819,MORTGAGE,7.074064054777053,DEBTCONSOLIDATION,C,5021,11.93,0.14,N,9,0
32,60995,MORTGAGE,3.5018980674683964,PERSONAL,C,28081,14.49,0.46,Y,9,1
34,82812,MORTGAGE,3.6661312261946093,MEDICAL,C,12019,,0.15,N,5,0
29,53926,RENT,0.9566625985866994,VENTURE,B,20675,10.96,0.38,N,2,0
20,45993,RENT,5.323197700986425,VENTURE,A,16909,7.52,0.37,N,2,0
28,80770,RENT,2.0193724918567564,VENTURE,A,2909,8.58,0.04,N,6,0
41,153322,RENT,12.69340707994001,EDUCATION,C,5567,12.81,0.04,N,16,0
44,63915,RENT,5.378257026795339,MEDICAL,B,13495,10.1,0.21,N,9,0
31,40788,MORTGAGE,1.1578747724160525,MEDICAL,B,7976,11.05,0.2,N,9,0
32,48807,MORTGAGE,6.870674879641309,EDUCATION,C,12132,13.02,0.25,N,5,0
37,216606,RENT,14.956628490248557,HOMEIMPROVEMENT,C,16638,14.64,0.08,N,13,0
44,58349,RENT,7.580112788591058,PERSONAL,C,2823,12.89,0.05,Y,8,0
30,39068,MORTGAGE,0.31025540402137475,PERSONAL,A,11624,7.97,0.3,N,9,0
36,28860,MORTGAGE,7.717717422251416,PERSONAL,B,7057,10.5,0.24,N,11,0
25,19845,RENT,3.810085014486847,PERSONAL,A,14301,6.97,0.72,N,4,1
20,66169,RENT,3.2767225416644514,HOMEIMPROVEMENT,B,18144,,0.27,N,2,0
25,77656,MORTGAGE,5.071245244439763,VENTURE,A,9309,6.66,0.12,N,4,0
47,43556,MORTGAGE,8.543270541618428,PERSONAL,C,8648,13.93,0.2,N,18,0
37,53732,RENT,6.159330193120022,MEDICAL,A,12008,5.5,0.22,N,14,0
20,28459,MORTGAGE,0.0,DEBTCONSOLIDATION,A,14168,7.76,0.5,N,2,0
37,58285,MORTGAGE,9.662662729176466,DEBTCONSOLIDATION,C,25210,14.48,0.43,Y,12,0
20,70602,RENT,1.5745996766591022,HOMEIMPROVEMENT,A,2221,7.38,0.03,N,2,0
34,40362,MORTGAGE,10.302369350946137,EDUCATION,C,24441,13.67,0.61,N,12,0
21,137276,RENT,0.04846086943027783,MEDICAL,D,17144,17.36,0.12,N,4,0
20,34186,MORTGAGE,0.0,EDUCATION,B,20538,11.35,0.6,N,2,0
50,63317,MORTGAGE,13.640591576635373,VENTURE,C,9216,11.72,0.15,N,17,0
27,86385,RENT,1.1425251956332003,VENTURE,C,7716,13.06,0.09,Y,2,0
36,51921,MORTGAGE,8.684410796381705,MEDICAL,A,3214,7.27,0.06,N,14,0
30,48841,MORTGAGE,1.6543440496076105,PERSONAL,B,6505,10.75,0.13,Y,4,0
21,24689,OWN,2.582409956694524,MEDICAL,A,13561,7.45,0.55,N,2,0
28,114294,RENT,2.854825088710384,DEBTCONSOLIDATION,A,6416,7.08,0.06,N,4,0
21,49343,RENT,1.165783670692813,EDUCATION,A,10271,7.03,0.21,N,2,0
62,72805,OWN,27.45731737230504,MEDICAL,B,12530,,0.17,N,33,0
39,78432,MORTGAGE,10.01625269559902,PERSONAL,C,14494,12.69,0.18,N,13,0
30,38347,OWN,8.850832347980646,PERSONAL,D,27344,16.67,0.71,N,7,0
36,48599,RENT,7.984438960017046,EDUCATION,B,10174,9.66,0.21,N,6,0
38,112866,RENT,10.56385458762118,DEBTCONSOLIDATION,B,13994,9.86,0.12,N,9,0
38,29305,RENT,4.996326184125351,PERSONAL,C,8128,12.33,0.28,Y,15,0
37,174617,MORTGAGE,11.016554656306875,DEBTCONSOLIDATION,C,5038,13.81,0.03,N,11,0
36,35965,MORTGAGE,4.114330976465633,DEBTCONSOLIDATION,A,6916,8.27,0.19,N,5,0
31,28318,MORTGAGE,6.390011816463016,VENTURE,A,8937,8.43,0.32,N,7,0
49,58265,RENT,7.710997031261867,HOMEIMPROVEMENT,B,12505,10.19,0.21,N,17,0
32,182515,RENT,6.282124568377548,DEBTCONSOLIDATION,B,24686,10.45,0.14,N,5,0
30,18938,MORTGAGE,5.379787075616915,HOMEIMPROVEMENT,C,9701,13.52,0.51,N,4,1
32,50133,MORTGAGE,6.434612499452865,DEBTCONSOLIDATION,B,7362,10.17,0.15,N,6,0
32,70399,MORTGAGE,9.709669241546848,DEBTCONSOLIDATION,A,7332,7.76,0.1,N,9,0
20,55188,RENT,2.0412845836775566,VENTURE,A,11551,8.41,0.21,N,2,0
22,66839,RENT,1.762091734146426,MEDICAL,D,11391,16.8,0.17,N,2,0
29,36500,RENT,9.372999207963742,HOMEIMPROVEMENT,A,10918,7.37,0.3,N,3,0
20,38954,MORTGAGE,1.8161455162518598,PERSONAL,A,9184,7.07,0.24,N,2,0
30,49929,RENT,7.745621336017571,MEDICAL,C,14875,12.58,0.3,N,8,0
32,29101,OWN,3.6655639284600974,MEDICAL,C,2656,12.11,0.09,N,10,0
20,52861,MORTGAGE,0.0,PERSONAL,B,13455,10.94,0.25,N,2,0
24,43747,RENT,0.0,VENTURE,B,7726,10.5,0.18,N,4,0
45,41834,RENT,17.790472713486526,EDUCATION,E,12203,18.51,0.29,N,15,0
36,64619,MORTGAGE,4.22658183253735,EDUCATION,A,13264,9.46,0.21,N,9,0
35,19903,RENT,7.231666705637663,DEBTCONSOLIDATION,B,7260,11.77,0.36,N,7,0
43,47762,RENT,11.198637057119946,MEDICAL,B,29446,10.53,0.62,N,7,1
22,193792,OWN,3.7620490952689107,VENTURE,A,5511,7.67,0.03,N,2,0
20,29811,MORTGAGE,0.0,DEBTCONSOLIDATION,B,19361,9.61,0.65,N,2,1
41,109866,MORTGAGE,,DEBTCONSOLIDATION,C,9135,14.02,0.08,N,18,0
29,55829,RENT,1.2257328929388747,EDUCATION,B,16121,10.68,0.29,N,6,0
22,38885,MORTGAGE,0.1716666223622174,EDUCATION,D,3387,15.29,0.09,Y,4,0
57,26203,RENT,24.577178736942173,PERSONAL,B,12925,10.7,0.49,N,21,0
20,58502,RENT,0.0,DEBTCONSOLIDATION,C,9558,14.33,0.16,N,2,0
32,120495,RENT,2.256965327224294,EDUCATION,C,13562,15.15,0.11,N,4,0
28,43736,RENT,4.261553808807932,MEDICAL,C,13526,12.29,0.31,Y,3,0
26,51816,OWN,,DEBTCONSOLIDATION,C,15488,12.58,0.3,Y,5,0
20,94438,MORTGAGE,1.466298906507693,HOMEIMPROVEMENT,C,19156,13.42,0.2,N,2,0
49,65347,MORTGAGE,10.069706234147734,VENTURE,B,21939,10.68,0.34,N,9,0
20,22816,OWN,,EDUCATION,B,3988,11.84,0.17,N,2,0
27,57204,RENT,3.8290825823565875,MEDICAL,A,3123,8.48,0.05,N,5,0
26,124458,RENT,4.5551088444518255,MEDICAL,C,7605,11.84,0.06,N,4,0
36,53086,MORTGAGE,0.40152355924351646,MEDICAL,A,11073,7.16,0.21,N,8,0
20,12000,MORTGAGE,2.7636934706186977,VENTURE,B,7781,9.29,0.65,N,2,1
35,67071,RENT,8.691067337157918,PERSONAL,A,16236,6.46,0.24,Y,9,0
32,48574,RENT,8.975176196744133,EDUCATION,C,20884,13.97,0.43,N,6,1
24,19811,RENT,3.8691702620357784,DEBTCONSOLIDATION,E,14991,18.61,0.76,N,3,1
34,21513,RENT,5.999343223792207,PERSONAL,C,4323,14.83,0.2,Y,10,0
30,92624,RENT,6.353840073276228,PERSONAL,B,19487,9.37,0.21,N,7,0
52,36213,RENT,10.792053312650616,HOMEIMPROVEMENT,B,7066,10.48,0.2,N,26,0
28,32888,RENT,4.914402661295697,PERSONAL,B,2364,10.07,0.07,N,7,0
21,53124,RENT,2.3790471301792238,HOMEIMPROVEMENT,A,4907,8.76,0.09,N,2,0
35,38013,RENT,11.52565236868261,MEDICAL,B,16083,9.78,0.42,N,8,0
27,57241,OWN,1.7677394765739738,MEDICAL,B,13708,10.67,0.24,N,6,0
30,48460,OWN,3.9228732024570943,VENTURE,D,9913,14.89,0.2,N,8,0
20,28001,MORTGAGE,1.0487290616358946,VENTURE,B,8167,11.66,0.29,N,2,0
36,40898,OWN,0.639531079513211,MEDICAL,B,4579,11.97,0.11,N,11,0
25,69114,OTHER,5.478080948610786,PERSONAL,D,7507,15.44,0.11,N,2,0
33,55439,RENT,1.3719283538974372,EDUCATION,B,3894,9.85,0.07,N,7,0
57,51788,RENT,18.003121692189016,PERSONAL,A,13658,7.71,0.26,N,29,0
27,157245,OWN,0.803623391659593,VENTURE,B,15905,9.85,0.1,N,3,0
38,80989,MORTGAGE,7.5631726587483215,PERSONAL,B,14045,11.42,0.17,N,8,0
28,86581,RENT,6.7652972643360805,VENTURE,C,16644,13.86,0.19,Y,3,0
24,49450,MORTGAGE,2.9877546462933116,HOMEIMPROVEMENT,A,10793,8.51,0.22,N,2,0
46,61149,RENT,19.997730341223694,MEDICAL,C,16239,12.64,0.27,N,8,0
20,42740,RENT,1.8828674810683017,HOMEIMPROVEMENT,D,1602,,0.04,N,2,0
41,83087,RENT,4.23443961637387,EDUCATION,B,9362,10.79,0.11,N,14,0
20,50984,RENT,0.43207917811403285,PERSONAL,A,13843,8.85,0.27,N,2,0
40,61224,RENT,11.688170897410407,VENTURE,B,6960,9.75,0.11,N,8,0
30,59179,MORTGAGE,8.01766774988413,DEBTCONSOLIDATION,B,8999,10.87,0.15,N,8,0
21,53637,RENT,0.0627154885794432,DEBTCONSOLIDATION,B,9130,9.97,0.17,N,2,0
26,272666,RENT,0.0,DEBTCONSOLIDATION,B,10166,11.35,0.04,N,4,0
37,37547,RENT,15.683634284930932,EDUCATION,B,5769,9.79,0.15,N,14,0
55,37360,MORTGAGE,11.044740800657863,DEBTCONSOLIDATION,D,9167,16.22,0.25,Y,13,0
20,79360,OTHER,1.0628320179538124,MEDICAL,B,15877,11.4,0.2,N,2,0
21,39052,RENT,2.2116157527778344,EDUCATION,A,4506,6.42,0.12,N,2,0
20,46153,RENT,0.11095049858233802,MEDICAL,D,5962,16.48,0.13,N,2,0
28,29806,RENT,7.304365892031681,VENTURE,A,9670,7.21,0.32,N,2,0
40,70994,MORTGAGE,5.2710752955490365,DEBTCONSOLIDATION,A,13679,8.18,0.19,N,10,0
20,71492,RENT,2.862306261162803,MEDICAL,D,4523,16.3,0.06,N,2,0
30,45553,RENT,2.845441885218251,EDUCATION,A,6847,7.17,0.15,N,5,0
40,80269,RENT,14.15558239305658,PERSONAL,A,21716,7.42,0.27,N,5,0
26,19497,RENT,1.0895838520121035,HOMEIMPROVEMENT,B,10328,9.03,0.53,Y,2,1
20,36725,OWN,0.16440616911536,PERSONAL,A,13209,8.2,0.36,N,2,0
32,49341,RENT,6.362757048475555,PERSONAL,B,16721,12.02,0.34,N,8,1
44,28431,RENT,9.248838519144499,PERSONAL,B,10360,10.07,0.36,N,17,0
20,20706,MORTGAGE,1.170978581335262,DEBTCONSOLIDATION,B,4622,10.47,0.22,N,2,0
20,45736,MORTGAGE,2.870724756099005,HOMEIMPROVEMENT,A,8588,8.76,0.19,N,2,0
33,79356,RENT,2.1383028928045036,VENTURE,D,13658,14.56,0.17,Y,7,1
34,109662,OWN,6.711418055511018,VENTURE,A,14421,7.9,0.13,N,4,0
25,40094,MORTGAGE,2.4556265943221858,DEBTCONSOLIDATION,B,7086,11.84,0.18,N,3,0
23,81086,RENT,2.713078106871958,HOMEIMPROVEMENT,D,6660,,0.08,N,4,0
30,76887,RENT,2.102625436856698,EDUCATION,B,6647,10.07,0.09,N,8,0
20,105898,RENT,1.2727722271110937,PERSONAL,A,14503,8.56,0.14,N,2,0
20,44685,RENT,,DEBTCONSOLIDATION,A,7411,6.63,0.17,N,2,0
37,20147,RENT,5.711388144625738,VENTURE,E,2778,19.19,0.14,N,13,0
20,56308,MORTGAGE,0.0,VENTURE,C,8134,13.8,0.14,N,2,0
20,31020,MORTGAGE,0.3282528239769265,PERSONAL,D,13505,16.91,0.44,N,2,0
23,36390,RENT,1.6657680604549667,MEDICAL,C,16158,13.4,0.44,N,2,0
25,45905,RENT,4.537413675989763,MEDICAL,B,6948,,0.15,N,3,0
35,44962,RENT,5.872985251193516,HOMEIMPROVEMENT,A,9602,7.19,0.21,N,12,0
24,58562,MORTGAGE,4.419936068116679,PERSONAL,D,9327,14.82,0.16,N,4,0
47,79756,MORTGAGE,16.91935447833402,DEBTCONSOLIDATION,B,8634,9.27,0.11,N,11,0
31,44255,RENT,2.616895072025802,DEBTCONSOLIDATION,B,8606,9.63,0.19,Y,5,0
22,67348,MORTGAGE,3.5883734658050392,PERSONAL,B,2835,11.04,0.04,N,2,0
34,54619,RENT,1.5453420852312831,DEBTCONSOLIDATION,A,12546,6.9,0.23,N,9,0
47,90628,MORTGAGE,13.941707869883011,MEDICAL,A,16409,7.48,0.18,N,15,0
37,48838,RENT,5.010038388123643,PERSONAL,B,8757,10.57,0.18,N,10,0
20,51874,RENT,1.0498305767607887,PERSONAL,A,5292,6.88,0.1,Y,2,1
26,44094,RENT,0.0,PERSONAL,A,11977,7.63,0.27,N,3,0
32,49551,MORTGAGE,6.8808479691435664,EDUCATION,B,24605,,0.5,N,10,0
37,35209,MORTGAGE,1.8599861120352466,MEDICAL,B,11759,10.53,0.33,N,13,0
28,33341,OWN,5.381258659142164,MEDICAL,A,10678,8.23,0.32,N,9,1
27,83006,RENT,4.971010240703391,PERSONAL,A,5574,7.2,0.07,N,4,0
52,29858,RENT,10.649380236496455,HOMEIMPROVEMENT,E,3007,18.71,0.1,N,12,1
37,45455,RENT,6.257709514376799,HOMEIMPROVEMENT,A,9117,7.58,0.2,N,16,0
34,94697,MORTGAGE,10.8419412813628,MEDICAL,A,11808,8.36,0.12,N,10,0
24,44623,MORTGAGE,0.5533325398344493,MEDICAL,A,19331,7.84,0.43,N,7,0
20,85460,MORTGAGE,0.0,EDUCATION,A,10437,6.99,0.12,N,2,0
35,39140,MORTGAGE,8.593866919480618,VENTURE,B,3480,10.89,0.09,N,10,0
39,30389,MORTGAGE,14.688014490484665,DEBTCONSOLIDATION,D,5637,15.23,0.19,N,14,1
30,22535,OWN,2.6859435299561336,HOMEIMPROVEMENT,B,10889,,0.48,N,6,0
37,111524,RENT,9.884767552987352,MEDICAL,C,10862,13.48,0.1,N,12,0
38,28990,MORTGAGE,6.675389074330644,MEDICAL,D,14298,16.12,0.49,Y,13,1
39,81711,OWN,3.0589747339371853,MEDICAL,A,6117,7.47,0.07,N,14,0
20,31257,RENT,0.6192817770842945,MEDICAL,B,19655,10.01,0.63,N,2,0
26,111810,MORTGAGE,3.9639471141995055,DEBTCONSOLIDATION,B,12398,9.91,0.11,N,3,0
35,182358,RENT,3.049958674490887,PERSONAL,B,6009,11.36,0.03,N,10,0
30,21427,RENT,7.124987662076209,DEBTCONSOLIDATION,C,8428,15.01,0.39,N,5,0
38,29833,MORTGAGE,12.089910555757255,PERSONAL,C,4640,13.72,0.16,N,15,0
34,82886,RENT,12.110684019956153,MEDICAL,B,14214,10.53,0.17,N,11,0
20,71838,RENT,1.099467793348449,MEDICAL,A,17496,6.52,0.24,N,2,0
43,83059,MORTGAGE,14.05879709279333,EDUCATION,A,23081,6.09,0.28,N,12,0
25,39514,RENT,3.9749724328143277,DEBTCONSOLIDATION,B,9436,9.21,0.24,N,4,0
22,161642,RENT,0.0,DEBTCONSOLIDATION,A,11132,7.92,0.07,N,2,0
42,57810,MORTGAGE,13.078905062681855,DEBTCONSOLIDATION,C,10609,,0.18,N,14,0
37,27741,RENT,5.134742490637014,EDUCATION,B,16968,,0.61,N,8,0
44,47134,RENT,15.74661610910826,DEBTCONSOLIDATION,C,6442,12.62,0.14,Y,9,1
33,27946,RENT,9.667140852590556,EDUCATION,B,8432,10.63,0.3,N,7,0
26,129964,RENT,,EDUCATION,C,11390,13.17,0.09,N,5,0
31,37677,RENT,7.858908639229545,VENTURE,D,16427,15.15,0.44,N,7,0
20,71030,MORTGAGE,4.443141020226004,VENTURE,C,18689,12.39,0.26,N,2,0
20,41819,RENT,1.3102690528864578,DEBTCONSOLIDATION,B,15534,9.12,0.37,N,2,0
24,38620,RENT,5.656944539837508,PERSONAL,A,8854,6.63,0.23,N,4,0
49,18946,OWN,12.548649843409981,EDUCATION,B,13182,12.28,0.7,N,16,0
25,75281,MORTGAGE,1.3750728011151634,MEDICAL,B,9863,11.54,0.13,N,2,0
20,110696,RENT,0.4380152965465567,MEDICAL,E,7374,18.65,0.07,N,2,0
28,32735,MORTGAGE,5.569640422990836,EDUCATION,B,10551,10.21,0.32,N,5,0
25,23158,MORTGAGE,4.8755508459899,MEDICAL,B,32511,10.03,1.4,N,2,1
43,84273,MORTGAGE,14.879526174790149,PERSONAL,C,6361,13.59,0.08,N,13,0
47,21907,MORTGAGE,,MEDICAL,B,6799,,0.31,N,23,1
26,105952,RENT,4.284531568568385,DEBTCONSOLIDATION,B,9468,10.04,0.09,N,4,0
33,32944,RENT,4.808627169450986,VENTURE,A,16099,7.89,0.49,N,9,0
34,29530,RENT,10.941888139493937,MEDICAL,A,3438,6.69,0.12,N,10,0
29,62109,MORTGAGE,3.4580158576708926,VENTURE,C,14654,11.52,0.24,N,3,0
28,30608,MORTGAGE,3.503178121691118,PERSONAL,C,7222,13.03,0.24,N,5,0
21,36720,RENT,1.9587817818803597,VENTURE,B,14055,11.66,0.38,N,2,0
20,65820,RENT,1.553868857456378,EDUCATION,B,11484,9.2,0.17,N,2,0
21,14242,OWN,3.3867476399499856,HOMEIMPROVEMENT,A,8290,6.51,0.58,N,2,0
29,133696,RENT,9.186833744941278,EDUCATION,B,4344,9.99,0.03,Y,6,0
20,55492,RENT,0.39922021107232175,HOMEIMPROVEMENT,A,16417,,0.3,N,2,0
32,26605,MORTGAGE,7.2302382626840584,EDUCATION,C,9299,14.7,0.35,N,7,0
31,30961,RENT,8.071691193165542,DEBTCONSOLIDATION,B,8269,10.58,0.27,N,7,1
25,93470,RENT,0.0,VENTURE,B,6565,9.08,0.07,N,2,0
27,75401,RENT,3.890697761183095,VENTURE,A,12028,7.4,0.16,N,4,0
20,116160,MORTGAGE,3.005152407907501,EDUCATION,B,16187,10.47,0.14,N,2,0
39,37215,RENT,11.89994109276935,MEDICAL,A,9904,7.31,0.27,N,9,0
39,63775,OWN,9.216929359081787,DEBTCONSOLIDATION,B,6551,10.37,0.1,N,13,0
20,68501,RENT,0.11727827712326677,HOMEIMPROVEMENT,B,18253,10.4,0.27,N,2,0
20,79411,MORTGAGE,0.0,VENTURE,B,5345,,0.07,Y,2,0
21,100710,RENT,,MEDICAL,A,9003,7.8,0.09,N,2,0
36,36515,RENT,5.8376214042227605,EDUCATION,D,17026,14.8,0.47,N,5,0
33,50879,MORTGAGE,2.318332626895063,PERSONAL,B,8591,10.55,0.17,N,6,0
42,38731,RENT,16.563008724411876,MEDICAL,B,4157,10.65,0.11,N,17,0
44,52631,MORTGAGE,3.8580082867536767,EDUCATION,B,11069,,0.21,N,17,0
20,79549,RENT,1.7872855543147899,PERSONAL,B,18518,11.86,0.23,N,2,0
35,21813,RENT,6.915925088413904,VENTURE,B,7276,10.43,0.33,Y,11,1
43,99723,MORTGAGE,11.506287808318007,EDUCATION,C,7810,13.9,0.08,N,19,0
27,28953,MORTGAGE,0.0,EDUCATION,C,16311,13.14,0.56,N,5,0
30,45749,RENT,4.494713111346119,PERSONAL,B,1482,10.26,0.03,N,7,0
28,107384,OWN,5.722726997459209,EDUCATION,B,18772,10.77,0.17,N,7,0
28,64887,RENT,0.4361704924267036,DEBTCONSOLIDATION,A,6949,6.39,0.11,N,7,0
39,65299,RENT,8.894825372712555,MEDICAL,A,3551,8.1,0.05,N,10,0
52,28301,RENT,19.442667787205362,EDUCATION,B,8775,,0.31,N,22,0
46,30508,RENT,15.471017344459073,DEBTCONSOLIDATION,D,13578,,0.45,N,18,0
25,90915,RENT,3.6557988397639254,VENTURE,B,8308,10.29,0.09,N,3,0
33,39181,MORTGAGE,1.692399586901728,MEDICAL,C,4933,15.15,0.13,Y,5,0
22,41266,RENT,0.0,VENTURE,A,16189,8.29,0.39,N,3,0
23,92057,RENT,0.7410138569875788,EDUCATION,B,9143,11.29,0.1,N,2,0
29,30410,OWN,0.8509333844440699,PERSONAL,B,3214,10.62,0.11,Y,6,0
23,62823,RENT,1.4145972040945791,MEDICAL,C,3442,14.31,0.05,N,2,0
24,55470,RENT,5.69158679323542,PERSONAL,A,12033,8.11,0.22,N,2,0
32,54096,RENT,4.266870057806668,PERSONAL,B,4187,8.95,0.08,N,9,0
35,40735,RENT,11.439987887376255,PERSONAL,D,23287,15.3,0.57,N,8,0
35,39382,RENT,11.033050251458027,DEBTCONSOLIDATION,D,10374,15.26,0.26,Y,5,0
35,29938,RENT,6.671610185200851,PERSONAL,D,6113,15.38,0.2,Y,5,0
20,70648,MORTGAGE,0.0,VENTURE,B,6019,10.29,0.09,Y,2,0
23,37515,MORTGAGE,0.3540426665867009,VENTURE,D,10135,16.41,0.27,Y,2,1
30,92300,MORTGAGE,9.192352644809196,EDUCATION,C,20515,14.44,0.22,Y,5,1
42,47881,MORTGAGE,3.742002481889679,DEBTCONSOLIDATION,D,6872,16.48,0.14,N,8,0
61,30268,RENT,9.08323028205535,DEBTCONSOLIDATION,D,8495,16.99,0.28,Y,19,1
33,47534,RENT,9.501813870620742,MEDICAL,D,11860,15.15,0.25,Y,8,1
38,43218,MORTGAGE,6.959552314872339,DEBTCONSOLIDATION,A,8583,7.1,0.2,N,8,0
20,94372,RENT,0.5347234419258642,PERSONAL,A,4105,7.29,0.04,N,2,0
38,44225,RENT,4.8378615895584876,VENTURE,C,10170,12.97,0.23,N,11,0
55,46540,MORTGAGE,9.13038890051966,EDUCATION,B,6783,9.6,0.15,N,21,0
23,117753,RENT,0.15332112217922234,VENTURE,A,8321,7.81,0.07,N,2,0
25,71649,MORTGAGE,3.258190750877886,PERSONAL,C,21998,12.94,0.31,N,3,0
40,135197,RENT,4.562380470047235,EDUCATION,A,8583,8.15,0.06,N,14,0
30,108279,OWN,7.100536874913298,VENTURE,A,2269,6.52,0.02,N,8,0
20,33258,MORTGAGE,2.053592246047063,HOMEIMPROVEMENT,B,8106,,0.24,N,2,0
25,93383,RENT,1.7907260621506897,PERSONAL,A,9323,7.67,0.1,N,2,0
47,125356,MORTGAGE,22.152432831452472,VENTURE,C,13450,13.67,0.11,N,20,0
27,125875,MORTGAGE,3.1103573791383567,VENTURE,D,11034,16.2,0.09,N,6,0
27,93288,MORTGAGE,5.891451837613095,EDUCATION,C,10940,13.44,0.12,N,5,0
39,92238,RENT,5.9296559649322305,HOMEIMPROVEMENT,C,11456,13.45,0.12,N,15,0
33,45868,RENT,8.52730642526965,HOMEIMPROVEMENT,A,14469,7.28,0.32,N,9,0
27,34181,RENT,5.159891302468888,PERSONAL,B,4053,,0.12,N,4,0
24,44635,RENT,,EDUCATION,C,26237,13.94,0.59,N,4,0
71,21684,OWN,31.481971607018387,MEDICAL,C,7845,13.14,0.36,Y,28,0
45,113384,RENT,18.19645601940546,EDUCATION,A,5161,8.61,0.05,N,11,0
35,46359,RENT,11.927868105386807,VENTURE,C,12037,13.21,0.26,N,7,0
36,110219,RENT,11.99084413145239,MEDICAL,E,8371,17.94,0.08,N,13,0
29,27520,MORTGAGE,7.353449000902156,PERSONAL,A,15519,7.38,0.56,N,7,0
33,98267,MORTGAGE,3.1254337719310445,VENTURE,A,6976,6.89,0.07,N,3,0
28,41266,MORTGAGE,3.067311327404351,EDUCATION,B,16618,10.87,0.4,N,5,0
22,26731,MORTGAGE,0.18630576919535446,DEBTCONSOLIDATION,A,5225,7.39,0.2,N,2,0
34,132576,MORTGAGE,0.524670374676993,EDUCATION,D,23421,16.59,0.18,N,9,0
27,99610,MORTGAGE,6.34571788100817,DEBTCONSOLIDATION,D,9565,15.95,0.1,N,7,0
34,60869,RENT,6.1278995105024,MEDICAL,B,20042,10.43,0.33,N,7,0
37,55197,RENT,,MEDICAL,C,4743,13.17,0.09,N,8,0
35,68990,MORTGAGE,11.096421052551738,EDUCATION,C,14113,14.16,0.2,Y,11,0
21,60297,RENT,0.0,HOMEIMPROVEMENT,B,13925,10.31,0.23,N,2,0
26,35040,MORTGAGE,3.727048038278923,PERSONAL,B,8754,10.71,0.25,N,3,0
27,43190,RENT,1.8484445001520289,VENTURE,C,2352,14.34,0.05,N,6,0
41,159276,MORTGAGE,8.944545177508518,EDUCATION,C,14184,13.43,0.09,N,16,0
40,235551,RENT,8.993194586957237,PERSONAL,A,8045,7.42,0.03,N,10,0
23,127959,RENT,2.1452588689896452,MEDICAL,B,18345,10.32,0.14,N,2,0
20,70475,MORTGAGE,1.6268788522502833,HOMEIMPROVEMENT,B,15815,10.65,0.22,N,2,0
62,44991,RENT,17.958306085694257,HOMEIMPROVEMENT,C,18296,14.15,0.41,N,30,0
35,34926,MORTGAGE,14.069392655347364,DEBTCONSOLIDATION,B,12922,11.12,0.37,N,6,0
20,36215,MORTGAGE,2.5716839860233636,HOMEIMPROVEMENT,B,10314,10.89,0.28,N,2,0
24,39962,OWN,0.7870518240118699,EDUCATION,C,20416,14.47,0.51,N,2,1
42,176864,MORTGAGE,11.52111941447089,MEDICAL,B,31337,10.57,0.18,Y,7,0
57,146305,RENT,13.91821058704819,MEDICAL,A,9803,8.62,0.07,N,26,0
53,81670,MORTGAGE,9.17765138078523,EDUCATION,D,18135,16.84,0.22,Y,12,1
34,31941,RENT,5.00959751166025,HOMEIMPROVEMENT,A,6590,6.98,0.21,N,11,0
20,88537,RENT,0.0,EDUCATION,A,5066,8.13,0.06,N,2,0
30,47513,MORTGAGE,3.9613462361519316,DEBTCONSOLIDATION,A,6661,6.01,0.14,N,10,0
21,16578,MORTGAGE,0.7252163714669566,DEBTCONSOLIDATION,A,6330,8.46,0.38,N,2,0
31,63443,RENT,6.542324040338964,MEDICAL,B,14429,10.44,0.23,N,3,0
22,34096,RENT,2.0838399471498947,EDUCATION,B,7404,9.88,0.22,N,3,0
26,34737,MORTGAGE,1.800883476160514,EDUCATION,B,5327,9.1,0.15,Y,5,0
40,47205,RENT,4.162305263665534,MEDICAL,A,5362,7.39,0.11,N,14,0
27,41188,MORTGAGE,6.396741252790921,VENTURE,A,12770,8.47,0.31,N,7,1
27,53165,MORTGAGE,1.5821500195624179,VENTURE,B,14379,10.69,0.27,N,5,0
29,51777,RENT,2.7339584166638113,PERSONAL,B,13277,10.18,0.26,N,7,0
66,19308,RENT,23.32514468194668,DEBTCONSOLIDATION,A,14087,7.35,0.73,N,21,0
20,125010,RENT,0.0,MEDICAL,A,8050,8.56,0.06,N,2,0
33,31544,MORTGAGE,4.687781430894364,EDUCATION,A,25788,8.06,0.82,N,5,0
52,32086,MORTGAGE,5.795461602351066,DEBTCONSOLIDATION,A,8159,7.47,0.25,N,25,1
29,45220,MORTGAGE,1.2647526833889626,MEDICAL,A,7162,8.25,0.16,N,5,0
44,51042,RENT,4.355890420153341,MEDICAL,C,14221,14.13,0.28,N,11,0
20,120866,MORTGAGE,0.03556590728827924,DEBTCONSOLIDATION,B,7981,9.79,0.07,N,2,0
28,62829,RENT,,HOMEIMPROVEMENT,A,7083,7.22,0.11,N,2,0
22,73980,MORTGAGE,1.8112534379959961,HOMEIMPROVEMENT,B,8363,11.64,0.11,N,2,0
29,63006,RENT,7.587262458323007,EDUCATION,B,10822,11.04,0.17,N,7,0
29,61531,MORTGAGE,3.687706513510717,VENTURE,B,16624,11.92,0.27,Y,10,0
30,64238,MORTGAGE,1.8161429038885037,EDUCATION,A,3377,7.98,0.05,N,9,0
39,18713,RENT,2.671709069643126,HOMEIMPROVEMENT,C,16672,12.93,0.89,N,6,1
20,47218,MORTGAGE,1.4586049475187062,MEDICAL,C,4024,13.48,0.09,N,2,0
24,102666,RENT,0.6543195043235519,EDUCATION,B,4379,11.13,0.04,Y,2,0
32,350000,RENT,4.199297453720869,DEBTCONSOLIDATION,B,11135,10.49,0.03,N,10,0
20,27934,RENT,1.0504905575692491,HOMEIMPROVEMENT,A,3549,7.55,0.13,N,2,0
37,68370,MORTGAGE,7.90988243254513,PERSONAL,C,6975,15.13,0.1,Y,11,1
24,39573,MORTGAGE,1.9492407541768144,EDUCATION,B,15689,10.31,0.4,N,2,1
28,167076,MORTGAGE,2.5191939638134375,VENTURE,A,14200,7.76,0.08,N,6,0
40,25730,MORTGAGE,11.62304123653092,DEBTCONSOLIDATION,B,16611,10.71,0.65,N,16,0
45,76398,RENT,5.506485633138739,PERSONAL,D,6701,16.73,0.09,N,7,0
37,24985,RENT,0.39820246580097907,EDUCATION,B,8190,10.71,0.33,N,5,0
20,45469,RENT,1.9579525244579934,EDUCATION,A,4154,7.6,0.09,N,2,0
36,53163,MORTGAGE,6.19995069006359,DEBTCONSOLIDATION,B,8348,12.11,0.16,N,12,0
37,97570,OWN,7.645037391805989,VENTURE,A,4271,7.42,0.04,N,9,0
35,29958,RENT,10.253249057959232,PERSONAL,B,31973,11.09,1.07,N,6,1
47,78030,MORTGAGE,10.50024006040222,MEDICAL,C,12203,12.47,0.16,N,23,0
31,54738,MORTGAGE,3.991503559229692,VENTURE,D,10767,16.0,0.2,N,2,0
47,62946,RENT,12.264035371565058,HOMEIMPROVEMENT,C,6474,13.42,0.1,N,22,0
47,91773,MORTGAGE,15.25120642212926,MEDICAL,B,6132,10.44,0.07,Y,21,0
38,26758,MORTGAGE,9.207795837384337,PERSONAL,C,7534,12.12,0.28,N,13,0
33,84611,RENT,6.187935296045879,EDUCATION,D,11512,15.72,0.14,Y,3,0
35,39620,MORTGAGE,7.7074030934621325,EDUCATION,B,5109,9.81,0.13,N,8,0
51,98985,RENT,17.842472199962486,DEBTCONSOLIDATION,A,4204,8.37,0.04,N,27,0
42,65121,RENT,7.962941507958988,DEBTCONSOLIDATION,D,1461,15.31,0.02,Y,19,1
20,48279,RENT,0.0,PERSONAL,A,12366,,0.26,N,2,0
34,39162,MORTGAGE,9.284230067599234,EDUCATION,A,8920,8.04,0.23,N,14,0
22,85204,RENT,0.8140770715398035,MEDICAL,A,7508,7.02,0.09,N,2,0
24,108393,MORTGAGE,2.523071620012896,HOMEIMPROVEMENT,B,5055,9.82,0.05,N,2,0
26,40414,MORTGAGE,7.487936776218989,MEDICAL,C,7525,13.27,0.19,Y,5,1
20,29052,RENT,1.2560117822030274,DEBTCONSOLIDATION,B,18523,10.18,0.64,N,2,0
21,79365,MORTGAGE,0.0,MEDICAL,A,5948,6.71,0.07,N,2,0
48,24423,RENT,18.916088566996187,HOMEIMPROVEMENT,B,13148,10.26,0.54,N,15,0
24,26422,MORTGAGE,6.394780582575597,HOMEIMPROVEMENT,C,14186,13.75,0.54,N,2,0
40,30197,RENT,2.942759957872545,EDUCATION,C,4823,12.55,0.16,N,5,0
32,43109,MORTGAGE,8.397986871093021,DEBTCONSOLIDATION,B,5365,10.34,0.12,Y,4,0
36,25978,MORTGAGE,5.593165455702154,EDUCATION,A,9196,7.08,0.35,N,10,0
36,18651,MORTGAGE,2.5714670102086696,MEDICAL,B,25082,10.57,1.34,N,9,1
21,29013,RENT,0.0,VENTURE,A,15749,9.01,0.54,N,3,1
39,77138,MORTGAGE,11.783393206925629,PERSONAL,A,9204,6.29,0.12,N,15,0
20,26920,RENT,0.0,MEDICAL,C,16038,13.42,0.6,N,2,0
23,44929,RENT,0.8129452973503145,PERSONAL,B,2228,10.72,0.05,N,2,0
36,158052,RENT,8.466102516658818,EDUCATION,B,8775,10.09,0.06,N,4,0
21,52730,RENT,0.8588542505035716,EDUCATION,C,2147,,0.04,N,2,0
20,65407,MORTGAGE,0.45545156150870536,PERSONAL,B,10387,9.33,0.16,N,2,0
34,32198,MORTGAGE,10.399956308673607,VENTURE,A,13829,7.22,0.43,N,8,0
20,178066,RENT,0.0,PERSONAL,A,6959,5.37,0.04,N,2,0
37,40226,MORTGAGE,10.631941816540465,PERSONAL,A,6759,7.31,0.17,N,6,0
27,47788,RENT,5.895866701861689,HOMEIMPROVEMENT,E,9328,17.51,0.2,Y,5,0
33,111790,MORTGAGE,5.77856401288291,VENTURE,C,7304,13.75,0.07,N,11,0
33,49023,MORTGAGE,4.237906114125257,EDUCATION,B,7951,11.63,0.16,N,6,0
38,55622,MORTGAGE,6.010069552451444,PERSONAL,A,16915,7.72,0.3,N,12,0
37,46400,RENT,4.604803397631505,PERSONAL,A,14218,7.44,0.31,N,4,0
21,46576,MORTGAGE,0.9100129263639998,VENTURE,C,11586,13.08,0.25,Y,2,0
27,66421,RENT,6.401972919263335,PERSONAL,D,3669,15.78,0.06,N,4,0
33,73432,MORTGAGE,9.218279977859094,MEDICAL,A,12719,7.29,0.17,N,9,0
47,38033,MORTGAGE,12.828032113968966,EDUCATION,D,9126,16.01,0.24,N,13,0
37,35548,MORTGAGE,,PERSONAL,B,1000,10.88,0.03,N,6,0
46,38753,RENT,17.850444281070065,MEDICAL,A,7366,6.89,0.19,N,18,0
34,25067,MORTGAGE,4.754652819998165,VENTURE,A,7983,8.42,0.32,N,6,0
43,22590,MORTGAGE,18.06292224957083,VENTURE,C,18732,13.33,0.83,N,15,1
32,63795,MORTGAGE,1.5707757565830396,VENTURE,B,15443,10.51,0.24,N,11,0
42,90783,MORTGAGE,14.077122363098564,PERSONAL,C,7900,14.53,0.09,N,12,0
26,87472,OWN,2.3213520749725665,EDUCATION,A,20974,5.8,0.24,N,2,0
49,14616,MORTGAGE,9.253879324439144,HOMEIMPROVEMENT,C,14824,11.46,1.01,N,23,1
35,47344,RENT,0.497767500248677,PERSONAL,A,6101,7.81,0.13,N,9,0
20,29550,MORTGAGE,2.2790179995906445,VENTURE,A,6013,7.51,0.2,N,2,0
34,58633,RENT,12.284016441171485,EDUCATION,A,10298,8.69,0.18,N,10,0
37,43053,MORTGAGE,6.845041030066495,EDUCATION,C,5307,12.6,0.12,N,8,0
40,75023,MORTGAGE,13.229488113447452,PERSONAL,C,22282,13.89,0.3,N,13,0
55,53608,RENT,16.989167403264446,MEDICAL,A,10456,7.21,0.2,N,13,0
25,19095,MORTGAGE,2.5202290165743455,MEDICAL,B,5524,11.26,0.29,N,3,0
55,31828,MORTGAGE,21.543211112822487,MEDICAL,C,19460,11.75,0.61,N,22,0
30,54349,MORTGAGE,3.986737577280554,PERSONAL,A,2092,7.29,0.04,N,7,0
23,56929,RENT,0.0,PERSONAL,D,10495,16.58,0.18,N,2,0
25,25006,RENT,2.3391046768791655,PERSONAL,D,8907,15.36,0.36,Y,4,1
36,23270,OWN,11.559342077779563,DEBTCONSOLIDATION,B,4141,10.46,0.18,N,5,0
22,55878,RENT,2.710095854513443,MEDICAL,B,20341,10.54,0.36,N,2,0
27,25033,MORTGAGE,6.285258774344927,PERSONAL,C,7124,13.77,0.28,N,2,0
33,21639,RENT,5.4591864070253315,EDUCATION,A,6603,6.63,0.31,N,10,0
49,42411,RENT,18.578042776261697,VENTURE,B,14304,10.11,0.34,Y,10,1
40,41413,MORTGAGE,8.507126136548834,PERSONAL,A,10255,7.9,0.25,N,8,0
30,33418,RENT,6.870470359388804,MEDICAL,D,5634,16.6,0.17,N,4,0
36,36788,OWN,8.052540910025858,VENTURE,C,7074,13.64,0.19,N,12,1
32,54590,MORTGAGE,5.262636795352636,DEBTCONSOLIDATION,A,18926,7.23,0.35,N,6,0
20,36457,MORTGAGE,0.9428611471797981,EDUCATION,B,8328,10.58,0.23,N,2,0
52,56324,RENT,9.800162471505123,VENTURE,B,24792,11.17,0.44,N,18,0
49,43947,OWN,6.044872205779324,HOMEIMPROVEMENT,C,5249,13.66,0.12,N,20,0
29,59409,RENT,5.046333289090163,VENTURE,B,7704,9.56,0.13,N,7,0
25,87817,MORTGAGE,0.6463804606878454,PERSONAL,B,6228,9.6,0.07,N,2,0
20,85955,RENT,0.047283091039716396,DEBTCONSOLIDATION,A,13712,7.53,0.16,N,2,0
37,110030,RENT,11.457955178748517,MEDICAL,B,25427,9.17,0.23,N,6,0
37,85903,MORTGAGE,9.263056056688205,MEDICAL,A,9860,8.13,0.11,N,12,0
22,61772,MORTGAGE,3.2302514471231607,DEBTCONSOLIDATION,A,10848,6.76,0.18,N,3,0
33,42685,RENT,4.442249353129567,DEBTCONSOLIDATION,B,7479,9.58,0.18,N,7,0
39,43771,RENT,12.08681017433834,EDUCATION,B,3899,11.85,0.09,Y,8,0
25,33430,MORTGAGE,0.15266045782550153,MEDICAL,F,8360,20.09,0.25,N,5,0
28,54311,RENT,3.9304711055219936,VENTURE,C,12122,13.73,0.22,Y,2,0
28,79504,RENT,6.199349706777482,DEBTCONSOLIDATION,B,6865,10.98,0.09,N,8,0
23,36347,RENT,0.185126872245871,VENTURE,D,4170,17.16,0.11,N,2,0
28,53078,RENT,3.8859989609837973,HOMEIMPROVEMENT,C,1607,13.03,0.03,N,7,0
20,37326,RENT,1.0644807328029051,HOMEIMPROVEMENT,B,20947,10.64,0.56,N,2,0
27,60787,RENT,0.5023333052729329,DEBTCONSOLIDATION,B,7420,10.4,0.12,N,2,0
27,40048,MORTGAGE,5.405895241307307,PERSONAL,D,11832,17.92,0.3,Y,7,1
29,36071,RENT,9.569973287108859,VENTURE,B,16418,,0.46,N,7,0
35,37272,MORTGAGE,5.5590973990390244,EDUCATION,C,18228,13.37,0.49,Y,8,0
20,71455,OTHER,0.0,PERSONAL,A,6755,7.49,0.09,N,2,0
20,51368,OWN,,MEDICAL,C,11561,13.41,0.23,N,2,0
23,42803,MORTGAGE,0.0,MEDICAL,A,12269,6.34,0.29,N,4,0
20,62553,RENT,1.603337457311913,PERSONAL,A,15166,6.02,0.24,N,2,0
36,43131,RENT,11.860989656268007,VENTURE,C,12193,12.27,0.28,N,8,0
24,100668,MORTGAGE,5.045051256407222,DEBTCONSOLIDATION,C,10855,14.19,0.11,N,5,0
30,31709,RENT,6.322516770608236,VENTURE,B,5301,10.49,0.17,N,8,0
22,48882,RENT,1.348882949681153,EDUCATION,B,13522,9.09,0.28,N,2,0
26,25018,MORTGAGE,1.1797860001644673,VENTURE,A,9331,8.65,0.37,N,3,0
33,44766,RENT,4.471301799546084,HOMEIMPROVEMENT,A,19579,9.07,0.44,N,12,0
34,21508,MORTGAGE,4.2206610089686345,DEBTCONSOLIDATION,B,13579,10.74,0.63,N,10,0
21,81672,MORTGAGE,1.680153016537429,MEDICAL,A,2711,7.84,0.03,N,2,0
29,82584,MORTGAGE,6.412393567188502,VENTURE,B,5073,10.57,0.06,N,3,0
22,83390,MORTGAGE,1.1716608306273866,HOMEIMPROVEMENT,C,7509,13.0,0.09,N,2,0
29,55043,RENT,1.3050163819252985,EDUCATION,A,9187,,0.17,N,6,0
24,33391,MORTGAGE,2.0125240049827187,MEDICAL,A,27039,6.63,0.81,N,3,1
53,34885,RENT,9.105551100292653,MEDICAL,D,14423,15.96,0.41,N,28,0
39,125692,MORTGAGE,,PERSONAL,C,6241,13.96,0.05,Y,9,0
34,119326,RENT,10.387193547484175,VENTURE,A,14643,7.31,0.12,N,12,0
27,57954,MORTGAGE,6.1571587385074835,EDUCATION,A,10576,7.42,0.18,N,5,0
39,40798,OWN,11.477158260521312,PERSONAL,C,14722,,0.36,N,8,0
29,115006,RENT,6.45088617805242,EDUCATION,B,7914,10.58,0.07,N,8,0
51,36975,RENT,13.174175540885278,PERSONAL,C,28345,13.03,0.77,N,14,0
41,61443,RENT,4.903700699037709,VENTURE,B,20892,10.83,0.34,N,17,0
26,113957,RENT,2.246508202787203,VENTURE,E,13291,17.61,0.12,N,2,1
49,34201,RENT,12.884669746390301,EDUCATION,C,7380,13.75,0.22,N,21,0
27,85483,MORTGAGE,7.956008916363052,PERSONAL,A,14711,6.29,0.17,N,4,0
54,72135,RENT,6.98045443663494,VENTURE,B,3905,9.54,0.05,N,15,0
50,53011,RENT,9.853574835246285,VENTURE,B,21708,9.93,0.41,N,9,0
33,31370,MORTGAGE,4.195014228026562,PERSONAL,A,19234,7.66,0.61,N,8,0
20,36372,RENT,0.9805700965227985,PERSONAL,A,12472,7.69,0.34,N,2,0
32,63525,RENT,4.632278703426846,EDUCATION,A,5411,6.82,0.09,N,2,0
20,24764,MORTGAGE,1.5249729125892753,EDUCATION,B,7885,9.37,0.32,N,2,0
24,58215,MORTGAGE,0.7376583208602887,MEDICAL,B,2203,11.46,0.04,N,3,0
25,72953,RENT,3.3710427849716202,PERSONAL,A,2269,7.55,0.03,N,2,0
20,93141,RENT,1.8351178267093746,PERSONAL,C,8522,13.39,0.09,Y,3,0
32,25107,RENT,7.047836924781942,DEBTCONSOLIDATION,B,5104,10.79,0.2,Y,7,1
23,111740,RENT,0.0,DEBTCONSOLIDATION,D,2800,15.24,0.03,N,3,0
28,137647,RENT,5.205096824843174,DEBTCONSOLIDATION,C,7366,14.36,0.05,N,5,0
25,67885,MORTGAGE,1.2367248710207948,MEDICAL,D,7746,16.46,0.11,N,4,0
35,30609,MORTGAGE,6.326860726931276,MEDICAL,E,4339,18.27,0.14,N,7,0
34,45231,RENT,10.972842629651003,DEBTCONSOLIDATION,B,11289,10.45,0.25,N,9,0
27,52776,MORTGAGE,2.766093995223782,MEDICAL,B,15982,10.31,0.3,N,5,0
36,62865,RENT,11.485487402734107,VENTURE,A,11653,8.57,0.19,N,14,0
44,54835,MORTGAGE,13.11871976014437,EDUCATION,B,9185,10.85,0.17,N,15,0
20,63236,MORTGAGE,1.7045508434477248,HOMEIMPROVEMENT,A,9615,7.93,0.15,N,2,0
24,51538,MORTGAGE,1.6048931998371643,VENTURE,C,8157,13.56,0.16,N,2,0
21,62680,RENT,1.6174820576505642,MEDICAL,A,7323,7.5,0.12,N,2,0
23,42054,RENT,1.1309660049469938,PERSONAL,A,11524,9.0,0.27,N,2,0
20,44981,MORTGAGE,0.0,MEDICAL,A,11865,7.21,0.26,N,2,0
20,39465,RENT,1.710863157100369,HOMEIMPROVEMENT,D,9658,16.18,0.24,Y,2,1
20,155514,RENT,1.8793563709033065,MEDICAL,A,7478,9.15,0.05,N,2,0
25,121193,RENT,,PERSONAL,D,5360,17.06,0.04,N,2,0
25,73527,MORTGAGE,3.435259616626602,MEDICAL,A,3398,7.8,0.05,N,3,0
47,112298,RENT,11.981784363197036,DEBTCONSOLIDATION,C,5365,12.29,0.05,N,12,0
31,84048,OTHER,,HOMEIMPROVEMENT,A,7440,9.24,0.09,N,8,0
20,59856,RENT,0.721142727451803,DEBTCONSOLIDATION,A,7853,7.31,0.13,N,2,0
35,23669,RENT,10.897804321706545,DEBTCONSOLIDATION,G,31633,22.57,1.34,Y,12,1
72,46901,MORTGAGE,18.880820050318242,EDUCATION,A,15115,8.33,0.32,N,18,0
20,45059,RENT,0.161418187196526,HOMEIMPROVEMENT,A,11560,7.34,0.26,N,2,0
51,29051,RENT,6.166748898794975,PERSONAL,B,13307,10.67,0.46,N,12,0
29,23923,RENT,4.78217149716367,DEBTCONSOLIDATION,C,28021,13.55,1.17,N,7,1
26,71039,RENT,2.429256169626571,PERSONAL,F,6327,20.21,0.09,N,3,0
24,64762,MORTGAGE,2.219726962304632,MEDICAL,C,22260,13.78,0.34,N,3,0
33,28507,RENT,1.1441666035617433,PERSONAL,B,1658,,0.06,N,2,0
26,35945,MORTGAGE,4.425009794870741,EDUCATION,B,8442,9.59,0.23,N,3,1
20,102608,MORTGAGE,3.72396725455102,PERSONAL,B,4909,10.93,0.05,N,2,0
25,33431,RENT,0.9604082111065153,VENTURE,B,3237,11.5,0.1,Y,3,0
34,59512,RENT,4.702782233481785,EDUCATION,A,19213,6.91,0.32,N,9,0
37,48806,RENT,1.4954991596665232,HOMEIMPROVEMENT,C,8366,13.08,0.17,N,9,0
53,71574,RENT,20.099691649962367,HOMEIMPROVEMENT,A,7561,7.5,0.11,N,15,0
31,33831,MORTGAGE,9.312887254726098,HOMEIMPROVEMENT,B,8436,10.5,0.25,N,2,0
45,56928,RENT,11.791581507667534,DEBTCONSOLIDATION,A,10294,,0.18,N,15,0
28,59444,OWN,1.1675324088500194,PERSONAL,A,5790,7.16,0.1,N,8,0
29,61488,RENT,5.471139321492801,PERSONAL,B,3207,11.94,0.05,N,8,0
29,56584,RENT,5.718005544952454,EDUCATION,A,9228,8.62,0.16,N,7,0
32,65482,RENT,10.60251447167182,HOMEIMPROVEMENT,A,10345,8.86,0.16,N,10,0
40,180859,RENT,6.645952547678577,DEBTCONSOLIDATION,A,20016,7.99,0.11,N,11,0
25,221618,MORTGAGE,4.462276028930128,DEBTCONSOLIDATION,A,9028,7.07,0.04,N,5,0
22,38117,MORTGAGE,4.481339455665606,HOMEIMPROVEMENT,A,9967,7.71,0.26,N,2,0
41,15138,RENT,6.476155860184035,VENTURE,C,5122,13.98,0.34,N,18,0
40,75171,MORTGAGE,9.083983919493281,VENTURE,B,5136,10.24,0.07,N,11,0
48,60020,MORTGAGE,2.1053515228511674,HOMEIMPROVEMENT,B,11604,9.12,0.19,N,18,0
24,97107,MORTGAGE,2.2378335054624436,VENTURE,B,14147,11.22,0.15,Y,2,0
28,63366,MORTGAGE,0.658583068145242,PERSONAL,C,16613,13.14,0.26,N,5,0
41,55951,MORTGAGE,14.221782675337217,MEDICAL,A,11237,8.0,0.2,N,15,0
25,100800,MORTGAGE,0.0,PERSONAL,D,5770,,0.06,N,3,0
37,108861,RENT,12.184658506159737,PERSONAL,F,3473,19.99,0.03,N,7,0
28,25270,RENT,0.0,PERSONAL,A,4849,7.81,0.19,N,5,0
33,34574,MORTGAGE,8.197746842640887,VENTURE,C,11219,14.0,0.32,N,8,1
20,51119,MORTGAGE,0.4349444269407218,MEDICAL,A,3746,8.1,0.07,N,2,0
31,57190,MORTGAGE,10.926614048526112,PERSONAL,A,4946,7.44,0.09,N,6,0
20,47844,OWN,1.3684107019670853,HOMEIMPROVEMENT,A,6190,7.65,0.13,N,2,0
44,68790,RENT,12.697685499003395,EDUCATION,C,12685,13.81,0.18,Y,7,1
39,93700,MORTGAGE,8.369899858273818,EDUCATION,C,18453,13.76,0.2,N,16,0
21,139733,MORTGAGE,0.6586112102300853,EDUCATION,B,9755,10.96,0.07,N,2,0
52,74488,MORTGAGE,12.495099319903234,HOMEIMPROVEMENT,B,10817,9.58,0.15,N,15,0
43,33901,MORTGAGE,3.182227969168835,PERSONAL,B,9163,11.99,0.27,N,6,0
20,49958,RENT,0.0,HOMEIMPROVEMENT,A,8485,7.35,0.17,N,3,0
25,51976,RENT,0.0,PERSONAL,D,12043,15.92,0.23,N,3,0
20,71901,OWN,0.9767459778744289,VENTURE,B,8524,10.27,0.12,N,2,1
34,67070,RENT,7.7308816009099495,DEBTCONSOLIDATION,B,21488,10.69,0.32,N,8,1
24,167329,RENT,4.8532253496326625,EDUCATION,B,10477,9.35,0.06,N,3,0
20,42031,RENT,1.572205814760952,VENTURE,D,11114,15.61,0.26,N,2,0
29,66944,RENT,0.0,VENTURE,C,9319,11.97,0.14,N,8,0
40,197815,MORTGAGE,9.920207501317376,MEDICAL,A,14562,7.13,0.07,N,16,0
31,39266,MORTGAGE,1.3652335205421204,MEDICAL,B,6084,10.63,0.15,N,9,0
36,58678,MORTGAGE,10.504945096734106,EDUCATION,A,5104,7.96,0.09,N,10,0
32,32219,RENT,6.583147681304201,EDUCATION,F,13504,20.45,0.42,N,5,0
38,56678,MORTGAGE,12.675166300648458,MEDICAL,B,10450,10.73,0.18,N,8,0
33,35273,MORTGAGE,0.0,DEBTCONSOLIDATION,A,13606,6.15,0.39,N,7,0
29,96349,OTHER,,EDUCATION,B,7817,10.62,0.08,N,2,0
31,58748,OWN,0.7080927481426831,MEDICAL,A,10067,8.51,0.17,N,4,0
48,32387,MORTGAGE,3.7357839824877197,EDUCATION,B,7245,10.87,0.22,N,24,0
36,86018,RENT,7.772574502252716,VENTURE,A,9058,6.9,0.11,N,10,0
21,59803,RENT,0.0,PERSONAL,A,3524,7.64,0.06,N,2,0
31,91495,MORTGAGE,2.675728136140801,DEBTCONSOLIDATION,A,2200,8.59,0.02,N,6,0
33,28818,MORTGAGE,2.29584496557486,DEBTCONSOLIDATION,A,3891,7.96,0.14,N,6,0
28,66360,MORTGAGE,5.875505750334792,MEDICAL,B,14358,10.98,0.22,N,2,0
20,82895,RENT,1.996585233366116,EDUCATION,C,14118,12.87,0.17,N,2,0
22,42922,MORTGAGE,2.4280686148103774,EDUCATION,A,21979,7.21,0.51,N,4,0
26,27107,RENT,2.7038965022042647,HOMEIMPROVEMENT,A,13747,7.45,0.51,N,5,0
54,52950,RENT,,PERSONAL,C,7524,14.95,0.14,N,23,0
35,106453,RENT,7.324904502725232,EDUCATION,D,9197,15.27,0.09,N,7,0
20,100635,OWN,3.5292579520555845,EDUCATION,B,2156,10.71,0.02,N,2,0
29,42803,RENT,2.719627211975941,VENTURE,A,7581,8.04,0.18,N,4,0
46,26750,MORTGAGE,14.943081887902224,MEDICAL,C,10081,14.09,0.38,N,11,0
24,42738,RENT,2.7143624513474336,DEBTCONSOLIDATION,A,15890,7.3,0.37,N,4,0
42,41870,MORTGAGE,9.770915414501085,PERSONAL,D,9626,15.74,0.23,N,10,0
20,69254,MORTGAGE,1.3140639889763683,PERSONAL,D,4636,,0.07,Y,2,0
20,51136,OWN,0.0,VENTURE,B,15367,10.29,0.3,N,2,0
44,35800,RENT,14.598735431162202,MEDICAL,A,7028,7.17,0.2,N,9,0
25,99443,RENT,3.9999392975670283,PERSONAL,A,5742,8.24,0.06,N,3,0
20,58526,MORTGAGE,0.31865623658706344,PERSONAL,G,8910,22.6,0.15,N,2,1
26,68835,RENT,0.3173674180703352,MEDICAL,C,6980,12.46,0.1,N,5,0
32,20978,RENT,4.551588684189953,VENTURE,B,10072,11.28,0.48,N,8,0
35,14280,MORTGAGE,6.808572784166328,DEBTCONSOLIDATION,A,13177,7.18,0.92,N,7,0
20,24571,MORTGAGE,0.0,EDUCATION,B,7595,10.17,0.31,N,2,0
24,41593,RENT,2.433422113618709,VENTURE,F,7686,22.63,0.18,Y,4,1
30,74383,RENT,4.474996786605454,MEDICAL,C,13214,13.31,0.18,N,6,0
35,14939,MORTGAGE,7.882775256245617,PERSONAL,A,13234,7.55,0.89,N,8,0
21,130101,MORTGAGE,2.7945385503823896,EDUCATION,B,10596,11.23,0.08,N,2,0
28,59504,RENT,6.153373181922357,PERSONAL,A,8640,6.75,0.15,N,2,0
24,114480,RENT,1.6717864353539738,EDUCATION,D,17373,16.45,0.15,N,2,0
32,33280,MORTGAGE,0.9176924891821324,EDUCATION,B,6223,11.24,0.19,N,8,0
43,71476,RENT,7.9793833826570175,PERSONAL,C,13306,14.56,0.19,N,10,0
26,56775,MORTGAGE,,PERSONAL,A,6062,8.03,0.11,N,5,0
20,84942,MORTGAGE,0.0,HOMEIMPROVEMENT,A,9925,6.62,0.12,N,2,0
23,47639,RENT,3.7241649809129833,VENTURE,C,4223,13.85,0.09,N,2,0
51,70281,OWN,6.37919812635686,VENTURE,C,10097,12.42,0.14,N,17,0
22,99330,RENT,1.1698020267895637,PERSONAL,A,17924,8.48,0.18,N,2,0
20,37867,RENT,1.346792766108729,MEDICAL,B,14912,11.36,0.39,N,2,1
26,61897,MORTGAGE,3.3113342202597176,EDUCATION,B,2669,10.68,0.04,N,7,0
29,19181,MORTGAGE,4.295254308626007,MEDICAL,C,17536,13.65,0.91,N,3,1
25,79728,RENT,4.000650001989782,MEDICAL,B,6856,10.49,0.09,N,2,0
20,158746,RENT,0.0,MEDICAL,A,12152,7.48,0.08,N,2,0
33,27325,RENT,5.963692453320059,HOMEIMPROVEMENT,B,9222,11.27,0.34,N,11,0
32,51520,RENT,8.142174575544953,DEBTCONSOLIDATION,D,6532,15.75,0.13,Y,5,0
38,87927,MORTGAGE,6.458725604692866,HOMEIMPROVEMENT,D,11404,17.75,0.13,N,13,0
32,55120,MORTGAGE,9.529631694910611,HOMEIMPROVEMENT,B,6686,10.64,0.12,N,5,0
50,59326,RENT,16.047881906704117,VENTURE,G,13618,23.49,0.23,Y,11,1
39,43693,RENT,7.811891902274313,MEDICAL,A,6622,6.18,0.15,N,9,0
36,42809,RENT,9.291208107667927,PERSONAL,B,6176,10.04,0.14,Y,10,0
44,51653,RENT,8.02081862133772,DEBTCONSOLIDATION,C,13794,14.23,0.27,N,10,1
31,55432,RENT,7.383219309050718,VENTURE,A,26705,7.76,0.48,N,11,0
28,28288,RENT,4.48169840881879,VENTURE,E,15718,18.52,0.56,N,7,0
33,52244,RENT,6.023606356743369,EDUCATION,B,14519,11.35,0.28,N,5,0
20,128372,MORTGAGE,0.5339849114106027,VENTURE,B,9436,12.2,0.07,N,2,0
31,43022,MORTGAGE,2.759601488220876,VENTURE,A,13177,6.58,0.31,N,7,0
29,27433,RENT,4.470337040202697,MEDICAL,A,7583,8.3,0.28,N,7,0
34,49847,OWN,0.5857498304719173,DEBTCONSOLIDATION,B,19445,10.15,0.39,N,3,0
42,36569,MORTGAGE,6.340873594408353,EDUCATION,B,3238,11.18,0.09,N,13,0
36,25949,OWN,6.384206109636118,HOMEIMPROVEMENT,A,9194,7.14,0.35,N,8,0
23,58485,MORTGAGE,5.484632316198194,EDUCATION,C,8009,13.92,0.14,N,3,1
40,36656,MORTGAGE,3.266869191133794,HOMEIMPROVEMENT,A,9472,8.0,0.26,N,7,0
50,38422,MORTGAGE,22.104011036289787,VENTURE,C,6362,12.94,0.17,N,18,0
42,58946,RENT,9.48248848153103,PERSONAL,A,10346,7.12,0.18,N,19,0
20,23312,MORTGAGE,1.1533730486471931,EDUCATION,B,6247,10.35,0.27,N,2,0
36,20788,MORTGAGE,10.647858021411928,PERSONAL,B,7293,9.2,0.35,N,10,0
20,78353,MORTGAGE,3.5738137980823472,DEBTCONSOLIDATION,B,12390,10.86,0.16,N,2,0
27,18732,MORTGAGE,1.7364760599657716,EDUCATION,C,31389,14.68,1.68,N,4,1
34,31660,RENT,4.694531844656323,EDUCATION,F,7231,19.49,0.23,N,8,0
32,20132,MORTGAGE,1.9673819047641317,MEDICAL,A,11404,8.03,0.57,N,8,0
42,41465,RENT,14.238535158760959,EDUCATION,B,16945,10.77,0.41,N,18,0
50,68557,MORTGAGE,9.118840568597902,EDUCATION,B,11792,,0.17,N,12,0
35,57629,MORTGAGE,11.336941495603359,PERSONAL,G,8499,24.0,0.15,N,7,1
26,201900,MORTGAGE,4.092643654168802,MEDICAL,C,8416,14.42,0.04,N,3,0
20,98499,MORTGAGE,,PERSONAL,B,17610,11.49,0.18,N,2,0
46,32463,RENT,4.005508861966944,DEBTCONSOLIDATION,B,2597,10.53,0.08,N,7,0
29,28046,OWN,1.991756383243768,PERSONAL,A,10295,6.29,0.37,N,10,0
29,240068,RENT,3.7089856444246334,EDUCATION,C,7840,13.64,0.03,N,7,0
30,97189,MORTGAGE,2.084846132708859,PERSONAL,C,3486,13.4,0.04,N,10,0
35,74918,RENT,7.649148982727402,VENTURE,E,9745,19.32,0.13,N,9,0
35,56453,RENT,9.470784931483578,MEDICAL,B,6634,10.03,0.12,N,5,0
27,62971,MORTGAGE,1.8494293515913416,MEDICAL,C,4956,14.57,0.08,N,3,0
29,23977,MORTGAGE,,HOMEIMPROVEMENT,B,18702,10.0,0.78,N,6,0
24,59063,RENT,1.6237476592051188,DEBTCONSOLIDATION,B,5500,11.06,0.09,N,3,0
23,56340,MORTGAGE,0.0,EDUCATION,B,4678,9.9,0.08,N,4,0
23,32949,MORTGAGE,3.655836804464455,VENTURE,C,3898,13.47,0.12,Y,3,0
29,40288,RENT,8.619834378125825,MEDICAL,A,11118,6.43,0.28,N,7,0
22,124660,MORTGAGE,0.8552509280842725,HOMEIMPROVEMENT,A,11803,7.56,0.09,N,4,0
20,50572,RENT,1.0696130510698099,HOMEIMPROVEMENT,C,26468,12.69,0.52,N,2,0
26,169252,MORTGAGE,2.0819836349476444,MEDICAL,D,7926,16.44,0.05,N,4,0
20,20798,RENT,1.8760424917514134,MEDICAL,B,7184,11.06,0.35,N,2,0
31,40653,MORTGAGE,8.172478434089383,PERSONAL,C,4574,13.49,0.11,N,4,0
24,23132,RENT,3.976900685431723,VENTURE,C,12174,12.98,0.53,N,4,0
35,27856,RENT,10.640913025128171,MEDICAL,B,3794,10.82,0.14,N,10,0
20,34354,MORTGAGE,0.7825993982843775,PERSONAL,A,6579,8.26,0.19,N,2,0
20,64435,MORTGAGE,0.0,MEDICAL,D,10774,15.86,0.17,N,2,0
29,62739,OWN,4.190090911642086,PERSONAL,D,6731,15.66,0.11,N,2,0
26,37286,MORTGAGE,4.253553981938342,VENTURE,B,6618,9.49,0.18,N,5,0
20,15910,MORTGAGE,1.251273823799539,PERSONAL,A,5934,7.67,0.37,N,2,0
39,122116,RENT,11.583624388645212,PERSONAL,D,19284,16.85,0.16,N,17,1
21,46296,RENT,3.177695059501956,VENTURE,C,6409,14.64,0.14,N,2,0
23,29320,RENT,2.878290142071001,PERSONAL,A,12262,7.69,0.42,N,3,0
41,63020,RENT,11.006120872327351,VENTURE,A,6159,6.38,0.1,N,13,0
35,60623,MORTGAGE,2.4052418770602326,EDUCATION,F,7130,20.12,0.12,Y,6,1
20,45366,RENT,0.13474149980540728,EDUCATION,A,9523,8.44,0.21,N,3,0
27,58787,RENT,1.5075179694816323,MEDICAL,A,18345,8.16,0.31,N,2,0
20,28702,RENT,0.0,EDUCATION,B,2199,9.67,0.08,Y,2,0
40,82285,RENT,11.219692111558292,PERSONAL,A,17191,9.08,0.21,N,15,0
40,31310,RENT,3.723932313277583,MEDICAL,A,5458,6.63,0.17,N,14,0
53,38829,MORTGAGE,23.700465738094014,EDUCATION,B,10212,10.19,0.26,N,10,0
60,77407,RENT,27.520202385579267,DEBTCONSOLIDATION,A,8941,,0.12,N,30,0
24,105048,MORTGAGE,0.0,PERSONAL,C,4293,13.44,0.04,Y,4,0
38,129595,MORTGAGE,5.629514960687333,VENTURE,B,6654,10.24,0.05,N,16,0
20,96827,MORTGAGE,0.0,MEDICAL,A,8959,7.51,0.09,N,2,0
32,45331,MORTGAGE,4.441613279531372,EDUCATION,A,4053,8.32,0.09,N,7,0
34,23212,MORTGAGE,3.584550109341647,VENTURE,A,15276,9.04,0.66,N,3,0
21,117334,RENT,2.2046490799567593,DEBTCONSOLIDATION,A,9554,7.74,0.08,N,2,0
23,115137,RENT,,EDUCATION,C,6818,13.0,0.06,N,2,0
40,37436,OWN,11.80706187104895,PERSONAL,A,7696,7.58,0.21,N,15,0
35,89918,RENT,9.874451028680078,HOMEIMPROVEMENT,B,15226,12.08,0.17,N,6,0
50,45129,RENT,16.760545264368847,PERSONAL,C,17119,14.15,0.38,N,19,0
48,123710,RENT,11.797772303917855,VENTURE,B,5698,11.57,0.05,N,18,0
20,40815,MORTGAGE,0.0,PERSONAL,B,4542,11.16,0.11,N,2,0
25,160854,RENT,1.3018213749420404,DEBTCONSOLIDATION,D,13124,16.75,0.08,N,6,0
20,83480,MORTGAGE,1.0175367543291807,PERSONAL,D,4920,16.04,0.06,Y,2,0
38,145604,MORTGAGE,7.167359909746775,DEBTCONSOLIDATION,D,11818,17.15,0.08,N,14,1
33,41978,RENT,3.354902250202565,VENTURE,B,5330,8.23,0.13,N,5,0
21,67694,RENT,0.08831480003221737,DEBTCONSOLIDATION,E,5307,18.96,0.08,N,2,0
22,31789,MORTGAGE,1.5993220510316608,HOMEIMPROVEMENT,C,3468,13.88,0.11,N,2,0
45,86180,RENT,20.130006524822697,VENTURE,B,22937,9.81,0.27,N,18,1
26,88829,RENT,5.468405595824726,PERSONAL,B,17174,10.78,0.19,Y,5,0
20,202473,RENT,0.0,PERSONAL,A,7886,7.98,0.04,N,2,1
20,70623,MORTGAGE,1.5387726233649728,DEBTCONSOLIDATION,B,10499,9.11,0.15,N,2,0
54,80680,MORTGAGE,12.844323879382788,DEBTCONSOLIDATION,A,10334,7.79,0.13,N,25,0
41,41816,RENT,10.252593358347529,EDUCATION,A,23138,8.54,0.55,N,7,0
20,72966,MORTGAGE,1.9061715981999439,DEBTCONSOLIDATION,A,11503,8.85,0.16,N,2,0
32,43961,MORTGAGE,3.263623569178485,DEBTCONSOLIDATION,B,14473,11.0,0.33,N,12,0
41,57741,RENT,11.062809107093926,PERSONAL,B,18645,10.43,0.32,N,13,0
20,59634,RENT,1.305014032842805,PERSONAL,B,5618,11.28,0.09,N,2,0
42,44633,MORTGAGE,5.058759333413908,EDUCATION,A,6154,6.83,0.14,N,11,0
35,56084,MORTGAGE,8.864707121451666,VENTURE,C,17139,14.14,0.31,N,7,0
23,44072,MORTGAGE,1.0863992234496305,DEBTCONSOLIDATION,B,7731,10.47,0.18,N,3,0
36,43964,RENT,13.473250277816529,HOMEIMPROVEMENT,B,5162,11.45,0.12,N,6,0
33,97945,MORTGAGE,4.436665700097999,MEDICAL,A,10012,7.13,0.1,N,10,1
34,59663,MORTGAGE,3.0657531595861496,PERSONAL,C,16857,14.88,0.28,N,11,0
31,65570,RENT,4.791116227458238,DEBTCONSOLIDATION,B,24418,11.48,0.37,N,8,0
22,24306,MORTGAGE,1.9540360131231191,DEBTCONSOLIDATION,D,20707,16.3,0.85,N,3,0
23,68384,RENT,2.496864599927534,PERSONAL,A,1830,7.74,0.03,N,2,0
27,72528,RENT,0.90549691473751,EDUCATION,B,7869,11.87,0.11,N,6,0
30,43517,RENT,7.804217307027315,PERSONAL,A,4389,9.23,0.1,N,4,0
37,170547,MORTGAGE,9.64561888756798,DEBTCONSOLIDATION,A,5782,7.24,0.03,N,14,0
55,15381,MORTGAGE,11.097739548921984,PERSONAL,B,10209,10.27,0.66,N,27,1
32,83399,MORTGAGE,4.892600154806523,DEBTCONSOLIDATION,D,10175,17.06,0.12,N,6,0
37,80181,OWN,9.462565476119552,VENTURE,B,1871,8.63,0.02,N,10,0
40,72974,RENT,8.360515955247502,HOMEIMPROVEMENT,B,5800,,0.08,N,9,0
38,59689,MORTGAGE,5.924177349696149,DEBTCONSOLIDATION,C,21463,12.92,0.36,N,11,1
21,73340,MORTGAGE,1.363900240813375,PERSONAL,A,3794,7.78,0.05,N,2,0
46,87334,OWN,8.560150854134426,HOMEIMPROVEMENT,B,16892,9.65,0.19,N,19,0
44,36343,RENT,9.551432033746348,HOMEIMPROVEMENT,B,6872,9.53,0.19,N,9,0
31,63866,OWN,5.652757691450731,DEBTCONSOLIDATION,B,9212,10.15,0.14,Y,5,0
22,48980,RENT,0.0,PERSONAL,B,18054,11.63,0.37,N,2,0
30,29685,MORTGAGE,9.396656224412691,VENTURE,A,8103,7.23,0.27,N,2,0
20,80373,MORTGAGE,0.0,MEDICAL,B,22177,11.43,0.28,N,2,0
48,39719,MORTGAGE,2.7908785066306927,MEDICAL,D,3708,,0.09,N,12,0
24,23769,RENT,2.545288748952418,VENTURE,E,15088,19.78,0.63,Y,2,0
27,40275,RENT,6.545360125066891,PERSONAL,A,14076,7.35,0.35,N,7,0
47,34912,RENT,11.308666844094525,MEDICAL,B,20851,10.88,0.6,N,15,0
45,95383,MORTGAGE,15.003038463459788,HOMEIMPROVEMENT,A,12784,7.72,0.13,N,21,0
33,58938,MORTGAGE,3.6093657439065137,VENTURE,B,8582,10.44,0.15,N,8,0
51,115880,MORTGAGE,10.155930739327816,VENTURE,C,5548,14.19,0.05,N,15,0
21,37548,RENT,1.3078026045516618,VENTURE,B,7708,11.1,0.21,Y,3,0
33,87622,RENT,0.5824731143311359,EDUCATION,C,3420,13.73,0.04,N,11,0
21,258278,RENT,0.0,DEBTCONSOLIDATION,B,14659,9.01,0.06,N,2,0
43,65895,RENT,3.4841806319630035,MEDICAL,B,9176,9.61,0.14,N,9,0
42,87021,MORTGAGE,16.183271747283687,PERSONAL,A,8451,6.81,0.1,N,15,0
52,79335,MORTGAGE,9.073834404863124,PERSONAL,C,7379,13.74,0.09,N,11,0
30,24781,OTHER,6.658220026730102,PERSONAL,E,13650,18.52,0.55,Y,6,0
57,74772,RENT,6.052329711085349,VENTURE,B,8417,9.95,0.11,N,24,0
21,64122,RENT,0.5782125636855828,EDUCATION,A,9703,6.89,0.15,N,3,0
29,46964,RENT,3.5868795677654175,MEDICAL,E,9605,19.1,0.2,Y,7,0
21,33315,MORTGAGE,0.0,VENTURE,A,12691,6.97,0.38,N,2,1
32,79355,OWN,4.279936561554278,DEBTCONSOLIDATION,B,12180,8.57,0.15,N,10,0
21,31735,RENT,0.6032528386318432,VENTURE,A,18032,7.68,0.57,N,2,1
43,175168,RENT,12.389114941882408,MEDICAL,A,16815,7.11,0.1,N,9,0
35,57687,MORTGAGE,10.109630448000333,EDUCATION,A,7312,8.15,0.13,N,4,0
20,27644,MORTGAGE,1.0722493835419316,PERSONAL,B,23917,9.94,0.87,N,2,0
39,40835,RENT,12.107879836845335,VENTURE,B,12091,10.36,0.3,N,12,0
49,46491,MORTGAGE,11.752604924787862,EDUCATION,B,26674,10.77,0.57,N,9,0
36,204190,RENT,5.881603298380063,PERSONAL,B,11212,8.79,0.05,N,9,0
20,33305,OWN,0.5686291440715745,MEDICAL,B,7724,10.06,0.23,N,2,0
28,50821,RENT,5.939148002748807,VENTURE,C,6764,12.92,0.13,N,2,0
38,40303,RENT,4.880484789518616,MEDICAL,D,3226,15.66,0.08,N,13,0
27,71295,RENT,4.717656945237851,HOMEIMPROVEMENT,A,10683,7.13,0.15,N,4,0
20,40658,RENT,1.5378617157379824,MEDICAL,A,11001,7.54,0.27,N,2,0
44,28955,MORTGAGE,2.7045562096086053,VENTURE,B,9266,10.69,0.32,N,16,0
27,48658,MORTGAGE,4.892423278497522,HOMEIMPROVEMENT,A,11584,8.04,0.24,N,3,0
49,45951,RENT,16.179703601300087,MEDICAL,D,4116,16.44,0.09,N,24,0
25,39115,MORTGAGE,0.5275575765297049,PERSONAL,A,8829,8.49,0.23,N,3,0
26,40281,RENT,0.0,MEDICAL,B,4773,11.31,0.12,N,5,0
24,103941,RENT,1.075232025485357,EDUCATION,A,11776,8.65,0.11,N,6,0
28,45439,OWN,2.3742536821649485,PERSONAL,B,10258,11.52,0.23,N,3,0
35,29034,MORTGAGE,5.080305309270072,HOMEIMPROVEMENT,A,16731,7.12,0.58,N,8,0
21,42017,RENT,,VENTURE,C,7858,13.29,0.19,N,2,0
20,55819,RENT,1.3683426863507426,PERSONAL,E,16675,18.35,0.3,N,2,0
20,25979,MORTGAGE,0.43296184884547606,PERSONAL,A,8791,8.48,0.34,N,2,1
20,132493,RENT,0.0,VENTURE,A,13535,7.36,0.1,N,2,0
20,87305,MORTGAGE,1.870462391440324,PERSONAL,B,5955,11.17,0.07,N,2,0
25,118966,MORTGAGE,4.485302236869527,MEDICAL,B,9620,9.04,0.08,N,3,0
32,67216,RENT,9.023398312995898,MEDICAL,A,9064,5.87,0.13,N,6,0
34,17127,RENT,4.995899597544501,VENTURE,C,17256,14.59,1.01,N,10,1
31,126049,MORTGAGE,3.6591032883696024,DEBTCONSOLIDATION,A,9050,7.96,0.07,N,5,0
47,33692,RENT,16.727207452976682,MEDICAL,A,9105,8.52,0.27,N,13,0
53,35235,RENT,22.31564250417711,PERSONAL,B,25620,9.34,0.73,N,17,0
27,59040,MORTGAGE,4.515882746514357,MEDICAL,A,14723,7.7,0.25,N,5,0
21,115615,MORTGAGE,1.0672992689696814,MEDICAL,C,8046,12.38,0.07,N,2,0
58,96694,RENT,23.803336800045248,PERSONAL,A,12808,8.29,0.13,N,27,0
44,89183,MORTGAGE,10.41756854223411,DEBTCONSOLIDATION,C,15494,13.59,0.17,N,15,0
43,45637,MORTGAGE,6.140431490463937,VENTURE,B,10074,10.48,0.22,N,11,0
24,45243,RENT,2.8682208394498567,MEDICAL,B,14425,11.27,0.32,N,5,0
40,65530,RENT,5.0758606319450825,HOMEIMPROVEMENT,A,9610,7.5,0.15,N,16,0
31,50436,MORTGAGE,0.2287292060683952,EDUCATION,A,17323,7.47,0.34,N,6,0
29,88355,RENT,1.2599912563021247,PERSONAL,B,2891,9.41,0.03,N,8,0
29,85525,RENT,5.703576649198513,PERSONAL,A,5425,8.65,0.06,N,4,0
35,74999,MORTGAGE,10.967261330399092,PERSONAL,B,7488,,0.1,N,6,0
48,13503,MORTGAGE,6.634152729474263,HOMEIMPROVEMENT,B,14406,11.0,1.07,N,13,1
60,58127,MORTGAGE,12.986538375512957,PERSONAL,A,11522,6.48,0.2,N,27,0
26,51028,MORTGAGE,4.6514256797231175,MEDICAL,C,6108,14.69,0.12,N,5,0
32,59421,RENT,8.251603441532776,MEDICAL,D,10279,16.2,0.17,N,11,0
29,35779,RENT,2.7331011850146307,VENTURE,B,2985,11.94,0.08,N,4,0
35,26143,MORTGAGE,12.05852915025324,EDUCATION,D,3814,16.87,0.15,N,8,0
20,69893,MORTGAGE,2.414526987676061,HOMEIMPROVEMENT,D,3478,14.11,0.05,Y,2,0
28,44535,MORTGAGE,5.366821979284001,EDUCATION,A,4859,8.18,0.11,N,6,0
56,74315,RENT,5.6318274193924935,PERSONAL,A,14070,8.29,0.19,N,15,0
23,37458,OWN,2.8051381612392485,DEBTCONSOLIDATION,B,11750,11.06,0.31,N,3,0
26,118036,RENT,0.0,DEBTCONSOLIDATION,B,8190,,0.07,N,5,0
25,93956,RENT,2.8855252731686836,VENTURE,B,14315,10.4,0.15,N,4,0
28,63783,RENT,8.080672739347055,PERSONAL,A,17912,7.52,0.28,N,4,0
20,48179,RENT,0.580475678402281,MEDICAL,B,4989,11.67,0.1,N,2,0
25,86580,MORTGAGE,1.8388397532975609,DEBTCONSOLIDATION,C,16992,14.73,0.2,N,2,1
34,67231,RENT,8.23448175566209,MEDICAL,A,6080,7.4,0.09,N,11,0
34,61772,RENT,7.025863929425035,HOMEIMPROVEMENT,C,6721,12.92,0.11,N,7,0
33,96141,RENT,9.367365901855168,EDUCATION,D,22933,17.06,0.24,N,4,0
46,118728,MORTGAGE,8.930288444870847,MEDICAL,C,10484,14.28,0.09,N,22,0
35,27205,MORTGAGE,6.782518950476932,VENTURE,A,7282,7.71,0.27,N,7,0
46,30402,MORTGAGE,12.369045791453138,DEBTCONSOLIDATION,A,12971,6.77,0.43,N,13,0
60,35272,RENT,13.787348487360795,DEBTCONSOLIDATION,B,15261,9.19,0.43,N,12,0
40,23710,MORTGAGE,13.056761683335159,MEDICAL,E,10553,19.14,0.45,N,11,0
20,52338,RENT,2.401722511301189,EDUCATION,C,7285,13.09,0.14,N,2,0
33,75362,RENT,0.8081922765025347,MEDICAL,B,11478,10.07,0.15,N,9,0
31,53541,MORTGAGE,5.661645659285246,VENTURE,A,13427,7.88,0.25,N,9,0
49,40385,RENT,16.77976877933312,VENTURE,C,8881,13.1,0.22,N,24,0
29,100664,RENT,1.2998774211739133,VENTURE,C,22202,13.14,0.22,N,5,0
22,58530,RENT,1.8020553315618248,PERSONAL,D,11214,,0.19,N,2,0
25,65423,RENT,,VENTURE,B,14813,11.07,0.23,N,3,0
20,102214,RENT,0.0,HOMEIMPROVEMENT,B,15051,9.75,0.15,N,2,0
20,50625,RENT,0.8933162631498203,MEDICAL,B,3908,9.32,0.08,Y,2,1
56,168235,RENT,20.44065043099125,PERSONAL,D,13007,15.24,0.08,N,24,0
30,42349,OWN,3.598919858400709,PERSONAL,B,13702,11.65,0.32,N,5,0
20,162571,MORTGAGE,4.777543462187661,MEDICAL,A,7215,7.04,0.04,N,2,0
51,31694,MORTGAGE,16.74114382716384,VENTURE,B,6581,10.89,0.21,N,18,0
54,72014,MORTGAGE,14.998566366097219,MEDICAL,D,3868,15.75,0.05,N,18,0
32,38048,MORTGAGE,5.593214169597477,EDUCATION,B,18775,10.34,0.49,N,6,0
20,100283,RENT,0.0,VENTURE,B,5906,11.6,0.06,N,2,0
25,41646,RENT,3.34142012253532,VENTURE,C,3977,13.6,0.1,N,3,0
28,63575,MORTGAGE,7.245825579537706,EDUCATION,C,7982,14.83,0.13,N,3,1
30,37880,RENT,5.150362731017407,VENTURE,A,5310,9.05,0.14,Y,6,0
20,90714,RENT,2.90326055404957,VENTURE,C,3936,14.77,0.04,N,2,0
41,37772,RENT,9.668846109937299,EDUCATION,B,27952,10.08,0.74,N,15,0
20,136745,MORTGAGE,0.6211108673109098,EDUCATION,D,5117,,0.04,N,2,0
43,31325,OWN,2.1505712049627483,PERSONAL,E,6124,19.69,0.2,Y,16,0
46,25845,RENT,18.096238734428287,PERSONAL,B,10260,11.14,0.4,Y,20,1
26,91432,MORTGAGE,3.6569676771386175,HOMEIMPROVEMENT,E,3897,19.43,0.04,N,2,0
29,39128,MORTGAGE,6.848463136659153,EDUCATION,A,9110,8.5,0.23,N,6,0
48,53961,RENT,12.117824296279366,EDUCATION,C,13247,14.54,0.25,N,11,0
37,45377,RENT,15.13360006311345,EDUCATION,A,10846,6.72,0.24,N,13,0
27,26319,RENT,4.777513540757657,VENTURE,A,12117,7.46,0.46,N,6,0
28,51930,MORTGAGE,3.696458944655554,PERSONAL,D,8929,15.49,0.17,N,7,0
35,108630,RENT,4.302795913586381,VENTURE,D,7360,15.91,0.07,N,12,0
54,94063,RENT,24.84100365989526,DEBTCONSOLIDATION,B,12237,10.67,0.13,N,19,0
28,61542,RENT,6.956457964744623,PERSONAL,B,11785,10.59,0.19,Y,5,0
26,99882,MORTGAGE,0.1260938120693058,HOMEIMPROVEMENT,B,4982,10.03,0.05,N,2,0
30,30250,OWN,6.330950211807524,EDUCATION,D,10178,14.99,0.34,Y,7,0
30,45297,RENT,2.116810233722555,EDUCATION,A,9264,6.28,0.2,N,6,0
33,67352,OWN,2.6070855973664364,MEDICAL,A,13428,8.97,0.2,N,5,0
29,50426,RENT,6.670273441108863,EDUCATION,C,11428,14.49,0.23,N,8,1
44,47299,RENT,6.683382134830074,HOMEIMPROVEMENT,D,1000,16.28,0.02,N,20,0
22,27991,OWN,0.0,MEDICAL,A,17798,5.21,0.64,N,2,0
35,17244,MORTGAGE,11.595615003173299,VENTURE,C,15374,12.84,0.89,Y,11,1
35,84950,RENT,7.336123464502518,MEDICAL,B,16345,,0.19,N,5,0
22,61930,RENT,3.4489429855887863,MEDICAL,A,13630,8.18,0.22,N,2,0
34,88973,MORTGAGE,6.76214799980014,EDUCATION,C,15955,13.25,0.18,N,9,0
35,42596,MORTGAGE,4.182278325349502,MEDICAL,C,7736,13.95,0.18,N,12,0
20,36606,MORTGAGE,0.0,PERSONAL,A,15053,7.43,0.41,N,2,0
21,54371,MORTGAGE,1.7712612352021428,HOMEIMPROVEMENT,B,9291,11.41,0.17,N,3,0
50,86665,MORTGAGE,21.395487236452702,VENTURE,C,3986,13.47,0.05,N,21,0
24,47700,MORTGAGE,0.0,VENTURE,A,14942,7.44,0.31,N,2,0
20,84202,MORTGAGE,1.5406705409995793,EDUCATION,B,10892,10.1,0.13,Y,2,0
20,31148,MORTGAGE,2.849498817319332,DEBTCONSOLIDATION,A,19414,8.1,0.62,N,2,0
20,49573,RENT,0.681146702462323,EDUCATION,A,10113,7.83,0.2,N,2,1
29,52126,RENT,7.64861016558179,HOMEIMPROVEMENT,A,6024,6.57,0.12,N,9,0
20,106352,RENT,1.0874211793505884,VENTURE,B,6935,10.81,0.07,Y,2,1
37,60730,MORTGAGE,10.957889666092605,EDUCATION,A,8454,7.65,0.14,N,7,0
22,141540,RENT,5.171557636259733,VENTURE,B,11066,11.27,0.08,N,2,0
33,25816,RENT,1.1717771615858812,HOMEIMPROVEMENT,A,16074,7.43,0.62,N,10,0
47,58189,RENT,19.663761576441924,MEDICAL,C,10940,12.72,0.19,N,17,0
46,59794,RENT,12.092966107601208,MEDICAL,C,4916,13.14,0.08,N,11,0
33,76195,MORTGAGE,5.433550172326869,EDUCATION,A,11141,8.97,0.15,N,11,0
20,34636,RENT,1.7899524647650131,PERSONAL,E,17414,18.33,0.5,Y,2,1
29,136823,RENT,2.4546668414146877,EDUCATION,C,10238,,0.07,N,5,0
34,54564,MORTGAGE,3.9775344304059184,DEBTCONSOLIDATION,B,12072,9.4,0.22,N,11,0
64,29795,MORTGAGE,27.040702129534647,HOMEIMPROVEMENT,B,9119,10.82,0.31,N,32,0
20,53700,RENT,0.0,HOMEIMPROVEMENT,A,9076,6.27,0.17,N,2,0
30,45604,RENT,2.4723859923162825,EDUCATION,E,16402,18.56,0.36,N,4,1
37,250391,OWN,0.0,VENTURE,A,14280,6.91,0.06,N,12,0
31,96516,RENT,6.232198786487863,EDUCATION,C,29113,12.76,0.3,Y,7,1
32,55676,OWN,9.92083927006749,PERSONAL,B,7364,9.67,0.13,Y,7,0
23,50942,RENT,4.363319951341499,DEBTCONSOLIDATION,D,6488,15.83,0.13,N,3,0
41,91407,RENT,17.249412539773406,VENTURE,B,4077,8.98,0.04,N,13,0
30,93842,RENT,5.064280957877429,DEBTCONSOLIDATION,B,8406,,0.09,N,5,0
32,12000,RENT,2.584480427405267,DEBTCONSOLIDATION,C,9356,13.57,0.78,N,10,1
42,77160,MORTGAGE,14.539849897350896,MEDICAL,A,6317,6.1,0.08,N,13,0
27,55016,OWN,6.052802455389864,PERSONAL,A,12234,6.28,0.22,N,7,0
45,26340,OWN,12.346336004367165,EDUCATION,A,14431,8.93,0.55,N,9,0
20,87914,MORTGAGE,0.9189356914650846,VENTURE,A,11942,8.76,0.14,N,2,0
33,186354,MORTGAGE,11.761570011359876,MEDICAL,A,5269,6.83,0.03,N,5,0
22,73588,MORTGAGE,2.7171576990580264,HOMEIMPROVEMENT,B,6597,10.76,0.09,Y,2,0
20,99233,MORTGAGE,0.0,VENTURE,C,9991,12.84,0.1,N,2,0
54,146131,RENT,17.980045925740946,PERSONAL,E,16960,17.87,0.12,Y,14,0
20,34315,RENT,1.2713237441636838,DEBTCONSOLIDATION,B,8875,7.99,0.26,N,2,0
31,19503,MORTGAGE,5.87664066126043,DEBTCONSOLIDATION,A,2601,8.72,0.13,N,9,0
20,77751,MORTGAGE,1.5151079865986494,DEBTCONSOLIDATION,D,8363,16.44,0.11,N,2,0
44,47278,MORTGAGE,8.048009578773144,MEDICAL,C,9658,14.09,0.2,N,12,0
26,25443,MORTGAGE,3.3633210552456254,PERSONAL,B,20484,10.93,0.81,N,2,1
42,51896,RENT,4.982243559859641,VENTURE,A,2583,7.34,0.05,N,14,0
36,80833,MORTGAGE,7.612041165385941,PERSONAL,D,14489,15.61,0.18,N,9,0
60,49914,OWN,22.452696904767272,EDUCATION,A,4115,7.47,0.08,N,12,0
20,35145,RENT,0.8047715737502966,MEDICAL,A,7483,8.67,0.21,Y,3,1
21,47909,OWN,2.053274475219525,HOMEIMPROVEMENT,C,11737,13.52,0.24,N,2,0
41,53599,MORTGAGE,13.31140388617111,MEDICAL,B,15485,,0.29,N,8,0
33,18746,MORTGAGE,10.560475252952298,VENTURE,A,6634,6.88,0.35,N,7,0
28,50084,MORTGAGE,3.755334879375771,EDUCATION,C,7627,12.31,0.15,N,6,0
56,25864,RENT,19.79435813933283,EDUCATION,C,8811,12.76,0.34,Y,27,0
30,77844,RENT,7.570000566515301,MEDICAL,C,6419,13.37,0.08,N,3,0
22,22958,MORTGAGE,1.848576530302171,VENTURE,A,19439,8.61,0.85,N,2,0
42,94559,RENT,11.832599732857341,HOMEIMPROVEMENT,A,10864,7.11,0.11,N,9,0
30,43258,RENT,6.43419813563331,MEDICAL,B,13853,9.33,0.32,Y,6,0
31,40189,RENT,2.9850940277207934,MEDICAL,D,8870,16.01,0.22,Y,4,0
38,63700,OWN,3.504715482015465,PERSONAL,A,2567,8.48,0.04,N,15,0
38,33647,RENT,0.7947501544758282,MEDICAL,B,8829,10.5,0.26,N,8,0
21,63152,RENT,0.0,HOMEIMPROVEMENT,A,16216,7.66,0.26,N,2,0
27,36219,OWN,3.1014894317185915,MEDICAL,A,3003,7.48,0.08,Y,4,1
20,39886,MORTGAGE,0.731438734204736,VENTURE,D,9608,15.83,0.24,Y,2,1
34,67706,MORTGAGE,2.8437164690441312,VENTURE,A,12713,9.42,0.19,Y,11,0
54,28963,MORTGAGE,23.505120155243915,DEBTCONSOLIDATION,C,7929,,0.27,N,28,0
21,27027,RENT,1.7224531426187857,PERSONAL,B,6734,12.0,0.25,N,2,0
20,62101,RENT,1.2606909432477724,MEDICAL,A,10634,9.81,0.17,N,2,0
24,53380,RENT,0.0,EDUCATION,D,6012,17.03,0.11,N,2,0
27,59443,MORTGAGE,1.7965632350262595,HOMEIMPROVEMENT,C,3695,13.12,0.06,N,9,0
38,64873,RENT,6.441727898526682,DEBTCONSOLIDATION,C,7963,14.21,0.12,N,6,0
26,55913,MORTGAGE,2.9727037882326393,EDUCATION,C,21791,,0.39,N,2,0
34,75693,RENT,3.5945542180625005,DEBTCONSOLIDATION,B,12496,10.93,0.17,N,4,1
25,57158,RENT,4.848295822219179,PERSONAL,B,7266,10.22,0.13,N,3,0
28,17961,MORTGAGE,6.401744539791753,VENTURE,A,12769,8.6,0.71,N,6,1
22,20716,MORTGAGE,0.6994509644923759,EDUCATION,C,17440,12.48,0.84,N,2,0
20,156431,RENT,0.0,DEBTCONSOLIDATION,B,6365,10.61,0.04,N,2,0
39,54178,RENT,11.039564003088431,EDUCATION,A,12757,8.11,0.24,N,15,0
26,91366,RENT,2.8677858971212307,PERSONAL,D,7851,15.91,0.09,Y,7,1
35,44795,RENT,6.973755847780986,EDUCATION,B,18457,11.0,0.41,N,12,0
22,52474,MORTGAGE,2.8836106979628253,DEBTCONSOLIDATION,B,7210,11.02,0.14,N,2,0
30,42220,RENT,5.164462004765483,EDUCATION,A,7711,7.95,0.18,N,2,0
20,210293,RENT,0.0,MEDICAL,D,12048,15.85,0.06,N,2,0
26,62273,MORTGAGE,1.8707164234213551,MEDICAL,E,5873,18.18,0.09,N,3,0
23,40369,MORTGAGE,2.3869324101804508,EDUCATION,B,5659,10.41,0.14,Y,2,0
44,21843,RENT,14.500005490041277,VENTURE,B,18060,9.4,0.83,N,11,0
20,160420,RENT,0.0,MEDICAL,B,16239,11.6,0.1,N,2,0
28,49523,RENT,2.697826731437761,HOMEIMPROVEMENT,A,14092,7.93,0.28,N,5,0
33,81578,RENT,7.121438216600013,PERSONAL,B,6641,10.63,0.08,N,8,1
42,86751,MORTGAGE,7.779879897961925,PERSONAL,A,25257,6.96,0.29,N,9,0
40,42000,MORTGAGE,10.698166989349765,MEDICAL,D,9810,16.1,0.23,Y,16,0
29,78421,RENT,6.623780836715877,VENTURE,A,10489,7.59,0.13,N,6,0
31,38860,MORTGAGE,6.170244888312119,EDUCATION,C,21099,13.15,0.54,N,3,0
44,31422,RENT,18.25674037452464,DEBTCONSOLIDATION,A,9383,8.34,0.3,N,10,0
29,102791,RENT,5.2089762117100395,MEDICAL,A,6299,6.6,0.06,N,8,0
32,49662,MORTGAGE,10.202659962142452,DEBTCONSOLIDATION,B,13446,9.77,0.27,N,10,0
44,72054,RENT,15.340505035261113,MEDICAL,C,10616,14.39,0.15,N,14,0
63,67914,RENT,13.539499085494366,HOMEIMPROVEMENT,C,14376,14.7,0.21,N,27,0
33,76946,MORTGAGE,9.232028482329977,EDUCATION,A,19247,7.72,0.25,N,11,0
36,23015,RENT,0.3937049022574879,EDUCATION,B,19859,9.71,0.86,N,11,0
39,39265,RENT,11.667071654504623,PERSONAL,D,7097,17.06,0.18,Y,16,1
44,45321,MORTGAGE,11.779924530094727,HOMEIMPROVEMENT,C,7960,13.67,0.18,Y,15,0
42,34292,MORTGAGE,7.7196103080848735,PERSONAL,C,2219,13.6,0.06,N,19,0
24,68593,MORTGAGE,3.9656250217466598,EDUCATION,A,6243,8.74,0.09,N,2,0
33,104067,RENT,7.7168260222442235,VENTURE,C,9255,14.17,0.09,N,10,0
42,113533,RENT,5.12301413853641,HOMEIMPROVEMENT,B,18265,10.21,0.16,N,9,0
47,44955,RENT,4.235878972460289,EDUCATION,B,9074,9.24,0.2,N,18,0
28,63613,MORTGAGE,2.1724439605305923,EDUCATION,A,15491,7.25,0.24,N,7,0
33,69224,RENT,5.358590929159916,DEBTCONSOLIDATION,A,6853,7.88,0.1,N,8,0
34,76243,MORTGAGE,10.10801268704819,HOMEIMPROVEMENT,B,5049,11.01,0.07,N,8,0
30,33423,RENT,8.142957392725801,PERSONAL,A,9662,6.52,0.29,N,6,0
33,147461,RENT,3.5208241955639292,HOMEIMPROVEMENT,B,11296,9.98,0.08,N,10,0
20,90182,RENT,1.7872837519465317,EDUCATION,C,6308,11.14,0.07,Y,2,0
72,91487,OWN,20.79251859030619,VENTURE,E,4604,18.78,0.05,Y,18,0
28,105019,MORTGAGE,5.3605650832379155,PERSONAL,A,7283,6.13,0.07,N,2,0
29,72676,OTHER,,PERSONAL,A,13377,7.13,0.18,N,6,0
20,30790,RENT,0.0,DEBTCONSOLIDATION,B,9646,9.78,0.31,N,2,0
20,50189,RENT,0.4194428534960334,HOMEIMPROVEMENT,A,5552,8.04,0.11,N,2,0
35,21849,RENT,1.2926108900013902,MEDICAL,A,6031,7.81,0.28,N,7,0
42,68069,MORTGAGE,12.68916145194441,EDUCATION,B,14189,9.91,0.21,N,17,0
40,49361,RENT,12.735981397290365,MEDICAL,B,8703,10.62,0.18,N,16,1
22,52982,RENT,0.0,PERSONAL,C,3905,14.04,0.07,N,2,0
39,105050,RENT,6.924252012077557,MEDICAL,G,17202,22.74,0.16,Y,7,0
29,42135,RENT,6.572031556967989,DEBTCONSOLIDATION,C,4066,10.8,0.1,N,4,0
26,47161,RENT,6.366000372657956,MEDICAL,A,15944,9.35,0.34,N,5,0
20,54835,RENT,3.8491442968994205,EDUCATION,C,6957,13.93,0.13,N,2,0
23,19692,RENT,3.4751391664605986,VENTURE,B,5361,11.4,0.27,N,2,0
36,46801,RENT,7.968816365309534,PERSONAL,B,10395,9.92,0.22,N,8,0
33,13805,MORTGAGE,5.525068416094204,MEDICAL,D,8402,15.25,0.61,Y,10,1
32,39260,MORTGAGE,2.523735530946548,DEBTCONSOLIDATION,C,7216,13.08,0.18,N,9,0
20,86712,RENT,3.248754224355379,VENTURE,C,10703,15.1,0.12,N,2,0
32,69285,MORTGAGE,8.711723447507854,EDUCATION,A,4414,7.25,0.06,Y,11,0
24,39059,RENT,1.0861667363940022,EDUCATION,D,10067,15.95,0.26,N,5,1
33,55405,RENT,9.622003153740122,PERSONAL,C,10460,14.99,0.19,N,10,0
45,29994,MORTGAGE,16.261186988417588,VENTURE,A,6927,7.21,0.23,N,9,0
25,54106,OWN,5.691203030347209,HOMEIMPROVEMENT,A,1038,7.51,0.02,N,4,0
31,271488,MORTGAGE,2.685945876452224,VENTURE,A,8620,6.44,0.03,N,8,0
56,149520,RENT,22.414977156165953,MEDICAL,A,8476,9.06,0.06,N,21,0
33,55767,MORTGAGE,0.0,MEDICAL,C,7996,12.89,0.14,N,3,0
30,59164,RENT,6.18521600887209,EDUCATION,A,3144,7.36,0.05,N,4,0
22,31610,RENT,2.8173055995415246,PERSONAL,D,10125,13.33,0.32,Y,3,1
39,34857,RENT,5.219881993461061,PERSONAL,C,15010,13.36,0.43,N,13,1
21,66118,MORTGAGE,0.5978200293831282,DEBTCONSOLIDATION,B,8199,10.44,0.12,N,2,0
45,40591,RENT,13.739464391906782,MEDICAL,B,4446,10.17,0.11,N,19,0
37,89079,MORTGAGE,4.539082828060578,MEDICAL,A,11938,6.11,0.13,N,6,0
24,128454,MORTGAGE,1.7139874752856012,EDUCATION,A,19460,7.94,0.15,N,3,0
22,65051,RENT,1.644362255163463,MEDICAL,A,5534,5.98,0.09,N,2,0
23,57294,MORTGAGE,2.652858566726409,VENTURE,B,5651,9.17,0.1,N,2,0
20,21494,MORTGAGE,3.4665508107747103,HOMEIMPROVEMENT,D,17445,15.79,0.81,N,2,1
35,81730,RENT,4.629519008603865,PERSONAL,D,8609,16.97,0.11,N,6,0
20,28882,RENT,0.5225138820975161,DEBTCONSOLIDATION,C,2983,13.46,0.1,Y,2,0
29,43049,MORTGAGE,2.545184726911959,MEDICAL,B,22602,10.74,0.53,N,3,0
28,91836,RENT,6.902454955022497,EDUCATION,D,1713,15.46,0.02,N,4,0
27,95450,MORTGAGE,4.274108564773154,MEDICAL,B,2683,9.96,0.03,N,5,0
35,41915,RENT,2.8400870241886516,MEDICAL,A,4667,8.2,0.11,N,6,0
25,43264,RENT,0.0,PERSONAL,C,13630,14.49,0.32,N,2,0
32,36878,OWN,6.580361260763662,MEDICAL,D,14253,16.89,0.39,N,7,0
45,28034,OWN,16.337832376380227,DEBTCONSOLIDATION,A,4013,,0.14,N,12,0
36,38210,RENT,4.873298792939186,HOMEIMPROVEMENT,A,5772,,0.15,N,8,0
26,22309,MORTGAGE,2.451710060406617,MEDICAL,A,11087,6.35,0.5,N,4,0
30,78880,RENT,0.570147298246374,PERSONAL,A,19317,7.05,0.24,N,3,0
27,67304,MORTGAGE,2.1547965552528705,PERSONAL,A,1596,6.93,0.02,N,5,0
28,73739,MORTGAGE,3.5557407125140195,EDUCATION,B,2785,10.56,0.04,Y,7,0
32,32050,RENT,1.7124811607664983,HOMEIMPROVEMENT,D,6943,16.62,0.22,N,3,0
20,28077,RENT,3.2359847175864336,EDUCATION,D,3574,15.73,0.13,N,2,0
20,55794,RENT,3.3686318749216273,DEBTCONSOLIDATION,D,16906,14.01,0.3,N,2,0
22,56120,RENT,0.24968830019289268,MEDICAL,A,8984,8.51,0.16,N,2,0
35,49961,RENT,9.264751537547513,MEDICAL,A,16114,6.78,0.32,N,6,0
37,46202,MORTGAGE,11.455282495856826,VENTURE,A,11160,6.83,0.24,N,6,0
39,138819,RENT,8.714481530914519,DEBTCONSOLIDATION,D,13380,16.52,0.1,Y,12,1
22,68481,RENT,2.304442244238768,EDUCATION,A,6261,7.09,0.09,N,2,0
31,160151,MORTGAGE,8.601294350688455,EDUCATION,B,2500,10.52,0.02,Y,10,0
26,108872,RENT,4.2279097258899,VENTURE,A,8350,7.77,0.08,N,5,0
29,138247,RENT,,EDUCATION,A,15071,7.62,0.11,N,7,0
26,30002,RENT,4.716118528636992,PERSONAL,A,22262,7.3,0.74,N,4,1
33,75075,MORTGAGE,8.678963772985304,DEBTCONSOLIDATION,C,8027,13.6,0.11,N,9,0
23,42724,RENT,1.9429413389274943,DEBTCONSOLIDATION,A,13680,9.36,0.32,N,4,1
44,21701,MORTGAGE,9.54824110802954,DEBTCONSOLIDATION,A,6192,,0.29,Y,9,1
44,123352,RENT,11.791454357977777,HOMEIMPROVEMENT,B,7313,11.27,0.06,N,12,0
35,46095,MORTGAGE,14.743058793214843,DEBTCONSOLIDATION,C,8885,13.88,0.19,N,4,0
42,30323,MORTGAGE,2.517528713391605,HOMEIMPROVEMENT,B,20146,11.85,0.66,N,10,1
20,43130,MORTGAGE,0.0,EDUCATION,D,13414,16.77,0.31,Y,2,0
44,34964,RENT,7.5008958280684235,VENTURE,B,12392,11.61,0.35,N,14,0
34,36992,RENT,7.5793206682894425,HOMEIMPROVEMENT,A,19578,8.64,0.53,N,3,1
24,47959,MORTGAGE,2.494055017908342,PERSONAL,B,5756,,0.12,N,2,0
23,140357,RENT,3.0739394459426217,DEBTCONSOLIDATION,B,7980,11.0,0.06,N,2,1
50,37553,RENT,7.99322561155014,EDUCATION,C,12444,13.31,0.33,N,11,1
39,134941,MORTGAGE,9.137543285789278,DEBTCONSOLIDATION,D,6697,17.62,0.05,Y,8,0
28,86410,MORTGAGE,1.1326658074349751,PERSONAL,C,7765,13.52,0.09,N,5,0
20,67369,RENT,0.0,EDUCATION,B,10610,9.67,0.16,N,2,0
45,81753,MORTGAGE,17.543087305726022,EDUCATION,A,9078,7.86,0.11,N,12,0
20,54584,MORTGAGE,0.13028836302226016,MEDICAL,D,4828,15.91,0.09,N,2,0
26,109900,RENT,0.4529584964131561,HOMEIMPROVEMENT,B,6143,9.75,0.06,N,2,0
28,74001,MORTGAGE,6.574362492773525,PERSONAL,C,4797,12.8,0.06,N,4,0
23,21686,MORTGAGE,0.0,HOMEIMPROVEMENT,F,13660,20.58,0.63,N,2,1
28,63763,OTHER,6.614102006780415,VENTURE,B,6017,10.63,0.09,N,2,0
30,83381,RENT,4.117994113142682,HOMEIMPROVEMENT,B,12477,9.41,0.15,N,8,0
28,46214,MORTGAGE,5.289236428987237,VENTURE,C,10116,13.23,0.22,N,6,0
33,58072,RENT,10.002184582466052,MEDICAL,A,9195,8.3,0.16,N,8,0
50,38674,RENT,20.344094120392644,EDUCATION,B,4294,8.46,0.11,N,11,0
20,25394,MORTGAGE,0.6969224870478585,HOMEIMPROVEMENT,A,10053,7.31,0.4,N,2,1
31,23093,RENT,3.713721454669137,MEDICAL,A,11799,7.53,0.51,N,5,0
20,23262,RENT,2.519095134245497,EDUCATION,B,13711,11.03,0.59,N,2,1
20,78274,RENT,1.8117923391526949,EDUCATION,B,4761,,0.06,N,2,0
41,13771,RENT,6.471144961492277,MEDICAL,C,8137,13.19,0.59,N,10,1
32,37550,RENT,5.79732757634145,DEBTCONSOLIDATION,D,15597,16.49,0.42,Y,12,0
20,35556,RENT,1.4694006540739022,VENTURE,A,14722,7.46,0.41,N,2,0
28,46388,MORTGAGE,1.496698927816148,PERSONAL,C,8888,14.91,0.19,N,7,0
20,19515,RENT,1.7305494724722434,HOMEIMPROVEMENT,B,4210,11.0,0.22,N,2,0
22,67652,MORTGAGE,3.0613317950521965,VENTURE,B,14114,11.15,0.21,N,2,0
20,26896,MORTGAGE,0.38748876590116965,DEBTCONSOLIDATION,D,9309,16.06,0.35,N,2,0
28,100994,RENT,4.399347362903322,MEDICAL,A,5372,9.0,0.05,N,3,0
38,38485,MORTGAGE,7.953996638355035,HOMEIMPROVEMENT,B,8296,10.05,0.22,N,16,0
36,51400,MORTGAGE,3.8986041788906176,EDUCATION,B,4281,,0.08,N,9,0
26,54288,MORTGAGE,0.7597363039282863,PERSONAL,C,14068,13.43,0.26,N,2,0
41,61965,RENT,7.638624445859873,PERSONAL,C,3055,13.29,0.05,N,15,0
47,55290,MORTGAGE,14.827815417567326,EDUCATION,C,16169,13.39,0.29,N,7,0
38,42834,RENT,,VENTURE,A,10797,9.08,0.25,N,10,0
24,65426,RENT,0.49522921741321246,MEDICAL,C,4327,12.87,0.07,N,6,0
29,70009,MORTGAGE,3.691856884856226,EDUCATION,B,7866,10.45,0.11,N,4,0
50,35567,RENT,17.130176279398576,PERSONAL,B,7381,9.19,0.21,N,21,0
27,68494,MORTGAGE,8.02114614818267,HOMEIMPROVEMENT,B,5605,12.01,0.08,N,3,0
36,104343,MORTGAGE,4.668423502263811,VENTURE,B,10247,8.64,0.1,N,8,0
23,79876,MORTGAGE,3.2246630108061263,VENTURE,A,19734,7.62,0.25,N,4,0
41,90472,RENT,14.335323856937446,EDUCATION,A,5912,6.43,0.07,N,16,0
22,59549,OTHER,2.0484509007514062,EDUCATION,A,9724,6.39,0.16,N,2,0
29,32374,MORTGAGE,0.19559975775191774,VENTURE,C,9383,12.79,0.29,N,5,0
36,34706,RENT,6.427642252715948,HOMEIMPROVEMENT,D,10189,15.12,0.29,Y,9,1
53,64597,RENT,7.5814300786726445,DEBTCONSOLIDATION,C,1811,13.72,0.03,N,19,0
32,90991,MORTGAGE,4.871768535404675,MEDICAL,C,16772,12.48,0.18,N,6,0
27,250759,MORTGAGE,5.1360492828883055,VENTURE,A,28440,8.33,0.11,N,8,0
26,92967,MORTGAGE,6.124560915827793,VENTURE,B,9274,11.57,0.1,N,6,0
41,28460,MORTGAGE,8.405504489716073,PERSONAL,D,13525,17.32,0.48,N,11,0
35,35525,RENT,2.813743320894217,PERSONAL,C,11567,12.28,0.33,N,5,0
37,189697,RENT,5.29911969407367,DEBTCONSOLIDATION,A,4692,6.87,0.02,N,9,0
48,48150,RENT,17.209609611115322,EDUCATION,B,8879,10.11,0.18,N,15,0
30,55610,MORTGAGE,1.2935822674149469,HOMEIMPROVEMENT,A,6191,7.05,0.11,Y,8,1
34,31944,RENT,4.219214577155448,EDUCATION,A,8400,8.14,0.26,N,10,0
26,128130,RENT,1.4906794187394155,VENTURE,B,9546,10.75,0.07,N,3,0
23,71337,RENT,4.575200621448968,HOMEIMPROVEMENT,D,9924,15.26,0.14,N,3,0
24,35382,MORTGAGE,2.300180198573335,VENTURE,C,5888,13.27,0.17,Y,2,0
20,31363,MORTGAGE,0.0,EDUCATION,B,9944,10.47,0.32,N,2,0
36,64148,RENT,3.411453723697976,MEDICAL,B,8576,10.36,0.13,N,8,0
34,55509,MORTGAGE,10.609443261635366,PERSONAL,C,16087,12.91,0.29,N,12,0
35,85618,RENT,6.1778874249103275,EDUCATION,A,13190,6.61,0.15,N,11,0
22,73191,RENT,2.2991592714521776,VENTURE,B,14568,11.1,0.2,N,2,0
24,46842,RENT,3.2980107346275034,MEDICAL,A,15130,,0.32,N,2,0
24,40171,RENT,5.103535863145468,DEBTCONSOLIDATION,B,5278,11.07,0.13,N,2,0
43,49614,RENT,7.1917812270251185,EDUCATION,A,12882,7.69,0.26,N,10,0
32,40019,MORTGAGE,9.31220107864506,PERSONAL,D,5139,15.32,0.13,Y,8,0
30,50432,MORTGAGE,2.1077270716883487,VENTURE,A,18464,7.91,0.37,N,6,1
38,54668,MORTGAGE,9.682437005588767,PERSONAL,A,12750,6.93,0.23,N,7,0
24,33061,MORTGAGE,5.157546282569662,MEDICAL,B,4932,10.95,0.15,N,2,0
34,76639,MORTGAGE,,PERSONAL,B,10126,9.87,0.13,N,11,0
56,44190,RENT,10.031054053248992,PERSONAL,C,5685,13.59,0.13,N,25,0
45,34096,MORTGAGE,6.8151918278399455,EDUCATION,A,7090,7.46,0.21,N,9,0
34,44650,MORTGAGE,6.05321493925091,DEBTCONSOLIDATION,A,11024,7.0,0.25,N,11,0
31,61897,OWN,3.8898694691924764,DEBTCONSOLIDATION,C,6584,13.25,0.11,N,8,0
35,56708,RENT,7.954471885236182,EDUCATION,C,7998,12.99,0.14,N,10,0
47,68334,RENT,19.451497756319014,PERSONAL,C,15308,14.44,0.22,Y,18,0
46,88795,MORTGAGE,12.519757212236579,PERSONAL,C,8411,12.94,0.09,Y,12,0
50,111047,MORTGAGE,9.125576869863517,EDUCATION,C,5326,13.44,0.05,N,23,0
32,63387,RENT,10.36259755525646,MEDICAL,B,2797,8.83,0.04,Y,7,0
20,30086,MORTGAGE,0.5481440420684769,HOMEIMPROVEMENT,B,13246,,0.44,Y,2,0
54,46722,RENT,6.838194696285818,VENTURE,C,13130,14.01,0.28,N,23,0
23,31182,OWN,0.0,HOMEIMPROVEMENT,A,10154,7.88,0.33,N,2,1
20,137760,RENT,1.281187105821045,PERSONAL,B,26430,10.85,0.19,N,2,0
38,161630,RENT,4.997288244580705,EDUCATION,C,7802,,0.05,N,12,0
20,77471,RENT,0.0,EDUCATION,B,16221,10.7,0.21,N,3,0
30,86868,RENT,1.06013132690948,PERSONAL,C,6204,14.65,0.07,Y,8,0
20,62194,RENT,1.5928109939064725,VENTURE,A,13644,6.76,0.22,N,2,0
27,66259,MORTGAGE,4.64944231715927,EDUCATION,A,4839,8.48,0.07,N,4,0
50,22502,MORTGAGE,17.201211163713715,PERSONAL,A,13487,6.79,0.6,N,16,0
34,52017,RENT,7.808869643176591,DEBTCONSOLIDATION,D,8016,16.24,0.15,N,11,1
30,33368,MORTGAGE,1.8012316628834213,DEBTCONSOLIDATION,D,12053,15.31,0.36,N,6,1
35,63243,RENT,3.1153686759056214,MEDICAL,A,10380,8.18,0.16,N,3,0
20,52428,RENT,0.8734257050665793,MEDICAL,A,13016,6.47,0.25,N,2,0
24,158063,RENT,0.22982951330993562,HOMEIMPROVEMENT,A,2642,6.7,0.02,N,3,0
25,89692,RENT,3.4186357562502154,DEBTCONSOLIDATION,A,8539,7.41,0.1,N,3,0
37,63353,MORTGAGE,3.039659388745524,MEDICAL,B,15718,9.87,0.25,N,8,0
21,46778,RENT,1.6619352656825097,DEBTCONSOLIDATION,A,16874,6.93,0.36,N,2,1
32,136190,MORTGAGE,4.5269184948405075,EDUCATION,C,11762,13.41,0.09,N,8,0
29,53291,MORTGAGE,3.5318769031481985,EDUCATION,C,16031,12.5,0.3,N,5,0
24,65018,MORTGAGE,4.883634745211724,EDUCATION,A,8321,7.6,0.13,N,3,0
25,55450,OWN,3.9303415878188734,EDUCATION,C,1000,13.79,0.02,Y,2,0
29,43378,OWN,0.8121307907769868,DEBTCONSOLIDATION,B,6372,9.24,0.15,N,5,0
20,55275,MORTGAGE,1.6501887471621686,PERSONAL,A,9722,7.7,0.18,N,2,0
39,18414,RENT,12.21522271685074,MEDICAL,C,10463,13.66,0.57,Y,10,1
22,23127,RENT,0.0,DEBTCONSOLIDATION,A,11390,7.85,0.49,N,2,0
27,65663,MORTGAGE,0.0,DEBTCONSOLIDATION,A,9304,7.59,0.14,N,3,0
49,128349,MORTGAGE,11.632145205872483,EDUCATION,A,9386,7.78,0.07,N,10,0
39,65612,OWN,3.749578407100913,PERSONAL,D,13918,16.28,0.21,Y,12,0
20,36453,RENT,0.0,PERSONAL,C,5609,13.7,0.15,N,2,1
20,24500,RENT,0.0,PERSONAL,B,10383,10.8,0.42,N,2,0
35,83407,RENT,5.983750969635685,PERSONAL,C,11772,14.73,0.14,N,6,0
28,39657,MORTGAGE,1.8364098331693806,EDUCATION,A,6605,8.55,0.17,N,6,0
32,77171,RENT,5.381364072309055,MEDICAL,D,7924,15.91,0.1,N,11,0
38,67132,RENT,3.2675254104949847,DEBTCONSOLIDATION,C,20067,13.0,0.3,Y,10,1
40,70478,RENT,0.8508458960642611,HOMEIMPROVEMENT,B,10117,11.52,0.14,Y,14,1
26,55186,RENT,0.3932009436129751,MEDICAL,C,30597,,0.55,N,3,1
29,66903,RENT,8.198093259922567,EDUCATION,B,9714,10.48,0.15,N,2,0
34,50731,MORTGAGE,2.440992578138051,DEBTCONSOLIDATION,D,14307,16.4,0.28,Y,5,0
35,38199,RENT,6.418519474306891,MEDICAL,C,3732,,0.1,N,9,0
32,31890,MORTGAGE,1.2615416988863832,MEDICAL,A,2630,7.92,0.08,N,9,0
48,14592,OWN,3.3416486449729894,MEDICAL,A,5169,5.91,0.35,N,20,0
35,49039,OWN,7.291242209067811,VENTURE,A,15257,,0.31,N,11,0
38,124948,MORTGAGE,,MEDICAL,A,8016,8.08,0.06,N,16,0
33,80946,MORTGAGE,7.57606084732978,PERSONAL,B,3624,9.8,0.04,N,4,0
21,61404,RENT,3.1392232713106107,EDUCATION,A,9613,7.94,0.16,N,2,0
24,36181,OTHER,1.7383116612350367,HOMEIMPROVEMENT,A,14484,7.92,0.4,N,3,0
20,93764,RENT,3.261295631876347,HOMEIMPROVEMENT,C,5534,13.96,0.06,N,2,0
42,50735,RENT,8.878264173708434,HOMEIMPROVEMENT,C,14956,13.09,0.29,N,12,0
20,128825,RENT,0.0,DEBTCONSOLIDATION,A,4282,8.11,0.03,N,2,0
28,31583,RENT,4.96954617581431,PERSONAL,A,14282,8.98,0.45,N,6,0
26,35864,RENT,4.216105232519507,MEDICAL,A,16377,7.11,0.46,N,4,0
26,33996,MORTGAGE,2.992598298045207,EDUCATION,D,6354,15.46,0.19,N,2,0
27,23976,MORTGAGE,2.007285193124929,EDUCATION,B,17607,10.36,0.73,N,2,0
51,32358,MORTGAGE,6.6437871431707975,MEDICAL,F,19434,20.72,0.6,N,10,0
20,57340,RENT,0.2853601993678403,VENTURE,D,11468,,0.2,Y,2,1
45,36617,MORTGAGE,7.872455479826953,HOMEIMPROVEMENT,D,6627,15.64,0.18,Y,15,0
28,12000,RENT,5.785300871006331,VENTURE,A,31529,8.66,2.63,N,4,1
40,97816,RENT,4.119017468530931,VENTURE,B,6066,11.41,0.06,N,12,1
31,21455,MORTGAGE,5.418105670255468,PERSONAL,F,20828,19.71,0.97,Y,8,1
20,74912,MORTGAGE,0.991241717025322,EDUCATION,A,24801,8.99,0.33,N,2,0
47,55114,RENT,15.66693497384911,HOMEIMPROVEMENT,B,11713,10.16,0.21,N,14,0
44,173607,MORTGAGE,6.898657492591729,VENTURE,B,4836,10.77,0.03,Y,20,0
20,93744,MORTGAGE,0.029575527660415712,MEDICAL,B,11180,10.53,0.12,N,2,0
36,41046,MORTGAGE,14.135808744848998,HOMEIMPROVEMENT,D,26834,16.73,0.65,N,10,0
24,36822,RENT,3.393876927517816,PERSONAL,B,6600,9.59,0.18,N,2,1
20,123809,RENT,,VENTURE,C,8968,13.08,0.07,N,2,0
22,24059,RENT,1.1803958619549424,PERSONAL,C,2233,12.77,0.09,N,3,0
46,60173,RENT,6.924782484164798,DEBTCONSOLIDATION,B,8996,9.65,0.15,N,22,0
40,50406,RENT,14.716695743566692,EDUCATION,C,13317,12.91,0.26,N,16,0
27,44856,OWN,3.7425273291033347,DEBTCONSOLIDATION,E,5232,17.83,0.12,Y,3,0
46,65803,RENT,11.37377295678759,HOMEIMPROVEMENT,E,20394,19.01,0.31,N,11,0
43,60129,OWN,4.863846702147746,PERSONAL,C,3945,13.19,0.07,N,12,0
23,69673,RENT,1.0991205253932863,PERSONAL,B,6663,10.3,0.1,N,3,0
50,58479,OWN,19.414747467627006,DEBTCONSOLIDATION,A,18408,6.03,0.31,N,20,0
26,68167,MORTGAGE,3.830577658308443,MEDICAL,A,8602,8.29,0.13,N,6,0
27,57031,RENT,6.586430797952825,HOMEIMPROVEMENT,A,22751,6.13,0.4,N,2,0
20,37696,MORTGAGE,1.7724961775854493,PERSONAL,B,2828,10.58,0.08,N,2,0
24,54295,RENT,2.314486547392219,VENTURE,A,7654,8.56,0.14,N,2,0
28,36573,RENT,0.0,PERSONAL,A,11350,8.73,0.31,N,8,0
33,35270,RENT,9.729169868799726,VENTURE,A,26310,6.39,0.75,N,9,1
20,45031,RENT,0.9991664360202366,EDUCATION,B,10196,10.36,0.23,Y,2,0
23,50732,MORTGAGE,3.0163340688000857,DEBTCONSOLIDATION,A,12768,8.12,0.25,N,3,0
50,55236,MORTGAGE,6.165456964947623,PERSONAL,C,9329,13.18,0.17,N,14,0
42,89680,RENT,13.3416374505812,DEBTCONSOLIDATION,B,8799,,0.1,N,10,0
45,41185,OWN,15.76122234193848,EDUCATION,C,6606,11.87,0.16,N,11,0
29,60371,OWN,2.7138491688055804,VENTURE,D,11911,16.12,0.2,Y,8,0
33,57809,RENT,5.008750461164683,DEBTCONSOLIDATION,A,8058,7.86,0.14,N,11,0
37,38764,RENT,13.252998152732939,HOMEIMPROVEMENT,F,13167,19.58,0.34,Y,6,0
50,56418,RENT,18.222601096387425,DEBTCONSOLIDATION,B,10103,11.14,0.18,N,14,0
20,94042,MORTGAGE,1.2711722996371717,DEBTCONSOLIDATION,A,7582,6.68,0.08,N,2,0
25,60028,RENT,3.2053673154913316,MEDICAL,A,20541,8.8,0.34,N,3,0
32,61366,RENT,4.959642948210173,DEBTCONSOLIDATION,D,6231,15.74,0.1,N,8,0
31,36756,MORTGAGE,6.142685679827064,EDUCATION,B,2270,10.37,0.06,Y,6,0
23,159990,MORTGAGE,1.548558624685384,EDUCATION,A,6783,6.67,0.04,N,2,0
36,37926,RENT,0.9323253373374603,EDUCATION,D,2048,15.72,0.05,Y,13,1
25,21649,MORTGAGE,4.405415720781791,DEBTCONSOLIDATION,C,8290,12.93,0.38,N,5,0
30,86951,MORTGAGE,4.039034622856894,EDUCATION,C,19695,,0.23,N,4,0
35,50860,RENT,11.20574085912704,EDUCATION,D,19970,16.21,0.39,N,8,0
26,45859,MORTGAGE,2.8071660009890995,MEDICAL,C,7181,13.43,0.16,N,3,0
39,40132,RENT,11.56341961424327,PERSONAL,A,12575,,0.31,N,11,0
41,151667,RENT,18.06878816515762,DEBTCONSOLIDATION,B,14096,9.62,0.09,N,14,0
23,65842,RENT,1.0714076489628388,VENTURE,C,3773,12.67,0.06,N,2,0
25,73303,RENT,3.833762313211372,VENTURE,A,17224,8.46,0.23,Y,3,0
21,59245,RENT,,EDUCATION,A,4227,6.9,0.07,N,2,0
30,62851,RENT,7.842097609732399,MEDICAL,A,7498,7.74,0.12,N,7,0
33,116919,MORTGAGE,7.631558289127071,EDUCATION,A,4914,5.66,0.04,N,5,0
53,47194,MORTGAGE,20.68425237823274,VENTURE,A,11304,7.84,0.24,N,15,0
26,24311,RENT,4.323100190697064,PERSONAL,C,5807,14.43,0.24,N,2,1
33,87328,RENT,4.369805228916613,MEDICAL,C,6616,13.6,0.08,N,12,0
25,71195,MORTGAGE,0.9994567502237678,DEBTCONSOLIDATION,A,15467,7.64,0.22,N,2,0
25,57491,RENT,0.3115662653215985,HOMEIMPROVEMENT,C,7095,,0.12,N,3,0
34,70186,RENT,8.55119054953651,EDUCATION,B,9412,10.73,0.13,N,7,0
26,44182,RENT,3.350535932067165,EDUCATION,A,4186,6.95,0.09,N,3,0
29,54796,MORTGAGE,7.218144972850446,DEBTCONSOLIDATION,A,3359,7.15,0.06,N,7,0
34,50390,MORTGAGE,4.7744186307163785,EDUCATION,A,10444,7.01,0.21,Y,6,0
33,39131,MORTGAGE,8.251385405473773,MEDICAL,C,6922,14.28,0.18,N,10,0
20,104197,RENT,2.049507128020454,VENTURE,A,22362,8.53,0.21,N,2,0
25,24915,MORTGAGE,3.4488927327679635,HOMEIMPROVEMENT,A,27740,8.35,1.11,N,3,0
43,198488,RENT,14.655688638668316,PERSONAL,A,4435,6.92,0.02,N,13,0
20,87776,RENT,2.7666177260618268,EDUCATION,D,3446,16.06,0.04,N,2,0
20,20376,MORTGAGE,2.2522342186039683,EDUCATION,C,22621,14.06,1.11,N,2,1
36,47892,MORTGAGE,1.5844431207968923,EDUCATION,B,12096,9.57,0.25,N,8,0
32,49379,RENT,9.14508580284477,MEDICAL,D,10301,16.73,0.21,N,7,0
20,67207,RENT,1.5076709377334079,VENTURE,A,3710,,0.06,N,2,0
31,31440,MORTGAGE,7.686373059955722,DEBTCONSOLIDATION,C,26609,13.98,0.85,N,11,1
24,55139,MORTGAGE,3.9361573208308362,MEDICAL,A,5666,8.16,0.1,N,4,0
35,50684,MORTGAGE,11.506073298426688,MEDICAL,A,14372,7.43,0.28,N,12,0
20,36109,RENT,2.00257725382121,MEDICAL,C,13968,12.83,0.39,N,2,0
27,33449,MORTGAGE,3.3530238863727284,EDUCATION,C,3232,14.44,0.1,N,7,0
25,89800,MORTGAGE,3.9156416576347786,HOMEIMPROVEMENT,A,6327,7.54,0.07,N,5,0
39,21308,MORTGAGE,3.3555638362551283,EDUCATION,A,3908,7.08,0.18,N,14,0
20,70462,RENT,0.6604252295242177,MEDICAL,B,2363,10.6,0.03,N,2,0
30,84004,RENT,6.191145112908799,EDUCATION,C,8287,13.6,0.1,Y,8,1
36,48040,RENT,5.849307238505841,VENTURE,A,4243,,0.09,N,13,0
53,55759,RENT,20.580950017980463,HOMEIMPROVEMENT,C,5682,13.94,0.1,Y,27,0
25,102736,RENT,2.2261060796582193,EDUCATION,D,3634,17.53,0.04,Y,3,0
33,36766,MORTGAGE,3.4320101718939053,VENTURE,A,7686,6.51,0.21,N,7,0
20,38913,RENT,0.41135621758661,EDUCATION,D,22256,15.02,0.57,N,2,0
30,41253,MORTGAGE,5.596432050458818,DEBTCONSOLIDATION,A,11178,8.49,0.27,N,4,0
44,102839,RENT,6.385323909122942,PERSONAL,C,6810,14.13,0.07,Y,12,1
53,110278,RENT,5.842207038676529,PERSONAL,C,9015,14.84,0.08,N,12,0
34,25141,MORTGAGE,5.79773063319965,VENTURE,B,10723,12.01,0.43,N,10,1
20,94224,RENT,0.0,HOMEIMPROVEMENT,A,10819,8.12,0.11,N,2,0
46,84999,RENT,4.200731013785174,VENTURE,D,7863,15.08,0.09,N,22,0
20,127322,RENT,0.0,VENTURE,A,6087,7.78,0.05,N,2,0
20,66957,MORTGAGE,1.1011734353663947,PERSONAL,B,14319,10.22,0.21,N,2,0
47,52873,OTHER,19.975880243853297,VENTURE,B,4628,10.9,0.09,N,22,0
29,101708,MORTGAGE,4.319964256815435,EDUCATION,B,14442,9.92,0.14,N,7,0
24,79570,MORTGAGE,4.886379828622835,MEDICAL,B,7199,10.94,0.09,N,2,0
38,186221,RENT,8.665264725068665,EDUCATION,B,17310,11.09,0.09,N,11,0
32,91792,MORTGAGE,8.032341387572023,VENTURE,A,5047,7.74,0.05,N,7,0
59,58950,OWN,10.732989289864099,PERSONAL,C,4982,13.85,0.08,N,28,0
42,28402,MORTGAGE,16.99475768826068,EDUCATION,A,9609,8.1,0.34,N,16,0
32,39359,MORTGAGE,3.486898919882978,PERSONAL,A,5639,6.91,0.14,N,7,0
32,24593,MORTGAGE,7.042750746829082,HOMEIMPROVEMENT,B,22741,10.76,0.92,N,8,1
42,48132,RENT,10.037007471605671,MEDICAL,B,6198,10.45,0.13,N,13,0
29,90159,MORTGAGE,0.0,MEDICAL,A,5324,8.41,0.06,N,7,0
22,54067,MORTGAGE,1.806641059792021,HOMEIMPROVEMENT,B,11835,11.15,0.22,N,2,0
38,95030,MORTGAGE,3.851528219461196,PERSONAL,B,1830,10.06,0.02,N,15,0
27,65229,MORTGAGE,3.326691075141098,EDUCATION,B,2585,11.08,0.04,N,4,0
33,43403,MORTGAGE,2.6277005168220873,VENTURE,C,23532,14.62,0.54,N,8,0
20,56851,MORTGAGE,1.1469831205453853,PERSONAL,E,13083,18.84,0.23,N,2,0
28,70238,RENT,6.346838968823443,PERSONAL,B,10765,10.26,0.15,N,3,0
25,58487,RENT,2.6967664456821216,PERSONAL,C,5842,12.65,0.1,Y,5,0
20,58857,OWN,0.15592635305060565,PERSONAL,A,8596,5.93,0.15,N,2,0
29,35490,MORTGAGE,6.114387263810985,DEBTCONSOLIDATION,C,6319,14.39,0.18,N,6,0
29,42696,OWN,6.507441586885051,MEDICAL,B,7071,9.42,0.17,N,4,0
34,187616,MORTGAGE,10.331980051348832,PERSONAL,B,15120,9.69,0.08,N,7,0
43,106474,MORTGAGE,13.769753900163355,HOMEIMPROVEMENT,D,11385,16.08,0.11,N,17,0
41,24086,RENT,12.358281664123956,VENTURE,A,7495,7.75,0.31,N,14,0
25,14737,RENT,1.6682911737760469,DEBTCONSOLIDATION,B,3047,11.68,0.21,N,6,0
32,56494,MORTGAGE,,MEDICAL,A,28566,7.8,0.51,N,5,0
35,88557,RENT,2.47173194496197,MEDICAL,C,4743,13.29,0.05,N,9,0
26,40701,MORTGAGE,1.7770566726601646,HOMEIMPROVEMENT,C,15187,13.29,0.37,N,4,0
20,95026,MORTGAGE,1.5470698856999596,EDUCATION,B,6202,9.29,0.07,Y,2,0
28,55983,RENT,7.398203489075323,MEDICAL,B,10271,11.65,0.18,N,7,0
44,49529,MORTGAGE,15.645651431313865,VENTURE,C,5346,14.21,0.11,N,17,0
20,82113,RENT,0.0,VENTURE,A,6071,7.72,0.07,N,2,0
21,40435,RENT,5.258045303063653,PERSONAL,A,5788,8.65,0.14,N,2,0
22,46272,RENT,3.6432135711275215,EDUCATION,B,9865,11.36,0.21,N,2,0
21,78322,MORTGAGE,0.21319597865190187,EDUCATION,B,5847,,0.07,Y,2,0
38,53248,RENT,10.76613047998098,MEDICAL,B,9626,10.47,0.18,N,15,0
24,154790,RENT,0.5032102969912391,VENTURE,A,18518,7.53,0.12,N,3,0
38,79348,RENT,8.094813036777051,PERSONAL,B,4463,9.32,0.06,N,9,0
30,76561,RENT,8.53800397189485,PERSONAL,D,4480,16.86,0.06,Y,9,0
20,52721,MORTGAGE,0.45774016857592364,VENTURE,A,20737,7.34,0.39,N,2,0
26,87650,RENT,2.6633543272521,MEDICAL,C,13257,14.35,0.15,N,3,0
41,45368,MORTGAGE,4.367597312426705,DEBTCONSOLIDATION,B,9277,11.09,0.2,N,11,0
31,63278,RENT,11.26682971151817,EDUCATION,D,3561,16.08,0.06,N,9,0
26,32729,MORTGAGE,3.56053163755369,EDUCATION,B,3131,11.17,0.1,N,5,0
44,95960,RENT,4.268065296311279,DEBTCONSOLIDATION,B,5288,9.88,0.06,N,11,0
20,63565,OWN,0.0,MEDICAL,C,10025,12.32,0.16,N,2,0
24,161196,RENT,1.4154904983542624,VENTURE,A,15837,7.38,0.1,N,2,0
40,201947,MORTGAGE,6.562497811024562,MEDICAL,B,9858,10.85,0.05,Y,13,0
37,82439,MORTGAGE,10.593407825751772,VENTURE,B,10208,11.19,0.12,N,9,0
20,56254,MORTGAGE,1.731498058075212,MEDICAL,B,16942,10.57,0.3,N,2,0
35,32198,MORTGAGE,4.282768281242915,HOMEIMPROVEMENT,A,11784,6.78,0.37,N,12,0
24,89108,RENT,2.612491955802996,MEDICAL,A,6685,8.54,0.08,N,3,0
20,60818,MORTGAGE,0.5292325278553761,PERSONAL,A,8936,7.21,0.15,N,2,0
27,72832,RENT,6.142792025463205,DEBTCONSOLIDATION,C,16079,13.81,0.22,N,7,0
55,140278,MORTGAGE,2.364036571251898,PERSONAL,D,10724,16.4,0.08,Y,21,0
42,34425,OWN,6.358817602292064,PERSONAL,A,21690,7.56,0.63,N,14,0
29,32585,MORTGAGE,5.5045487086257054,PERSONAL,A,5923,5.95,0.18,N,4,0
20,47570,RENT,3.780211221463885,VENTURE,G,4753,21.96,0.1,Y,2,1
20,85106,RENT,0.4367861692910292,DEBTCONSOLIDATION,C,11181,13.87,0.13,N,2,0
30,73510,RENT,2.2378611859786117,EDUCATION,D,9724,17.26,0.13,Y,8,0
34,33102,RENT,6.300179207004378,DEBTCONSOLIDATION,A,4455,,0.13,N,7,0
38,82133,RENT,9.768317772649489,PERSONAL,C,6368,13.89,0.08,N,14,0
36,27982,RENT,8.607488021073173,DEBTCONSOLIDATION,C,18608,,0.66,Y,8,1
37,34174,OTHER,12.759981609459953,EDUCATION,A,12065,8.35,0.35,N,9,0
33,50843,MORTGAGE,4.606954538528792,DEBTCONSOLIDATION,A,6638,8.24,0.13,N,10,0
44,39959,MORTGAGE,10.926638301022315,EDUCATION,A,5173,7.96,0.13,N,19,0
25,88381,RENT,,PERSONAL,A,7503,7.72,0.08,N,3,0
30,63418,MORTGAGE,4.930859408106222,VENTURE,E,15616,18.9,0.25,N,8,1
20,143065,OWN,0.8586877642773957,PERSONAL,B,9531,11.48,0.07,N,2,0
25,47289,MORTGAGE,2.3690598343096467,PERSONAL,C,8836,13.46,0.19,N,3,0
41,50654,RENT,9.998211971339403,EDUCATION,C,16040,13.8,0.32,N,19,0
37,105420,RENT,,VENTURE,B,4597,10.25,0.04,N,12,0
20,51533,OTHER,1.3323486208459,MEDICAL,C,5746,13.51,0.11,N,2,0
56,123217,RENT,14.159657693750932,PERSONAL,A,9992,7.59,0.08,N,15,0
31,72944,MORTGAGE,6.484905388339479,DEBTCONSOLIDATION,B,8826,10.99,0.12,N,5,0
32,14853,RENT,7.154339254793344,EDUCATION,E,7779,,0.52,N,9,0
24,103534,RENT,0.32418301317212617,VENTURE,A,16464,7.4,0.16,N,3,0
26,89500,MORTGAGE,4.907586471531062,PERSONAL,B,2559,10.77,0.03,N,3,0
31,91421,RENT,2.9479409183313487,MEDICAL,C,4877,13.4,0.05,N,3,0
36,18938,RENT,7.109298172519395,HOMEIMPROVEMENT,C,4860,13.63,0.26,N,5,0
33,37622,RENT,2.613014699196838,VENTURE,B,12694,9.55,0.34,N,11,0
25,39191,OWN,1.1370176141639705,EDUCATION,D,7095,16.44,0.18,N,4,0
21,34111,RENT,1.6675234944626012,EDUCATION,A,26839,7.01,0.79,N,2,0
21,141217,MORTGAGE,1.6952415832638839,VENTURE,C,16886,,0.12,N,2,0
42,53826,RENT,8.580436785703188,MEDICAL,D,7123,16.23,0.13,Y,19,0
41,53097,MORTGAGE,16.548693550165652,EDUCATION,A,12493,7.77,0.24,N,13,0
35,73394,OTHER,7.717466956317852,EDUCATION,B,12144,10.85,0.17,N,11,0
42,74095,RENT,7.424295581455538,PERSONAL,B,19567,10.86,0.26,N,18,0
29,12000,RENT,4.962508236977565,PERSONAL,A,7927,7.84,0.66,N,5,0
39,37968,RENT,13.619776030511888,EDUCATION,B,6547,,0.17,N,13,0
36,24908,MORTGAGE,11.361950613100246,PERSONAL,B,11670,11.17,0.47,N,10,0
40,67519,RENT,4.602515589095381,HOMEIMPROVEMENT,D,7986,16.75,0.12,Y,16,0
20,46217,RENT,0.24237805725712425,HOMEIMPROVEMENT,B,13287,10.96,0.29,N,2,0
20,54636,RENT,0.7751276167143135,DEBTCONSOLIDATION,D,18373,16.69,0.34,N,2,0
33,17271,RENT,3.825313454986201,DEBTCONSOLIDATION,A,5264,7.16,0.3,N,7,0
20,45687,RENT,1.8870101736400573,MEDICAL,A,6198,8.02,0.14,N,2,0
26,100039,MORTGAGE,5.955019713527555,EDUCATION,E,17479,19.43,0.17,N,2,0
20,117617,MORTGAGE,1.7424947515939886,VENTURE,D,9249,15.83,0.08,Y,2,1
45,80448,RENT,14.457869141922114,PERSONAL,A,9440,8.6,0.12,N,17,0
41,25990,MORTGAGE,11.440506273059505,DEBTCONSOLIDATION,B,15923,10.23,0.61,N,8,0
34,108301,MORTGAGE,,MEDICAL,B,8668,10.88,0.08,N,4,0
22,80676,MORTGAGE,2.6417550032569483,VENTURE,B,14376,9.69,0.18,N,3,0
20,50794,MORTGAGE,0.0,PERSONAL,D,5537,16.64,0.11,N,2,0
20,17787,MORTGAGE,1.0947556142263506,VENTURE,C,7293,14.48,0.41,N,2,0
24,91535,MORTGAGE,4.780420138370783,VENTURE,A,20086,7.48,0.22,N,2,0
38,39116,MORTGAGE,0.16873990797380456,MEDICAL,A,9333,6.44,0.24,N,10,0
26,65538,RENT,2.4375877695020347,HOMEIMPROVEMENT,A,5347,7.53,0.08,N,3,0
35,56253,RENT,1.3875461759434848,VENTURE,C,5234,12.79,0.09,N,8,0
36,126262,RENT,7.406964977639946,VENTURE,B,8822,10.57,0.07,N,7,0
37,50566,MORTGAGE,11.942756979739858,MEDICAL,E,14669,19.17,0.29,N,10,0
20,53727,RENT,0.6297804133101166,VENTURE,C,1588,13.88,0.03,N,2,0
23,129086,MORTGAGE,0.0,MEDICAL,A,6781,6.26,0.05,N,2,0
35,37721,RENT,5.901553270036532,MEDICAL,C,12174,13.24,0.32,N,6,0
48,84785,MORTGAGE,16.882445820884186,MEDICAL,B,10519,10.66,0.12,N,22,0
43,48570,RENT,17.74444180641919,EDUCATION,A,11547,8.61,0.24,N,14,0
33,31213,MORTGAGE,4.875332253015703,PERSONAL,B,5886,10.38,0.19,N,10,0
45,54210,MORTGAGE,19.82380056326013,VENTURE,E,9893,18.9,0.18,N,20,0
33,79255,RENT,2.121556568666496,HOMEIMPROVEMENT,B,16256,10.64,0.21,N,10,0
20,114066,RENT,4.426407275568251,EDUCATION,C,7171,13.03,0.06,N,2,0
37,121915,MORTGAGE,11.643120642952569,EDUCATION,B,9608,10.14,0.08,N,12,0
44,46068,RENT,15.293563291497206,DEBTCONSOLIDATION,B,2927,10.35,0.06,N,9,0
53,31477,MORTGAGE,13.183345345582184,EDUCATION,C,12051,14.52,0.38,N,22,0
24,45464,MORTGAGE,0.0,EDUCATION,C,6010,12.88,0.13,N,2,0
20,28287,MORTGAGE,3.46030531389219,EDUCATION,A,4157,7.36,0.15,N,2,0
39,48071,MORTGAGE,14.984902206069995,DEBTCONSOLIDATION,A,6753,7.02,0.14,N,12,1
34,44895,MORTGAGE,1.2432460693416139,DEBTCONSOLIDATION,B,12405,11.54,0.28,N,6,0
33,80831,MORTGAGE,8.44879734149019,MEDICAL,A,6102,7.81,0.08,N,3,0
45,16102,OWN,10.640084954457057,PERSONAL,C,4683,14.6,0.29,N,12,0
39,36189,RENT,6.337325578149759,VENTURE,A,13526,5.37,0.37,N,14,0
35,36350,RENT,3.391124423462641,HOMEIMPROVEMENT,C,5251,14.24,0.14,N,5,0
25,104080,RENT,2.5231522523680114,EDUCATION,B,26039,9.78,0.25,N,3,0
38,29359,MORTGAGE,12.858987496546371,DEBTCONSOLIDATION,A,15896,7.03,0.54,N,14,0
20,61369,RENT,0.2752276658674192,EDUCATION,B,20141,10.35,0.33,N,2,0
33,50489,MORTGAGE,10.4126719382697,VENTURE,A,10098,7.49,0.2,N,12,0
29,96150,RENT,,EDUCATION,A,5954,7.49,0.06,N,4,0
20,75185,MORTGAGE,0.6143240950615706,PERSONAL,C,16517,12.93,0.22,N,2,0
34,57912,RENT,9.653164068726017,PERSONAL,B,4426,10.42,0.08,N,4,0
24,39931,RENT,4.135169578422907,VENTURE,C,2676,13.42,0.07,N,2,0
34,19559,RENT,8.25766827994391,PERSONAL,B,11566,9.18,0.59,N,12,0
21,62062,RENT,0.3950277192833651,PERSONAL,A,3866,7.78,0.06,N,3,0
40,72531,RENT,13.708848054709842,DEBTCONSOLIDATION,B,8798,10.51,0.12,N,14,0
51,22784,OWN,20.38991235411068,MEDICAL,C,8494,13.65,0.37,N,24,0
20,27486,RENT,0.0,VENTURE,A,14371,7.1,0.52,N,2,0
21,62241,MORTGAGE,3.7227662988503427,EDUCATION,B,4256,10.52,0.07,N,2,0
20,65285,RENT,2.8442657011496975,VENTURE,A,3478,5.76,0.05,N,2,0
28,31418,RENT,1.4380105968081238,PERSONAL,A,8113,7.07,0.26,N,4,0
34,39508,MORTGAGE,10.240283280455941,PERSONAL,B,1334,10.14,0.03,N,8,0
38,19730,RENT,8.147714980611449,PERSONAL,B,11088,10.46,0.56,N,8,0
33,115554,MORTGAGE,7.956860977098221,MEDICAL,C,10524,13.48,0.09,N,9,0
37,26504,MORTGAGE,5.625221944828769,PERSONAL,B,10632,11.26,0.4,N,7,0
29,73002,RENT,1.3708169608248857,MEDICAL,A,8020,6.61,0.11,N,5,0
24,53144,MORTGAGE,0.18177582799239866,HOMEIMPROVEMENT,B,23010,11.08,0.43,N,2,0
21,110114,RENT,1.1691528359250287,MEDICAL,B,11758,12.1,0.11,N,2,0
28,35040,MORTGAGE,,PERSONAL,B,13531,10.11,0.39,N,3,0
21,56032,MORTGAGE,2.2057395224180096,DEBTCONSOLIDATION,C,6437,14.09,0.11,N,2,0
34,21287,MORTGAGE,4.8521815946925635,HOMEIMPROVEMENT,A,8196,8.65,0.39,N,4,0
21,18653,RENT,0.21473226667308,VENTURE,D,5414,17.12,0.29,Y,2,1
25,75205,RENT,3.9623872136483236,MEDICAL,B,9899,10.27,0.13,N,4,0
42,20297,MORTGAGE,14.398031972716703,VENTURE,B,5474,11.37,0.27,N,10,0
44,47785,OWN,3.345560546314366,MEDICAL,D,13741,16.69,0.29,N,13,0
43,94486,OWN,10.685018560705736,PERSONAL,C,9051,14.46,0.1,N,7,0
29,81689,RENT,6.256056445574119,HOMEIMPROVEMENT,A,1000,8.05,0.01,N,9,0
25,37589,MORTGAGE,4.147280516017425,EDUCATION,B,5157,11.44,0.14,N,2,0
35,22613,OWN,10.509870953179867,PERSONAL,A,19114,7.32,0.85,N,11,1
22,71698,RENT,0.0,HOMEIMPROVEMENT,B,19831,10.13,0.28,N,3,0
38,113350,MORTGAGE,3.2579676836031153,EDUCATION,C,12594,11.76,0.11,N,13,0
24,37637,RENT,4.242714975694878,VENTURE,B,8177,10.16,0.22,N,2,0
28,34828,RENT,5.017843583023293,DEBTCONSOLIDATION,A,17738,7.25,0.51,N,3,0
38,40591,RENT,12.91046974769934,HOMEIMPROVEMENT,B,8537,9.06,0.21,N,12,0
20,74190,MORTGAGE,1.0514255681906584,VENTURE,A,17250,7.54,0.23,N,2,0
24,106477,MORTGAGE,4.812501237047129,EDUCATION,B,9858,11.36,0.09,N,3,0
34,27397,MORTGAGE,0.272168266372961,EDUCATION,B,7719,9.77,0.28,N,9,0
36,23764,RENT,7.912149245021312,PERSONAL,B,13700,12.0,0.58,N,9,1
34,196221,RENT,6.435519368879095,EDUCATION,B,4748,10.8,0.02,N,11,0
28,49142,MORTGAGE,5.620521456856547,EDUCATION,A,5479,8.18,0.11,N,8,0
40,62261,MORTGAGE,16.7109793074013,DEBTCONSOLIDATION,D,3668,15.96,0.06,Y,10,0
21,37028,MORTGAGE,,DEBTCONSOLIDATION,C,11824,12.79,0.32,N,2,0
21,70932,RENT,0.13893009497688824,DEBTCONSOLIDATION,A,8845,7.93,0.12,N,2,0
34,91861,MORTGAGE,8.2253733554439,EDUCATION,E,34883,19.11,0.38,Y,10,0
20,63888,MORTGAGE,0.0,EDUCATION,D,12059,15.86,0.19,N,2,0
51,141134,MORTGAGE,14.57421779750217,DEBTCONSOLIDATION,A,7579,7.7,0.05,N,20,0
39,45265,MORTGAGE,4.081788171612154,PERSONAL,C,8467,13.49,0.19,N,15,0
24,46883,OWN,1.389989271285002,DEBTCONSOLIDATION,B,10508,9.98,0.22,N,2,0
39,61529,MORTGAGE,8.268387873405892,HOMEIMPROVEMENT,A,6453,7.76,0.1,N,10,0
20,69963,MORTGAGE,3.1219845081514848,DEBTCONSOLIDATION,A,1678,6.94,0.02,N,2,0
47,61412,MORTGAGE,16.69959842791369,VENTURE,B,3695,11.11,0.06,N,9,0
30,26730,RENT,8.840115704416583,MEDICAL,A,6964,9.35,0.26,N,7,0
24,64336,MORTGAGE,1.3184508231226193,PERSONAL,C,3017,14.38,0.05,N,3,0
27,44099,MORTGAGE,2.6529574997459524,PERSONAL,A,9202,7.35,0.21,N,3,0
23,39358,RENT,3.303120972052148,MEDICAL,D,15789,16.28,0.4,N,3,0
28,55152,MORTGAGE,3.5992628679040624,DEBTCONSOLIDATION,C,5508,14.41,0.1,N,4,0
20,31925,MORTGAGE,0.6324929201736983,EDUCATION,C,7091,13.42,0.22,N,2,0
53,29014,RENT,4.943041040256165,DEBTCONSOLIDATION,A,8408,7.95,0.29,N,25,1
24,12855,MORTGAGE,0.2927994818902304,EDUCATION,C,7671,14.07,0.6,N,3,0
39,141631,RENT,13.78090613474524,VENTURE,B,9261,10.71,0.07,N,11,0
32,73544,MORTGAGE,3.578123862368099,DEBTCONSOLIDATION,B,2193,10.65,0.03,N,9,0
21,50806,RENT,1.0192327231662024,EDUCATION,A,16685,,0.33,N,2,0
28,37534,MORTGAGE,6.927442537425014,VENTURE,C,8029,14.89,0.21,N,5,0
44,12000,MORTGAGE,1.0802449995991408,EDUCATION,A,5174,7.43,0.43,N,15,0
25,36290,MORTGAGE,2.0235854034903076,HOMEIMPROVEMENT,C,10836,14.49,0.3,N,5,0
20,80316,OTHER,0.0,DEBTCONSOLIDATION,C,15349,,0.19,N,2,0
36,90961,RENT,3.4311716989602674,HOMEIMPROVEMENT,B,4635,10.89,0.05,N,8,0
20,77131,MORTGAGE,2.5428493128542984,DEBTCONSOLIDATION,A,11089,5.75,0.14,N,2,0
27,59107,RENT,2.9193940199649324,DEBTCONSOLIDATION,A,18185,6.88,0.31,N,2,0
45,110982,MORTGAGE,12.099009340048443,EDUCATION,B,18261,9.67,0.16,N,11,0
28,45220,MORTGAGE,0.0,MEDICAL,A,13911,8.81,0.31,N,2,0
41,98405,OWN,1.6595949324708372,VENTURE,A,6530,7.27,0.07,N,16,0
20,43847,MORTGAGE,0.5155301091857227,PERSONAL,A,4790,7.46,0.11,N,2,0
27,33368,RENT,1.7272831779039228,DEBTCONSOLIDATION,C,5473,13.32,0.16,Y,7,1
26,31158,RENT,0.8084393469409923,MEDICAL,A,18036,6.34,0.58,N,6,0
35,30167,MORTGAGE,10.011068582665583,EDUCATION,D,12557,16.23,0.42,Y,10,1
31,77845,MORTGAGE,5.1048939393386155,VENTURE,B,14157,10.56,0.18,N,7,1
20,36007,RENT,0.7926262079458182,EDUCATION,C,8871,12.85,0.25,N,2,0
47,30694,RENT,9.221021037048901,PERSONAL,A,2379,8.6,0.08,N,21,0
25,80222,MORTGAGE,6.074592768587403,PERSONAL,D,11003,17.08,0.14,N,2,0
30,64885,RENT,7.111255638694082,DEBTCONSOLIDATION,A,5161,6.49,0.08,N,4,0
27,91989,MORTGAGE,2.7686793681309756,EDUCATION,A,16029,6.95,0.17,N,3,0
30,71820,MORTGAGE,6.413214598208059,HOMEIMPROVEMENT,A,5504,7.88,0.08,N,7,0
29,35803,MORTGAGE,2.686977695035353,EDUCATION,A,10303,7.13,0.29,N,5,0
22,56492,RENT,2.8056665649731487,MEDICAL,B,12788,10.33,0.23,Y,2,0
39,58036,RENT,9.769371493711084,PERSONAL,C,35000,12.69,0.6,N,15,0
23,32678,MORTGAGE,2.091655513443319,EDUCATION,A,8697,6.69,0.27,N,2,0
23,29509,OTHER,0.07210437689308202,EDUCATION,C,8919,13.08,0.3,N,3,0
20,37257,RENT,1.8590133028699083,EDUCATION,C,16105,13.6,0.43,N,2,0
25,166062,RENT,3.864029077721441,PERSONAL,D,8099,16.16,0.05,Y,3,0
23,43173,RENT,2.813329089941169,HOMEIMPROVEMENT,A,7135,6.85,0.17,N,3,0
20,106732,MORTGAGE,2.942250852788451,VENTURE,A,6066,6.58,0.06,N,2,0
20,41866,MORTGAGE,1.835895969261439,PERSONAL,A,9548,6.51,0.23,N,2,0
28,88332,RENT,0.17498908794199552,MEDICAL,B,6649,11.29,0.08,N,2,0
47,88998,RENT,1.9886809220008317,EDUCATION,B,18781,12.2,0.21,N,19,0
20,91484,MORTGAGE,0.5264515554844197,EDUCATION,B,13865,10.84,0.15,Y,2,0
29,67057,RENT,1.9405095585021936,DEBTCONSOLIDATION,A,10000,5.45,0.15,N,7,0
27,115560,MORTGAGE,1.9621205940771191,EDUCATION,B,9470,10.95,0.08,N,3,0
37,66708,MORTGAGE,11.252023416096682,HOMEIMPROVEMENT,B,5846,11.45,0.09,N,10,0
38,139029,MORTGAGE,6.558397982205973,EDUCATION,B,8830,9.98,0.06,N,7,0
58,22226,MORTGAGE,16.869921206260003,PERSONAL,A,8328,8.2,0.37,N,13,0
32,65614,MORTGAGE,4.633366256006089,HOMEIMPROVEMENT,B,23423,11.36,0.36,N,5,0
22,63311,MORTGAGE,5.083882981017091,MEDICAL,C,8039,14.53,0.13,N,3,0
24,32367,RENT,3.3850203255441436,DEBTCONSOLIDATION,C,12046,13.03,0.37,N,2,0
25,74516,RENT,3.7860464897302646,MEDICAL,D,12426,16.06,0.17,Y,5,1
24,23871,MORTGAGE,4.167148595210216,MEDICAL,C,5060,13.65,0.21,N,6,0
50,37805,RENT,21.986470365151682,MEDICAL,A,7940,8.55,0.21,N,17,0
37,18042,OWN,4.891099613198081,DEBTCONSOLIDATION,A,13675,7.17,0.76,N,4,0
20,127675,RENT,0.0,MEDICAL,D,4688,16.75,0.04,N,2,0
35,47698,OWN,8.751835864334499,MEDICAL,C,26441,13.72,0.55,Y,8,0
20,178400,MORTGAGE,2.006193750768663,HOMEIMPROVEMENT,C,9871,14.27,0.06,N,3,0
38,84256,MORTGAGE,8.776183093484034,MEDICAL,C,6596,14.11,0.08,N,11,0
43,69317,RENT,10.55967156246204,VENTURE,A,4107,6.98,0.06,N,8,0
28,39244,OTHER,6.35776248378913,HOMEIMPROVEMENT,C,20675,13.72,0.53,N,4,0
24,30470,RENT,1.8218310258941353,MEDICAL,A,8242,6.95,0.27,N,3,0
48,72231,RENT,15.356876346729287,MEDICAL,B,11918,10.48,0.16,N,21,0
23,52086,RENT,3.5588544194291547,DEBTCONSOLIDATION,B,4509,11.9,0.09,N,2,0
22,25936,OWN,0.0,MEDICAL,B,6033,10.16,0.23,Y,2,0
21,23522,RENT,0.0,MEDICAL,B,15576,10.01,0.66,N,2,1
29,31975,MORTGAGE,2.2430488382168154,VENTURE,B,20367,10.35,0.64,N,5,0
32,147492,MORTGAGE,1.675934720354206,PERSONAL,B,5373,11.04,0.04,N,6,0
41,183011,MORTGAGE,6.9297553281771895,EDUCATION,B,11732,11.03,0.06,N,17,0
36,60642,MORTGAGE,11.565979958471956,MEDICAL,A,11626,7.79,0.19,N,11,0
35,58801,MORTGAGE,3.7768442940375984,MEDICAL,C,15573,12.86,0.26,Y,10,1
45,45027,MORTGAGE,4.273521950229212,MEDICAL,C,12268,13.3,0.27,N,9,1
21,32403,MORTGAGE,2.305121410599489,PERSONAL,B,13459,11.63,0.42,N,2,0
20,115421,RENT,2.0217446165060533,MEDICAL,B,2315,9.29,0.02,N,2,0
36,151822,RENT,4.5409470857805525,PERSONAL,B,11425,10.71,0.08,N,5,0
29,33144,RENT,4.5245053487235065,VENTURE,A,4018,7.32,0.12,N,8,0
41,51763,RENT,4.7067144653290605,MEDICAL,B,10875,10.87,0.21,Y,16,0
29,42301,RENT,3.2509337841371426,MEDICAL,A,16792,7.61,0.4,N,6,0
24,42996,MORTGAGE,1.1117624874833263,EDUCATION,C,10425,12.3,0.24,N,4,0
36,104010,OWN,6.641590605063955,EDUCATION,B,13630,10.97,0.13,N,4,0
31,26328,RENT,6.912521018681929,PERSONAL,A,15206,6.72,0.58,N,5,0
29,70021,MORTGAGE,5.409648488991313,PERSONAL,B,14450,9.55,0.21,Y,4,0
62,80864,MORTGAGE,7.183126050641425,EDUCATION,D,10854,16.04,0.13,N,22,0
44,50102,RENT,12.515304788793147,PERSONAL,B,11352,10.17,0.23,N,16,0
38,88538,MORTGAGE,8.921203857641736,HOMEIMPROVEMENT,F,16447,19.86,0.19,N,6,0
31,58759,OWN,6.74450639038061,EDUCATION,E,28907,18.19,0.49,N,8,1
30,105812,RENT,4.193918383173807,VENTURE,C,5745,12.91,0.05,N,5,0
27,23453,MORTGAGE,1.6913350123562942,DEBTCONSOLIDATION,C,7066,14.74,0.3,N,7,0
32,44719,RENT,11.06267604489555,EDUCATION,B,14577,10.75,0.33,N,10,0
25,52078,RENT,2.760801305115492,DEBTCONSOLIDATION,B,23970,10.37,0.46,N,3,0
20,12460,MORTGAGE,2.050682222468588,HOMEIMPROVEMENT,E,3558,19.11,0.29,Y,2,0
29,29813,MORTGAGE,1.8178982996957325,EDUCATION,B,4040,10.35,0.14,N,4,0
33,34631,MORTGAGE,4.749914578301934,DEBTCONSOLIDATION,A,9677,,0.28,N,5,0
41,91264,RENT,16.278143826584813,MEDICAL,A,5461,8.25,0.06,N,12,0
22,36725,MORTGAGE,4.104657526858313,EDUCATION,C,10522,12.94,0.29,N,3,0
30,34546,RENT,0.0,VENTURE,B,14505,,0.42,N,6,0
35,84932,MORTGAGE,4.681392476274361,EDUCATION,A,9160,8.02,0.11,N,6,0
35,22251,RENT,8.3216643514723,VENTURE,C,7096,13.63,0.32,N,9,0
50,17340,MORTGAGE,3.840159924596793,EDUCATION,B,14146,10.62,0.82,Y,20,1
27,44405,MORTGAGE,5.164108106469632,PERSONAL,B,3391,10.22,0.08,N,4,1
22,24434,MORTGAGE,0.0,VENTURE,A,6173,7.98,0.25,N,2,0
31,24951,RENT,5.323955895862286,VENTURE,A,10990,6.4,0.44,N,6,0
27,74264,MORTGAGE,6.745779267529456,EDUCATION,A,11876,5.95,0.16,N,3,0
26,87709,MORTGAGE,4.303972670359121,MEDICAL,B,13260,10.18,0.15,N,2,0
25,83606,MORTGAGE,2.6717413850060536,EDUCATION,C,6543,14.0,0.08,Y,3,0
33,99690,MORTGAGE,7.252727852236453,DEBTCONSOLIDATION,C,3621,14.5,0.04,N,6,1
23,107218,RENT,2.788191555688163,EDUCATION,A,5558,7.94,0.05,N,3,0
38,16802,RENT,4.658145681442448,PERSONAL,D,4957,15.26,0.3,N,17,0
37,69405,RENT,9.41849309700594,MEDICAL,A,4938,6.77,0.07,N,14,0
34,40486,MORTGAGE,5.872210755781364,PERSONAL,A,2660,8.47,0.07,N,7,0
21,35915,MORTGAGE,2.390770904736149,VENTURE,C,4598,14.22,0.13,N,2,0
32,73734,RENT,5.969159712517273,VENTURE,A,15903,7.94,0.22,N,11,0
42,20917,OWN,4.6728540685161155,PERSONAL,C,6164,14.24,0.29,N,12,0
39,20679,RENT,9.138360668900082,VENTURE,A,12494,7.63,0.6,N,15,0
37,76762,RENT,5.5684552869843476,DEBTCONSOLIDATION,A,2694,7.33,0.04,N,13,0
30,70847,RENT,2.1243724578688643,PERSONAL,B,7541,10.37,0.11,N,9,0
30,58407,MORTGAGE,0.14966287767149256,VENTURE,A,7482,8.01,0.13,N,7,0
44,33391,MORTGAGE,15.981122657254856,DEBTCONSOLIDATION,A,14291,7.69,0.43,N,15,0
33,81560,RENT,4.584555733567264,DEBTCONSOLIDATION,B,9283,8.93,0.11,N,6,0
33,78760,MORTGAGE,7.835248478337569,VENTURE,B,6619,11.21,0.08,Y,13,0
68,56778,RENT,23.304783682388624,EDUCATION,C,12156,13.97,0.21,Y,17,0
27,28352,RENT,0.26272346387608225,PERSONAL,C,9727,13.76,0.34,N,6,0
20,42877,RENT,0.0,MEDICAL,B,6023,11.63,0.14,N,2,0
28,85888,RENT,3.281116483113401,VENTURE,A,12091,6.85,0.14,N,2,0
29,112415,MORTGAGE,1.2446274364713146,PERSONAL,B,14234,9.65,0.13,Y,9,0
33,45270,MORTGAGE,3.117627617312531,PERSONAL,C,15910,13.9,0.35,N,11,0
35,47225,RENT,8.580047236216753,PERSONAL,A,7998,6.89,0.17,N,7,0
20,49566,RENT,0.0,PERSONAL,B,11271,11.83,0.23,N,2,0
35,63018,RENT,6.779346854018598,EDUCATION,C,11452,12.95,0.18,N,13,1
29,39356,RENT,0.779215523317053,EDUCATION,B,3324,9.93,0.08,N,8,0
27,12000,MORTGAGE,5.181804950616886,PERSONAL,B,13556,10.18,1.13,N,7,1
20,104403,RENT,0.23386251034477046,VENTURE,A,11532,7.26,0.11,N,2,0
47,145376,MORTGAGE,13.630549690745298,DEBTCONSOLIDATION,C,5931,13.21,0.04,N,19,0
26,38683,RENT,3.102056572372793,EDUCATION,A,11580,7.29,0.3,N,7,1
37,30131,RENT,12.354551527780892,EDUCATION,D,3791,15.71,0.13,N,9,0
22,50241,OWN,0.0,VENTURE,A,13224,6.26,0.26,N,2,0
33,48867,RENT,4.418604360787167,VENTURE,D,9909,16.4,0.2,N,10,0
27,93670,RENT,4.056345816425988,MEDICAL,B,6564,10.15,0.07,N,6,1
37,55829,RENT,2.9885646207544463,VENTURE,B,4081,10.38,0.07,N,13,0
27,35033,RENT,4.838817236773432,EDUCATION,C,5831,12.53,0.17,Y,6,0
22,26235,RENT,2.1314568231640876,EDUCATION,A,3766,6.28,0.14,N,3,0
30,87212,RENT,1.055516203416851,EDUCATION,A,12652,7.42,0.15,N,6,0
29,75337,MORTGAGE,,PERSONAL,D,12155,,0.16,N,3,0
32,97081,MORTGAGE,1.2345854586623939,DEBTCONSOLIDATION,B,14610,11.72,0.15,N,5,0
40,31808,MORTGAGE,6.396009551235873,MEDICAL,C,4234,12.77,0.13,Y,14,0
20,148916,RENT,0.0,EDUCATION,A,3987,6.91,0.03,N,2,0
40,20763,MORTGAGE,10.857702408291372,PERSONAL,C,3752,13.64,0.18,N,9,0
20,80039,RENT,0.0,DEBTCONSOLIDATION,A,4937,,0.06,N,2,0
36,18953,RENT,7.879018995152678,EDUCATION,C,15677,13.03,0.83,N,15,0
37,35077,RENT,7.2474614277186715,VENTURE,A,16585,7.68,0.47,N,5,1
25,127843,RENT,1.390119683810034,EDUCATION,B,8679,10.32,0.07,Y,2,0
23,85583,RENT,0.05731461798559323,EDUCATION,A,28826,5.98,0.34,N,2,0
22,40117,RENT,,PERSONAL,B,5538,9.04,0.14,N,2,0
31,40726,RENT,9.457803684941492,HOMEIMPROVEMENT,B,7627,9.36,0.19,N,5,0
37,57259,RENT,11.758831983758556,PERSONAL,B,35000,10.44,0.61,Y,7,1
28,71881,RENT,3.674906900417653,HOMEIMPROVEMENT,C,8297,12.83,0.12,N,7,0
20,107836,RENT,0.7943271283430762,VENTURE,A,15428,8.75,0.14,N,2,0
25,42153,RENT,2.688975886187208,HOMEIMPROVEMENT,D,13267,14.93,0.31,N,4,1
24,22326,RENT,2.3657455048704548,MEDICAL,C,6144,14.48,0.28,N,2,0
35,59061,RENT,7.752737124854518,EDUCATION,B,33136,9.54,0.56,N,12,0
36,42125,RENT,6.663183219368745,PERSONAL,A,13618,9.51,0.32,N,12,0
31,26493,RENT,7.838271115229892,MEDICAL,C,9998,,0.38,N,10,0
40,63813,MORTGAGE,6.800074166526521,MEDICAL,A,4374,5.73,0.07,N,8,0
41,48184,RENT,2.9654828172082466,PERSONAL,C,9037,14.47,0.19,N,12,0
25,64124,RENT,0.0,MEDICAL,A,16249,7.13,0.25,N,4,0
22,33125,RENT,0.9511287781566822,PERSONAL,A,8822,8.24,0.27,N,2,0
29,70805,RENT,1.9202563644017892,MEDICAL,A,10197,7.49,0.14,N,5,0
20,26254,RENT,0.0,DEBTCONSOLIDATION,E,12623,18.22,0.48,N,2,0
31,34363,OWN,3.4175202725729967,MEDICAL,C,3597,13.3,0.1,N,7,0
25,47400,MORTGAGE,3.4834378269550506,VENTURE,A,4482,6.56,0.09,N,2,0
72,141209,RENT,40.0,EDUCATION,E,13852,18.15,0.1,N,35,0
46,83420,MORTGAGE,9.222456548034378,DEBTCONSOLIDATION,A,7870,6.47,0.09,N,18,0
24,97973,RENT,3.85285434966426,PERSONAL,C,9637,13.12,0.1,N,2,0
21,118112,RENT,0.33795126269228093,EDUCATION,C,10340,13.66,0.09,N,2,0
23,350000,MORTGAGE,4.126695744281466,MEDICAL,C,8175,14.35,0.02,N,2,0
41,55429,RENT,13.665012462541826,MEDICAL,B,25440,11.69,0.46,N,7,0
41,118328,RENT,5.04143283061122,PERSONAL,B,18186,10.49,0.15,N,15,0
46,94556,MORTGAGE,11.506766316428932,VENTURE,B,6278,9.6,0.07,N,11,0
22,93696,MORTGAGE,4.722511480833857,MEDICAL,B,7718,10.46,0.08,N,3,0
35,143750,OWN,7.664017538470561,PERSONAL,A,15982,7.37,0.11,N,10,0
23,43018,MORTGAGE,0.48792031690950033,DEBTCONSOLIDATION,C,15617,14.55,0.36,N,2,0
50,41180,MORTGAGE,22.21153251615113,EDUCATION,B,5236,11.2,0.13,N,14,0
22,64593,RENT,4.283397937496508,VENTURE,B,5504,10.69,0.09,N,2,0
20,48997,RENT,1.5429042372640582,PERSONAL,A,9466,8.72,0.19,N,2,0
20,64548,MORTGAGE,0.6472615109647134,PERSONAL,A,19178,7.1,0.3,N,2,0
30,127964,OTHER,5.161519369661246,EDUCATION,C,6238,14.0,0.05,N,8,0
37,41648,RENT,11.650540126336857,MEDICAL,C,14483,13.1,0.35,N,5,0
36,45817,OWN,4.23075316838712,EDUCATION,C,6689,13.12,0.15,N,6,0
20,59627,RENT,1.7482456000309354,PERSONAL,C,9913,11.85,0.17,N,2,0
26,47782,RENT,4.928329008050605,PERSONAL,C,17785,13.58,0.37,N,5,0
25,18907,RENT,1.3281327613115539,EDUCATION,A,3910,7.6,0.21,N,4,0
20,39376,RENT,1.216914550319036,MEDICAL,A,10413,7.39,0.26,N,2,0
25,79067,MORTGAGE,1.085581674489764,MEDICAL,C,4648,13.86,0.06,Y,4,1
46,119449,RENT,9.18244744678294,DEBTCONSOLIDATION,A,26784,8.3,0.22,N,9,0
20,28708,MORTGAGE,0.12947301670293185,EDUCATION,F,8298,20.49,0.29,Y,2,0
32,28635,MORTGAGE,5.344635085751477,VENTURE,D,16733,16.48,0.58,Y,9,1
46,55084,RENT,6.562220910450487,DEBTCONSOLIDATION,B,3674,10.8,0.07,N,16,0
45,17299,MORTGAGE,11.846447798509576,DEBTCONSOLIDATION,B,19071,11.36,1.1,N,14,1
50,42415,RENT,11.067214167005602,PERSONAL,B,15484,10.93,0.37,N,17,0
33,20851,MORTGAGE,12.163742311904418,MEDICAL,C,20896,14.96,1.0,N,8,0
35,115034,RENT,11.94623426834694,DEBTCONSOLIDATION,C,16747,13.71,0.15,N,8,0
25,35485,RENT,3.6991857710534655,DEBTCONSOLIDATION,A,6634,6.75,0.19,N,5,0
20,134464,MORTGAGE,4.66883646357612,PERSONAL,C,2858,14.51,0.02,N,2,1
28,99951,MORTGAGE,2.1071005744785314,EDUCATION,B,9247,11.01,0.09,N,5,0
43,37969,MORTGAGE,1.4638917068804576,EDUCATION,A,8355,7.88,0.22,N,14,0
20,30044,MORTGAGE,0.0,PERSONAL,A,10505,6.27,0.35,N,2,0
25,48705,MORTGAGE,5.1779412142410655,HOMEIMPROVEMENT,B,11671,11.69,0.24,N,2,0
36,51146,RENT,12.6460733701387,DEBTCONSOLIDATION,A,20339,8.3,0.4,N,9,0
30,65537,MORTGAGE,3.643918007597457,DEBTCONSOLIDATION,A,17131,7.75,0.26,N,5,0
44,35344,RENT,5.812384956482962,VENTURE,A,19576,,0.55,N,20,1
41,81676,RENT,5.629861568303976,MEDICAL,D,8390,15.73,0.1,Y,11,1
20,62688,RENT,0.0,PERSONAL,A,15803,9.03,0.25,N,2,0
31,44926,RENT,6.345403521772541,PERSONAL,B,15419,10.88,0.34,N,5,0
23,36621,RENT,3.9472613275393273,PERSONAL,A,19922,6.53,0.54,N,2,1
23,48938,RENT,,HOMEIMPROVEMENT,C,9236,13.05,0.19,N,2,0
20,34568,RENT,1.373519727737478,MEDICAL,C,25137,13.18,0.73,N,3,0
32,55945,MORTGAGE,10.690253520181173,EDUCATION,C,25855,14.4,0.46,N,8,0
45,56782,MORTGAGE,12.782311801247758,HOMEIMPROVEMENT,B,4996,9.29,0.09,N,12,0
33,62563,MORTGAGE,4.664763029607524,EDUCATION,B,10144,11.35,0.16,N,8,0
20,143119,RENT,0.02621674549444153,PERSONAL,B,13756,,0.1,Y,2,0
29,50370,MORTGAGE,6.31030659775383,DEBTCONSOLIDATION,B,11737,12.29,0.23,N,7,0
35,94139,RENT,4.029903532147605,MEDICAL,A,4798,7.93,0.05,N,13,0
29,61468,MORTGAGE,5.154528100296366,DEBTCONSOLIDATION,C,5238,12.51,0.09,N,8,0
33,47522,RENT,9.210611257034145,MEDICAL,A,5471,7.46,0.12,N,10,0
24,50739,MORTGAGE,0.0,DEBTCONSOLIDATION,D,5562,15.21,0.11,N,5,0
27,52451,RENT,4.041478019845792,EDUCATION,B,10793,10.81,0.21,N,7,0
27,63188,MORTGAGE,2.67483589546955,PERSONAL,B,27225,11.89,0.43,N,5,0
47,31964,MORTGAGE,17.071344950114668,PERSONAL,B,4423,9.81,0.14,N,9,0
21,24198,MORTGAGE,2.3659868284744596,VENTURE,C,8995,14.25,0.37,N,3,0
20,77641,RENT,0.0,PERSONAL,B,9829,10.0,0.13,N,2,0
46,88784,RENT,13.610996815654481,HOMEIMPROVEMENT,B,23655,9.26,0.27,Y,10,0
31,81642,OWN,3.036182998835801,DEBTCONSOLIDATION,A,14967,8.78,0.18,N,12,0
20,58996,RENT,3.2440027870243915,HOMEIMPROVEMENT,A,11278,7.69,0.19,N,2,1
40,82617,OWN,11.45598920363524,VENTURE,A,5106,7.89,0.06,N,11,0
36,80208,RENT,2.956632387628365,VENTURE,A,12056,8.19,0.15,N,5,1
50,83549,OWN,6.574055733565017,MEDICAL,D,16535,14.64,0.2,N,12,0
32,33767,OWN,1.8990742952326682,HOMEIMPROVEMENT,C,4335,13.29,0.13,N,6,0
62,29633,MORTGAGE,17.89050597453005,EDUCATION,A,11239,6.19,0.38,N,18,0
29,43751,RENT,7.1187015548813015,MEDICAL,A,13320,7.08,0.3,N,6,0
36,53660,RENT,6.903467945687057,MEDICAL,B,14620,,0.27,N,11,0
38,47426,OWN,14.321982157887167,VENTURE,B,13568,10.86,0.29,N,14,0
72,19299,MORTGAGE,4.249316654214495,HOMEIMPROVEMENT,C,18323,13.01,0.95,N,26,0
26,139655,RENT,2.3570249572913013,MEDICAL,B,4162,10.52,0.03,N,6,0
25,46596,RENT,5.3469098816840575,HOMEIMPROVEMENT,D,19261,15.88,0.41,Y,3,0
38,59574,MORTGAGE,4.950640563201886,VENTURE,A,3783,7.75,0.06,N,7,0
20,107420,MORTGAGE,0.0,DEBTCONSOLIDATION,B,14012,10.0,0.13,N,2,0
23,14917,MORTGAGE,3.2700816761275675,VENTURE,D,18999,15.9,1.27,Y,3,1
28,40887,MORTGAGE,6.827267668961934,MEDICAL,A,7060,7.62,0.17,N,6,0
49,43786,MORTGAGE,20.7900588268806,VENTURE,B,5513,10.84,0.13,N,16,0
38,45027,RENT,10.842528290754423,VENTURE,A,7031,7.68,0.16,N,13,0
31,49245,RENT,9.714512736590247,MEDICAL,B,7290,9.19,0.15,N,4,0
25,120081,RENT,0.29724075755123713,MEDICAL,A,8241,6.49,0.07,N,2,0
20,78464,OWN,3.45510940543563,EDUCATION,D,15150,16.5,0.19,N,2,0
56,91758,RENT,,MEDICAL,D,9373,15.8,0.1,N,13,0
29,55598,RENT,3.846866826456202,PERSONAL,C,12029,13.14,0.22,N,3,0
23,25093,RENT,3.4986607381126977,VENTURE,B,6819,10.3,0.27,N,2,0
60,17260,RENT,27.619579027972392,PERSONAL,F,6251,20.3,0.36,Y,17,1
20,23361,MORTGAGE,0.0,HOMEIMPROVEMENT,C,6453,12.09,0.28,N,2,0
45,66030,MORTGAGE,14.424143196831274,MEDICAL,B,11830,11.88,0.18,Y,18,0
30,55131,MORTGAGE,7.919880317870127,VENTURE,A,13040,7.41,0.24,N,8,0
38,48262,RENT,11.996227112169773,EDUCATION,C,16287,13.51,0.34,Y,14,0
36,44235,OWN,0.0,VENTURE,C,13540,13.56,0.31,Y,13,0
38,163807,RENT,4.555031436876357,PERSONAL,A,10375,8.27,0.06,N,16,0
62,34454,MORTGAGE,4.208567370200836,MEDICAL,B,8492,11.05,0.25,N,34,1
58,90246,RENT,17.09226419327644,EDUCATION,F,4446,,0.05,N,30,0
23,54233,RENT,3.8006177827575582,MEDICAL,A,6987,6.8,0.13,N,2,0
35,52390,RENT,11.73109291589808,DEBTCONSOLIDATION,A,3429,8.49,0.07,N,7,0
20,103481,MORTGAGE,2.501900474098296,PERSONAL,D,9971,16.04,0.1,N,2,0
39,121102,MORTGAGE,6.938947584178092,HOMEIMPROVEMENT,A,6089,7.98,0.05,N,7,0
42,47488,RENT,11.389447197033183,HOMEIMPROVEMENT,D,7651,15.13,0.16,N,10,0
20,84083,RENT,0.9616354895388786,EDUCATION,C,11150,14.02,0.13,N,3,0
30,66180,MORTGAGE,8.66884157739982,EDUCATION,B,7727,,0.12,N,7,0
38,54398,RENT,11.017193105934467,VENTURE,A,6157,7.18,0.11,N,12,0
34,60617,RENT,4.417211330791977,VENTURE,A,5850,7.61,0.1,N,12,0
20,37108,RENT,,VENTURE,B,18439,11.89,0.5,N,2,0
20,45781,MORTGAGE,1.010827429892696,EDUCATION,C,10324,14.03,0.23,N,2,0
28,39365,RENT,3.9940096019739455,EDUCATION,B,12827,11.65,0.33,N,4,0
26,88943,OTHER,3.4741656440177966,EDUCATION,C,5494,13.87,0.06,N,3,0
27,51412,RENT,1.6456916630349023,DEBTCONSOLIDATION,C,4496,12.61,0.09,N,5,0
20,26535,RENT,0.2227401818063539,HOMEIMPROVEMENT,B,2438,9.62,0.09,N,2,0
30,36392,RENT,5.471839296688849,EDUCATION,E,7076,,0.19,Y,5,0
50,12000,MORTGAGE,5.979176310815794,MEDICAL,C,23117,12.7,1.93,N,22,1
20,41275,RENT,1.0173487886552603,EDUCATION,D,12294,14.76,0.3,Y,2,0
28,55309,MORTGAGE,4.138420686822597,DEBTCONSOLIDATION,A,7259,6.72,0.13,N,5,0
37,50268,RENT,7.419637150048846,HOMEIMPROVEMENT,C,15651,13.71,0.31,N,14,0
20,160987,RENT,0.0,MEDICAL,B,4228,9.86,0.03,N,2,0
30,74324,MORTGAGE,7.245858841284969,MEDICAL,D,17110,17.0,0.23,N,6,0
42,72529,MORTGAGE,3.579516199377614,MEDICAL,B,19136,10.84,0.26,N,6,0
21,21942,RENT,0.0,VENTURE,A,7212,7.65,0.33,N,2,0
31,44331,MORTGAGE,7.153680829161232,PERSONAL,B,7828,10.81,0.18,N,5,0
41,41453,MORTGAGE,4.402438219685875,VENTURE,A,11013,7.98,0.27,N,8,0
61,35159,RENT,13.108411888880708,HOMEIMPROVEMENT,A,4408,7.99,0.13,N,15,1
31,34893,RENT,0.0,EDUCATION,B,9303,9.85,0.27,N,10,0
23,20040,RENT,6.015840298972295,DEBTCONSOLIDATION,D,27110,17.01,1.35,Y,2,1
20,26856,RENT,0.0,MEDICAL,A,6478,8.0,0.24,N,2,0
23,87618,MORTGAGE,2.593230448268071,MEDICAL,A,8627,7.18,0.1,N,2,0
20,50080,RENT,0.1556036092677028,PERSONAL,D,8876,16.62,0.18,Y,2,0
51,41006,RENT,22.052572307180494,HOMEIMPROVEMENT,B,15799,9.43,0.39,N,14,1
40,54015,RENT,11.469572650503107,PERSONAL,E,11833,19.18,0.22,N,9,1
20,102956,OWN,1.6487977940492093,DEBTCONSOLIDATION,A,15309,7.73,0.15,N,2,0
23,54301,MORTGAGE,1.2485923687710505,DEBTCONSOLIDATION,B,7045,8.78,0.13,N,4,0
31,72926,RENT,5.975706346792382,MEDICAL,A,13527,,0.19,N,8,0
42,34008,RENT,14.605863012067752,DEBTCONSOLIDATION,F,4369,19.45,0.13,N,13,0
35,38551,RENT,4.01333408718679,DEBTCONSOLIDATION,D,3432,16.46,0.09,Y,9,1
34,65820,MORTGAGE,4.850530838210412,VENTURE,C,16583,14.63,0.25,Y,7,0
32,153423,RENT,6.053666339097925,VENTURE,A,5449,5.41,0.04,N,7,0
20,118940,OWN,0.0,DEBTCONSOLIDATION,E,2736,18.69,0.02,Y,2,0
31,74649,RENT,7.727505639073384,DEBTCONSOLIDATION,D,9346,16.71,0.13,Y,2,0
29,58881,MORTGAGE,1.5618898323830712,MEDICAL,B,12991,11.39,0.22,N,8,0
20,117077,MORTGAGE,2.0670918205014397,DEBTCONSOLIDATION,C,3198,14.47,0.03,N,2,0
51,83874,MORTGAGE,22.397185190946193,DEBTCONSOLIDATION,F,7928,21.24,0.09,N,14,0
24,15344,RENT,5.854498094492366,MEDICAL,B,12532,10.23,0.82,N,2,0
20,30343,MORTGAGE,0.9484871355476111,PERSONAL,A,12209,7.87,0.4,N,2,0
26,65249,RENT,8.57269201966859,EDUCATION,D,2662,17.61,0.04,N,2,0
27,20275,RENT,1.3373005689879016,EDUCATION,B,10580,11.51,0.52,N,5,0
29,33068,MORTGAGE,7.0101778827142835,PERSONAL,F,11087,19.97,0.34,N,5,0
27,36868,OWN,5.712268265823538,HOMEIMPROVEMENT,B,9377,11.35,0.25,N,4,0
30,47056,MORTGAGE,1.1798184064651602,EDUCATION,A,17267,8.59,0.37,N,7,0
31,46254,RENT,1.639004499739047,DEBTCONSOLIDATION,B,8308,9.8,0.18,N,6,0
31,46211,MORTGAGE,9.181750255542887,VENTURE,C,13187,13.48,0.29,Y,6,0
34,85299,RENT,3.7936541299037296,DEBTCONSOLIDATION,A,10369,7.27,0.12,N,12,0
35,46822,RENT,14.244482210956424,DEBTCONSOLIDATION,B,11686,11.24,0.25,N,10,0
35,43846,MORTGAGE,0.48416146728166387,DEBTCONSOLIDATION,A,9886,7.17,0.23,N,10,0
38,25795,RENT,4.021434388845869,DEBTCONSOLIDATION,B,9065,10.0,0.35,N,10,0
23,95167,OWN,3.1823036458122846,DEBTCONSOLIDATION,E,18795,,0.2,Y,2,1
24,37446,RENT,1.4385796604098218,EDUCATION,B,6593,9.54,0.18,N,4,0
42,29796,RENT,11.035900900699513,MEDICAL,C,6282,13.65,0.21,N,8,0
26,60912,MORTGAGE,2.3623257821385257,MEDICAL,B,18144,9.92,0.3,N,4,0
29,35531,MORTGAGE,0.834455314348479,DEBTCONSOLIDATION,B,6677,11.37,0.19,N,3,0
28,40567,RENT,0.0,EDUCATION,B,3058,10.01,0.08,N,4,0
60,62451,RENT,12.473643466773101,EDUCATION,C,9172,13.53,0.15,N,20,0
22,45271,MORTGAGE,0.0,DEBTCONSOLIDATION,D,3582,14.09,0.08,Y,2,0
22,193181,RENT,4.320146138152003,PERSONAL,C,1255,13.5,0.01,N,2,0
30,51991,RENT,5.123399284565943,DEBTCONSOLIDATION,E,9074,18.36,0.17,Y,7,0
28,76100,MORTGAGE,2.739552349353186,EDUCATION,C,12540,13.56,0.16,N,8,0
20,18621,RENT,1.6644594100394712,VENTURE,A,17276,8.54,0.93,N,2,0
29,33746,OWN,1.9499834300065784,MEDICAL,B,15406,,0.46,N,2,0
30,29798,MORTGAGE,4.31936909721639,EDUCATION,D,4160,16.32,0.14,N,3,0
25,32051,OWN,0.7902173109208563,MEDICAL,D,7671,15.41,0.24,N,4,0
28,68087,RENT,6.317170714535505,MEDICAL,B,13623,12.21,0.2,N,2,0
23,95756,OWN,4.3944258387351,EDUCATION,C,8715,12.03,0.09,N,3,0
20,65483,RENT,0.0,PERSONAL,B,6047,9.54,0.09,N,2,0
26,47826,RENT,7.0484539878194905,VENTURE,A,2494,6.89,0.05,N,2,0
21,38293,RENT,0.8332522381622761,EDUCATION,D,9598,16.15,0.25,N,2,0
20,99955,RENT,1.071971004811676,PERSONAL,D,4095,16.03,0.04,N,2,0
20,169259,RENT,2.9515408401521173,PERSONAL,B,11564,9.9,0.07,N,2,0
32,58353,MORTGAGE,11.116764420060804,DEBTCONSOLIDATION,A,6703,7.64,0.11,N,6,0
25,90821,RENT,1.309714018986179,VENTURE,C,6988,14.43,0.08,N,2,0
42,65437,RENT,3.3049989430898474,HOMEIMPROVEMENT,B,13770,10.54,0.21,N,9,0
20,82086,MORTGAGE,0.0,HOMEIMPROVEMENT,A,6462,6.49,0.08,N,2,0
26,28552,RENT,3.959985094043782,VENTURE,A,5726,7.42,0.2,N,5,0
32,41420,MORTGAGE,9.285145075116395,VENTURE,A,10764,6.85,0.26,N,8,0
24,67339,MORTGAGE,3.7083080352421085,EDUCATION,C,6575,12.38,0.1,N,3,0
29,105542,OWN,9.228252932192765,PERSONAL,A,8464,7.53,0.08,N,6,0
20,34545,RENT,0.6324541289185173,PERSONAL,A,20820,6.78,0.6,N,2,1
26,17706,OWN,3.1053812618675205,HOMEIMPROVEMENT,D,10042,15.74,0.57,N,5,0
22,41190,MORTGAGE,4.307844774943172,PERSONAL,E,8570,18.84,0.21,Y,2,0
40,94426,OWN,15.536612451714046,HOMEIMPROVEMENT,A,15552,7.76,0.16,N,7,0
31,22671,RENT,5.063483652701585,DEBTCONSOLIDATION,A,2185,,0.1,N,6,1
38,28358,MORTGAGE,4.109137307757306,HOMEIMPROVEMENT,B,16572,9.12,0.58,N,6,1
43,59027,MORTGAGE,12.288380052542145,MEDICAL,A,2116,7.34,0.04,N,12,0
25,50828,RENT,7.746027668609113,EDUCATION,A,20345,8.31,0.4,Y,3,0
31,75128,MORTGAGE,8.319243540764031,DEBTCONSOLIDATION,B,3791,,0.05,N,7,0
20,27562,MORTGAGE,0.0,DEBTCONSOLIDATION,D,9658,15.86,0.35,N,2,0
34,45309,MORTGAGE,3.1948770142623504,MEDICAL,E,3663,18.66,0.08,N,6,0
35,104542,RENT,10.306563234546903,DEBTCONSOLIDATION,C,14645,12.62,0.14,N,5,0
33,28110,MORTGAGE,0.0,PERSONAL,C,16309,12.96,0.58,N,13,0
25,122064,RENT,2.301315151259245,EDUCATION,C,15764,12.55,0.13,N,3,0
52,30119,MORTGAGE,11.868475014175079,VENTURE,B,5958,10.72,0.2,N,14,0
30,86436,RENT,7.985357944970346,HOMEIMPROVEMENT,B,11783,8.5,0.14,N,7,0
71,44129,RENT,12.293910417957246,VENTURE,B,20482,,0.46,N,35,0
20,28862,RENT,2.529602576047308,DEBTCONSOLIDATION,C,8439,12.92,0.29,N,2,0
36,41221,MORTGAGE,3.3894376272639675,EDUCATION,A,8567,8.23,0.21,N,8,0
41,73109,OWN,,PERSONAL,A,12518,6.25,0.17,N,10,0
20,53972,RENT,1.8197139754510876,HOMEIMPROVEMENT,E,5948,19.54,0.11,N,2,0
27,100223,RENT,2.7691339638974797,VENTURE,B,4506,11.1,0.04,N,5,0
20,119331,RENT,0.0,MEDICAL,A,2803,8.34,0.02,N,2,1
44,28263,MORTGAGE,1.4932626137154525,PERSONAL,B,12879,10.16,0.46,N,6,0
29,27147,RENT,2.8620052465988155,HOMEIMPROVEMENT,A,7138,7.16,0.26,N,6,0
22,26432,RENT,0.0,EDUCATION,A,11360,6.87,0.43,N,3,0
41,33038,MORTGAGE,7.701470410988067,VENTURE,A,8290,7.96,0.25,N,16,1
30,99440,RENT,4.246023498742854,EDUCATION,B,16361,10.22,0.16,N,7,0
39,73732,RENT,9.51160067137739,VENTURE,A,18204,6.85,0.25,N,8,0
34,40144,RENT,3.0289952975578425,VENTURE,B,9820,,0.24,N,10,0
21,53846,MORTGAGE,3.6351286544957553,HOMEIMPROVEMENT,A,20577,7.8,0.38,N,2,0
25,117285,OWN,2.3228743865429693,VENTURE,A,5912,6.49,0.05,N,2,0
22,154725,MORTGAGE,0.0,PERSONAL,D,5570,15.24,0.04,N,2,1
20,62483,RENT,0.5320552033134813,DEBTCONSOLIDATION,C,10235,14.58,0.16,N,2,0
20,12548,MORTGAGE,0.0,MEDICAL,C,11841,12.77,0.94,Y,2,1
56,63799,RENT,,PERSONAL,A,17999,8.66,0.28,N,26,1
33,90591,MORTGAGE,9.971764669588943,DEBTCONSOLIDATION,A,9023,7.08,0.1,Y,7,0
34,61300,MORTGAGE,1.2937250594485505,MEDICAL,C,10880,12.42,0.18,N,9,1
43,80787,MORTGAGE,18.387707694322987,EDUCATION,A,35000,8.6,0.43,N,7,0
25,65932,RENT,2.558105188295813,VENTURE,C,5184,14.9,0.08,N,2,0
20,27472,MORTGAGE,2.0455724742247106,MEDICAL,B,7916,10.04,0.29,N,2,0
38,33275,MORTGAGE,6.612825625144631,MEDICAL,C,12144,14.37,0.36,N,11,0
20,45404,RENT,1.904107151846536,HOMEIMPROVEMENT,B,23445,10.58,0.52,N,2,1
38,97341,MORTGAGE,2.8360603613789417,VENTURE,B,7141,10.63,0.07,N,11,0
20,35552,OWN,0.009676216526217474,DEBTCONSOLIDATION,A,3482,7.75,0.1,N,2,0
20,69615,OWN,1.378639305052517,EDUCATION,C,20582,,0.3,Y,2,0
24,64025,MORTGAGE,4.23847499661396,HOMEIMPROVEMENT,C,6704,13.58,0.1,N,2,0
37,129625,RENT,14.168204587026885,DEBTCONSOLIDATION,A,5547,7.5,0.04,N,15,0
50,52948,MORTGAGE,11.071429326621384,DEBTCONSOLIDATION,B,7319,10.04,0.14,N,19,0
34,20637,MORTGAGE,11.101964253815828,VENTURE,B,5869,9.93,0.28,N,12,0
24,77325,RENT,1.9243625803621534,VENTURE,B,11855,,0.15,N,3,0
40,175594,RENT,15.176883103019069,PERSONAL,A,14531,5.99,0.08,N,8,0
20,80162,RENT,0.6415161853473559,DEBTCONSOLIDATION,D,9373,15.93,0.12,N,2,0
21,35129,RENT,0.6199783616415944,DEBTCONSOLIDATION,B,8301,9.83,0.24,Y,2,0
31,29879,MORTGAGE,10.222199733575586,EDUCATION,D,16020,14.69,0.54,N,8,0
38,32076,RENT,12.309968211596644,HOMEIMPROVEMENT,C,6002,12.84,0.19,Y,9,0
28,163051,RENT,2.467006146793854,HOMEIMPROVEMENT,A,5911,7.07,0.04,N,6,0
27,45250,RENT,2.100341495342718,PERSONAL,A,9513,7.06,0.21,N,5,0
27,37629,RENT,0.8286186427359059,EDUCATION,D,4034,,0.11,N,4,0
42,49655,RENT,14.086662020784752,DEBTCONSOLIDATION,B,3627,10.02,0.07,N,16,0
23,45510,RENT,0.0,VENTURE,A,6980,8.66,0.15,N,3,0
21,128310,RENT,,DEBTCONSOLIDATION,D,7911,15.4,0.06,Y,2,0
27,31009,MORTGAGE,2.417409680568099,DEBTCONSOLIDATION,B,16573,10.89,0.53,N,6,1
44,103709,RENT,11.719979145019812,EDUCATION,A,8624,6.7,0.08,Y,11,0
24,57939,MORTGAGE,3.859955565543577,PERSONAL,B,7066,11.87,0.12,N,4,0
27,105225,RENT,4.72727810108341,VENTURE,C,4567,14.48,0.04,N,6,0
20,129371,RENT,0.1293383413590522,HOMEIMPROVEMENT,A,15236,8.1,0.12,N,2,0
28,56762,RENT,1.4787429620528716,MEDICAL,B,6613,12.08,0.12,N,5,1
32,45556,RENT,9.469020010552402,MEDICAL,A,5610,8.2,0.12,N,5,0
20,56184,RENT,1.263286666662336,HOMEIMPROVEMENT,C,8703,13.85,0.15,N,2,0
42,51424,RENT,7.85673259588413,EDUCATION,C,15837,12.42,0.31,N,10,0
32,21778,RENT,4.596365720720171,PERSONAL,B,11508,8.62,0.53,N,8,0
25,127244,MORTGAGE,5.371397150925491,MEDICAL,C,12221,12.46,0.1,N,2,0
32,62018,RENT,5.619968386322588,PERSONAL,B,6395,9.15,0.1,N,8,0
35,28575,MORTGAGE,10.242810846676504,PERSONAL,B,13416,9.86,0.47,N,6,0
20,17376,MORTGAGE,1.9410576990146515,VENTURE,F,14099,21.38,0.81,N,2,0
33,15060,MORTGAGE,11.551561029529953,HOMEIMPROVEMENT,B,12204,9.65,0.81,N,7,0
44,82765,RENT,12.692725259557786,EDUCATION,F,14825,20.13,0.18,Y,15,0
23,38544,MORTGAGE,2.064927811696277,VENTURE,C,24429,13.55,0.63,N,2,0
25,42184,RENT,5.877549234760134,VENTURE,A,18154,7.57,0.43,N,6,0
26,70861,RENT,1.8521747712681198,PERSONAL,C,5361,13.03,0.08,N,5,0
38,40789,RENT,,VENTURE,A,5841,8.45,0.14,N,9,0
20,73173,OWN,1.1838573479132117,EDUCATION,B,14978,10.52,0.2,N,2,1
34,57090,RENT,5.1371020079231124,HOMEIMPROVEMENT,B,11101,10.64,0.19,N,12,0
27,51726,OWN,4.643925226107268,VENTURE,D,21438,17.98,0.41,N,6,0
51,22810,RENT,13.514113829943112,MEDICAL,A,17177,8.89,0.75,N,13,0
27,34514,MORTGAGE,2.028487954103196,VENTURE,D,6944,16.02,0.2,Y,6,0
20,75462,MORTGAGE,0.0,MEDICAL,D,4222,16.44,0.06,N,2,0
37,37230,OWN,5.687244230530324,EDUCATION,A,14712,6.76,0.4,N,10,0
34,105130,RENT,8.584665112485837,EDUCATION,D,6421,14.33,0.06,N,13,0
32,196913,MORTGAGE,10.433162942512,EDUCATION,A,7818,8.05,0.04,N,4,0
43,77731,OWN,2.8603101325089457,EDUCATION,A,6449,6.65,0.08,Y,19,0
20,123137,RENT,0.0,VENTURE,E,9314,18.95,0.08,Y,2,0
21,80531,RENT,2.255638092649151,PERSONAL,B,13488,12.22,0.17,N,2,0
29,40382,MORTGAGE,6.361480714413039,PERSONAL,B,8261,9.0,0.2,N,6,0
31,60480,RENT,5.542297079292193,EDUCATION,B,10058,8.68,0.17,N,6,0
28,163951,MORTGAGE,6.520893466738413,HOMEIMPROVEMENT,A,8686,6.77,0.05,N,9,0
20,40621,RENT,,DEBTCONSOLIDATION,C,14841,14.15,0.37,N,2,0
25,30588,MORTGAGE,7.604999602087436,HOMEIMPROVEMENT,A,16757,8.5,0.55,N,4,1
49,29033,RENT,11.835562963391494,MEDICAL,A,15609,8.15,0.54,N,16,1
20,48067,RENT,,PERSONAL,D,20821,16.23,0.43,N,2,1
29,31197,RENT,3.5405632192360335,EDUCATION,E,3961,18.51,0.13,N,8,0
35,136040,MORTGAGE,10.297109072497932,DEBTCONSOLIDATION,B,17043,10.6,0.13,N,7,0
38,61022,RENT,10.2772701735079,EDUCATION,A,7231,8.45,0.12,N,15,0
37,92452,MORTGAGE,10.553835604559445,MEDICAL,B,7939,9.98,0.09,N,11,0
24,45969,MORTGAGE,2.955455249781455,VENTURE,D,2855,,0.06,N,4,0
21,28937,RENT,2.822882334626126,PERSONAL,A,12492,6.58,0.43,N,2,0
51,26366,RENT,14.052558729783549,VENTURE,A,4254,7.79,0.16,N,11,1
39,32879,RENT,2.7378699373660336,EDUCATION,D,12301,16.01,0.37,N,12,0
30,65587,RENT,10.154449915053794,VENTURE,B,5133,12.57,0.08,N,8,0
46,72109,RENT,17.3889400106486,HOMEIMPROVEMENT,A,11846,,0.16,N,9,0
20,75490,MORTGAGE,1.2402248590029894,DEBTCONSOLIDATION,A,16909,8.25,0.22,N,2,0
20,23890,OWN,0.0,PERSONAL,D,11599,15.59,0.49,N,2,1
20,54164,RENT,0.0,PERSONAL,B,8389,,0.15,N,2,0
31,30812,MORTGAGE,3.1962151283566667,EDUCATION,A,9864,8.1,0.32,N,7,0
31,67562,OWN,12.347887426240625,MEDICAL,D,3983,15.77,0.06,N,6,0
20,70508,MORTGAGE,2.1901448866860624,MEDICAL,C,7507,12.67,0.11,N,2,0
39,28432,MORTGAGE,,VENTURE,A,11005,6.65,0.39,N,14,0
20,92264,MORTGAGE,0.13922556782466833,DEBTCONSOLIDATION,B,3586,10.58,0.04,N,2,0
33,196094,RENT,5.530530958856536,VENTURE,A,2308,6.92,0.01,N,7,0
36,85747,MORTGAGE,0.8875755319736238,EDUCATION,B,13185,10.32,0.15,N,6,0
31,49535,OWN,6.528509186924974,VENTURE,A,7642,6.51,0.15,N,6,0
20,45519,RENT,0.0,EDUCATION,A,10380,7.91,0.23,N,2,0
43,48291,RENT,10.796464737708888,DEBTCONSOLIDATION,B,13245,9.79,0.27,N,8,0
25,35653,RENT,0.07669797263977973,EDUCATION,B,9816,10.17,0.28,N,4,0
25,62244,RENT,,VENTURE,B,13755,11.55,0.22,N,5,0
23,28965,RENT,0.9206177816816781,PERSONAL,A,6105,7.62,0.21,N,2,0
37,19161,MORTGAGE,5.7372995031018705,MEDICAL,E,10566,19.1,0.55,Y,9,0
24,61131,MORTGAGE,2.8363923689913033,EDUCATION,A,2710,,0.04,N,4,1
20,54812,RENT,0.007258551666714741,PERSONAL,B,9444,10.72,0.17,N,2,0
40,39571,RENT,7.335339680398469,EDUCATION,A,4340,7.84,0.11,N,15,0
29,26756,MORTGAGE,3.862095478491412,PERSONAL,C,23928,12.73,0.89,N,7,1
41,63535,RENT,4.609121423796352,DEBTCONSOLIDATION,A,7806,7.55,0.12,N,13,0
30,31426,RENT,3.6595541032977676,MEDICAL,A,5590,7.16,0.18,N,7,0
23,50190,MORTGAGE,2.2751101456502845,VENTURE,B,8067,10.72,0.16,N,2,0
20,143019,RENT,2.626741650474099,HOMEIMPROVEMENT,A,8109,6.44,0.06,N,2,0
31,77509,RENT,7.2439681008134365,VENTURE,B,3703,9.66,0.05,N,7,0
26,25513,RENT,1.4949642568407546,HOMEIMPROVEMENT,A,15805,6.39,0.62,N,6,0
37,26871,MORTGAGE,3.1372535817482854,EDUCATION,A,16801,6.58,0.63,N,6,0
24,58894,MORTGAGE,2.6222740349934925,PERSONAL,C,23802,,0.4,N,2,0
33,25427,RENT,5.923329398967248,PERSONAL,A,17376,7.91,0.68,N,10,1
29,18016,RENT,6.939814478137237,DEBTCONSOLIDATION,A,15621,7.57,0.87,N,7,1
22,72606,MORTGAGE,1.1144073011993578,EDUCATION,A,12181,7.57,0.17,N,4,0
25,64635,MORTGAGE,0.0,MEDICAL,A,11545,6.72,0.18,N,7,0
20,69412,MORTGAGE,0.13560385217003645,EDUCATION,A,8963,7.48,0.13,N,2,0
52,62609,MORTGAGE,18.363227145816296,HOMEIMPROVEMENT,A,10682,8.51,0.17,N,24,0
33,52264,MORTGAGE,4.280549735749179,VENTURE,A,11060,7.74,0.21,N,6,0
20,37639,MORTGAGE,2.8182795321402225,HOMEIMPROVEMENT,D,10862,16.65,0.29,Y,2,0
51,71960,MORTGAGE,17.80486825817732,MEDICAL,A,15598,7.1,0.22,N,17,0
20,125672,MORTGAGE,0.0,EDUCATION,D,5656,15.62,0.05,N,2,0
24,41123,MORTGAGE,1.8518197725315224,MEDICAL,C,11697,13.92,0.28,Y,3,0
27,30902,RENT,1.6698577549657503,PERSONAL,A,8006,6.75,0.26,N,3,0
29,29018,MORTGAGE,1.4955657864922394,DEBTCONSOLIDATION,A,12657,7.4,0.44,N,5,0
37,33634,MORTGAGE,9.19829542465899,VENTURE,A,18875,7.65,0.56,N,7,0
20,60562,MORTGAGE,0.8471728499134035,HOMEIMPROVEMENT,B,11713,10.19,0.19,N,2,0
30,16700,RENT,7.203639106096528,MEDICAL,C,20078,12.82,1.2,N,9,0
27,68978,MORTGAGE,6.23904157098793,PERSONAL,B,17508,9.98,0.25,N,4,0
31,77199,MORTGAGE,2.516596590815708,DEBTCONSOLIDATION,B,15319,9.4,0.2,N,10,0
26,20151,RENT,2.4258193656799807,MEDICAL,A,14366,7.72,0.71,N,5,0
25,31617,MORTGAGE,3.338784244554393,EDUCATION,C,5648,14.17,0.18,N,4,0
28,56603,MORTGAGE,7.803890313625501,MEDICAL,A,10874,7.1,0.19,N,7,0
50,50065,RENT,18.63097855452775,EDUCATION,F,17869,22.69,0.36,Y,10,1
25,72099,RENT,3.4061978196822253,HOMEIMPROVEMENT,B,25000,9.89,0.35,N,2,0
43,50129,MORTGAGE,11.146955713276887,HOMEIMPROVEMENT,A,3918,6.91,0.08,N,12,0
31,108621,MORTGAGE,6.729669458200668,DEBTCONSOLIDATION,D,3283,16.62,0.03,Y,9,1
30,45404,RENT,9.604955220431707,PERSONAL,B,5125,11.0,0.11,N,7,0
31,31550,RENT,1.485850970214854,MEDICAL,C,9410,14.04,0.3,Y,7,1
34,30185,RENT,10.768412130075875,EDUCATION,B,26922,11.36,0.89,N,7,1
26,81186,RENT,1.8188355145448805,DEBTCONSOLIDATION,D,9518,15.25,0.12,N,6,0
42,55066,RENT,19.15919843917106,VENTURE,D,7667,16.3,0.14,N,15,0
34,76768,MORTGAGE,9.425999691249832,PERSONAL,B,4742,9.38,0.06,Y,4,0
20,75903,MORTGAGE,0.0,DEBTCONSOLIDATION,A,9763,8.35,0.13,N,2,0
20,17837,MORTGAGE,1.4952597514701347,VENTURE,B,31137,11.3,1.75,Y,2,1
49,28939,RENT,,EDUCATION,E,5932,,0.2,Y,10,0
32,30904,RENT,4.3845575528246625,DEBTCONSOLIDATION,B,6473,10.46,0.21,N,5,0
20,34584,RENT,0.0,VENTURE,E,14981,19.32,0.43,Y,2,1
25,42993,MORTGAGE,1.719035948220013,DEBTCONSOLIDATION,B,18618,10.63,0.43,N,3,1
39,93857,MORTGAGE,6.138436918575931,VENTURE,D,6968,17.11,0.07,N,16,0
28,104732,MORTGAGE,6.0008075134616305,MEDICAL,A,10163,7.25,0.1,N,7,0
28,46115,RENT,3.5612492579057204,EDUCATION,B,14248,10.24,0.31,N,4,0
37,47183,MORTGAGE,2.191869230678738,DEBTCONSOLIDATION,B,10081,10.84,0.21,N,11,0
33,36754,MORTGAGE,10.930891755333253,PERSONAL,C,13566,12.49,0.37,Y,8,1
35,56900,MORTGAGE,6.256628457788436,VENTURE,A,15562,7.31,0.27,N,6,0
37,60559,MORTGAGE,11.387121973783415,VENTURE,D,9346,15.96,0.15,N,6,0
23,84420,MORTGAGE,2.4331845164102557,VENTURE,D,7894,14.93,0.09,N,5,0
24,84047,RENT,0.0727939465561196,MEDICAL,C,3940,13.58,0.05,N,3,0
22,15272,MORTGAGE,,MEDICAL,A,4308,7.9,0.28,N,2,1
24,49816,RENT,3.0922053079823777,MEDICAL,A,4618,8.17,0.09,N,3,0
28,115989,RENT,0.0,VENTURE,B,15553,9.3,0.13,N,6,0
29,42575,RENT,0.0,VENTURE,C,19873,14.31,0.47,N,5,1
46,101375,OWN,8.055113784441406,EDUCATION,A,4665,5.84,0.05,N,23,0
32,45773,RENT,4.203193842835468,VENTURE,B,14071,,0.31,Y,7,1
28,59647,MORTGAGE,2.4574497127191863,VENTURE,B,4536,12.13,0.08,N,6,0
20,28990,OWN,1.4122511859110416,MEDICAL,C,2737,13.62,0.09,N,2,0
26,29596,OWN,2.313528238381849,HOMEIMPROVEMENT,B,24244,9.66,0.82,N,2,0
51,80742,MORTGAGE,,EDUCATION,C,4994,12.41,0.06,N,13,0
50,87991,MORTGAGE,14.455116740388373,PERSONAL,A,9408,6.49,0.11,N,25,0
26,54969,RENT,3.678174228596903,EDUCATION,A,2470,6.74,0.04,N,7,0
20,27580,RENT,0.0,DEBTCONSOLIDATION,D,15285,16.78,0.55,N,2,1
25,55497,MORTGAGE,0.0,HOMEIMPROVEMENT,A,8313,7.94,0.15,N,4,0
46,108172,RENT,9.626279331186785,VENTURE,F,10220,21.35,0.09,Y,12,0
28,141290,RENT,2.418296406205791,DEBTCONSOLIDATION,A,10423,,0.07,N,8,0
37,45515,MORTGAGE,4.828070078583904,MEDICAL,B,5053,8.91,0.11,N,12,0
29,21743,MORTGAGE,5.635135176663083,EDUCATION,A,6079,8.01,0.28,N,6,0
20,86008,MORTGAGE,0.0,MEDICAL,G,4275,22.45,0.05,Y,2,0
30,46547,MORTGAGE,2.44902771724849,MEDICAL,F,11769,19.86,0.25,Y,4,0
39,91005,MORTGAGE,7.969324090857797,VENTURE,A,10238,8.3,0.11,N,15,0
24,63233,RENT,4.173918559748042,MEDICAL,A,9460,8.54,0.15,N,4,0
38,33326,RENT,10.83466984547649,VENTURE,C,14168,14.88,0.43,N,13,0
30,55939,OWN,5.0372595658897605,PERSONAL,D,11511,15.18,0.21,N,7,0
38,111255,RENT,8.024040228671005,MEDICAL,C,8742,14.48,0.08,N,9,0
33,49909,RENT,4.720517533088988,EDUCATION,D,14379,16.31,0.29,Y,8,0
21,30664,MORTGAGE,0.0,VENTURE,A,6504,7.0,0.21,N,2,0
26,22612,RENT,6.582166753468602,VENTURE,B,3844,11.47,0.17,N,4,0
26,35429,RENT,1.5094539275574557,EDUCATION,C,8088,12.79,0.23,N,4,0
23,43235,RENT,4.0730755980724265,EDUCATION,A,6382,7.0,0.15,N,2,0
32,85050,RENT,5.080945207735665,VENTURE,C,17389,14.22,0.2,N,3,0
54,29247,RENT,20.063510376039307,MEDICAL,D,13961,15.51,0.48,N,19,0
42,127333,MORTGAGE,0.0,DEBTCONSOLIDATION,D,5435,16.33,0.04,N,17,0
44,25966,MORTGAGE,13.297339866077898,EDUCATION,A,4884,7.1,0.19,N,8,0
23,195304,RENT,3.355801786777498,EDUCATION,A,6610,7.64,0.03,N,4,0
44,139949,RENT,3.601549166630503,VENTURE,B,8966,10.7,0.06,Y,14,1
49,58550,RENT,10.178714726181214,HOMEIMPROVEMENT,A,9365,6.73,0.16,N,16,0
23,21889,MORTGAGE,,PERSONAL,E,6558,18.67,0.3,N,2,0
34,52549,RENT,6.973536347304313,MEDICAL,A,10692,7.08,0.2,N,5,0
34,43793,OWN,6.078092302775848,EDUCATION,C,6053,12.73,0.14,N,8,0
27,26880,RENT,6.072346009256961,VENTURE,B,20934,9.61,0.78,N,4,1
31,63580,MORTGAGE,8.886798775862491,MEDICAL,B,8348,9.62,0.13,N,6,0
35,34440,RENT,,PERSONAL,A,14526,,0.42,N,13,0
28,36563,RENT,3.315054911933588,PERSONAL,A,15303,7.96,0.42,N,6,0
41,48434,RENT,9.557009256064198,MEDICAL,B,9146,9.41,0.19,N,14,0
20,39489,MORTGAGE,0.0,EDUCATION,C,6943,13.57,0.18,N,2,0
26,169903,RENT,4.880867517266582,DEBTCONSOLIDATION,C,3852,13.8,0.02,N,3,0
37,40350,RENT,4.7714086133061215,PERSONAL,A,5764,8.3,0.14,N,11,0
52,69042,MORTGAGE,20.91490238980317,DEBTCONSOLIDATION,A,8378,7.06,0.12,N,27,0
42,58690,RENT,11.00032809532306,MEDICAL,C,5713,13.63,0.1,N,17,0
31,65776,RENT,2.453174861389679,PERSONAL,C,7480,12.58,0.11,N,5,0
28,68596,MORTGAGE,,EDUCATION,A,22773,6.46,0.33,N,2,0
27,87969,RENT,3.962081885387334,MEDICAL,A,7995,7.79,0.09,N,8,0
27,62726,MORTGAGE,1.8139581779848255,PERSONAL,A,11871,9.15,0.19,N,4,0
20,61309,RENT,1.6771075398549549,DEBTCONSOLIDATION,A,15399,8.03,0.25,N,2,0
51,55947,RENT,16.674680862296135,MEDICAL,A,21476,6.53,0.38,N,13,0
29,50205,RENT,2.595896362024095,DEBTCONSOLIDATION,B,12402,9.6,0.25,N,8,0
22,32810,OWN,2.606918368053712,PERSONAL,D,1285,16.49,0.04,Y,3,0
34,52392,MORTGAGE,3.8981274080919435,MEDICAL,A,10776,8.08,0.21,N,8,0
23,61864,OWN,1.1272836065411846,DEBTCONSOLIDATION,C,4938,,0.08,N,2,0
40,67588,RENT,3.4932268680852783,VENTURE,B,6524,10.33,0.1,N,8,0
22,59823,MORTGAGE,2.4065334989280873,PERSONAL,D,9282,16.42,0.16,N,2,0
38,47661,RENT,13.639167670901017,VENTURE,C,15192,12.67,0.32,N,7,0
26,52501,RENT,3.6770594612758747,VENTURE,D,9369,16.82,0.18,N,4,0
32,39954,MORTGAGE,5.3149521955775585,DEBTCONSOLIDATION,B,5347,10.78,0.13,N,5,0
39,64361,RENT,5.7094371098985395,MEDICAL,C,15456,12.85,0.24,Y,7,0
24,47972,RENT,3.9511904834786593,EDUCATION,B,5487,10.43,0.11,Y,4,1
38,59832,RENT,5.072128785966443,DEBTCONSOLIDATION,A,1357,10.28,0.02,N,11,0
20,93942,MORTGAGE,0.0,DEBTCONSOLIDATION,D,6587,15.77,0.07,Y,2,0
47,36675,RENT,21.515201892000032,MEDICAL,C,5677,13.95,0.15,N,14,0
41,75220,RENT,8.805420248512052,EDUCATION,A,10114,8.17,0.13,N,7,0
29,55175,OTHER,4.625253293877685,PERSONAL,D,15021,16.15,0.27,N,6,0
43,164663,RENT,9.339040052971493,EDUCATION,B,5468,10.18,0.03,N,8,1
41,48099,RENT,10.223927245674702,VENTURE,A,9817,6.92,0.2,N,13,0
29,79406,MORTGAGE,2.2948666276747276,EDUCATION,B,18668,10.36,0.24,N,4,0
29,54635,MORTGAGE,,PERSONAL,B,5112,10.39,0.09,N,6,0
21,25246,RENT,3.601004011951053,EDUCATION,B,10550,11.52,0.42,N,3,0
30,40685,MORTGAGE,0.7909806617179869,PERSONAL,A,27053,,0.66,N,7,1
20,87926,RENT,2.5951722703768407,PERSONAL,E,11532,19.95,0.13,Y,2,1
38,42702,MORTGAGE,8.351673426695195,VENTURE,E,8620,18.22,0.2,N,10,0
38,15976,RENT,10.425759031639402,EDUCATION,A,12780,8.34,0.8,N,5,1
20,53248,RENT,1.981464755674915,EDUCATION,B,15030,10.72,0.28,N,2,0
46,29709,RENT,9.284614814103538,MEDICAL,A,10291,6.64,0.35,Y,20,0
24,58250,OWN,0.9502357074994032,VENTURE,D,22636,14.81,0.39,N,2,1
69,127151,MORTGAGE,22.3384860440647,PERSONAL,D,7655,15.74,0.06,N,34,0
32,82718,OWN,2.7831755798903877,EDUCATION,B,6283,10.39,0.08,N,10,0
46,126141,MORTGAGE,11.892213501126315,PERSONAL,C,11751,12.78,0.09,N,20,0
21,39781,RENT,3.1981011911722272,PERSONAL,C,8623,14.49,0.22,N,3,0
26,50074,RENT,0.9983996066223296,VENTURE,B,17728,11.69,0.35,Y,3,1
24,30502,MORTGAGE,1.243526938025345,MEDICAL,B,16063,10.35,0.53,N,3,0
20,37189,MORTGAGE,1.1874458396356653,DEBTCONSOLIDATION,A,10965,8.72,0.29,N,2,1
20,32539,OWN,1.7602690955908276,DEBTCONSOLIDATION,A,12966,7.84,0.4,N,2,0
28,26404,RENT,3.4868689511588764,HOMEIMPROVEMENT,B,7532,8.93,0.29,N,2,0
33,114831,RENT,11.513440868147757,MEDICAL,A,11035,5.87,0.1,N,10,0
20,17144,RENT,0.7822310460219689,HOMEIMPROVEMENT,A,2290,7.77,0.13,N,3,0
26,115102,RENT,5.2578047799040295,EDUCATION,A,18756,7.38,0.16,N,5,0
23,107509,RENT,1.4547674559470922,VENTURE,B,11854,9.75,0.11,N,2,0
29,71316,RENT,1.80443447032656,VENTURE,F,12683,20.85,0.18,Y,8,0
37,29349,MORTGAGE,12.804463982650473,VENTURE,D,9285,17.75,0.32,N,13,0
30,22692,RENT,8.683282573716712,PERSONAL,C,10558,13.56,0.47,N,7,0
24,40069,RENT,2.0028766306603663,EDUCATION,C,8547,13.16,0.21,N,5,0
41,76405,MORTGAGE,5.891789347683886,DEBTCONSOLIDATION,B,12702,9.94,0.17,N,8,0
33,54267,RENT,3.1240042432584225,VENTURE,A,9108,6.55,0.17,N,10,0
31,30518,MORTGAGE,1.8744296581204043,HOMEIMPROVEMENT,B,9005,11.15,0.3,N,8,0
20,101876,RENT,0.0,EDUCATION,A,1693,7.16,0.02,Y,2,0
40,136818,MORTGAGE,17.506708269118786,PERSONAL,B,11297,10.39,0.08,N,12,0
34,47828,MORTGAGE,7.654873073480263,VENTURE,A,12441,7.17,0.26,N,12,0
35,57534,OWN,8.931579740248345,VENTURE,C,14109,14.78,0.25,N,5,0
27,23626,MORTGAGE,2.4860625532875607,DEBTCONSOLIDATION,A,12681,6.36,0.54,N,5,0
26,43134,RENT,3.8760636569083973,MEDICAL,A,2410,,0.06,N,2,1
51,71735,RENT,19.31361166464839,MEDICAL,E,10120,19.2,0.14,Y,19,1
25,65852,MORTGAGE,0.9297192316636513,PERSONAL,A,9297,6.91,0.14,N,4,0
20,40977,MORTGAGE,1.2573663803237927,VENTURE,B,7093,10.98,0.17,N,2,0
31,46591,MORTGAGE,4.9293709673413675,MEDICAL,A,16158,7.36,0.35,N,9,0
29,42363,RENT,8.656629179420829,VENTURE,A,10865,8.15,0.26,N,6,0
42,46483,MORTGAGE,13.403682185997914,VENTURE,B,16296,9.72,0.35,N,13,0
28,68376,MORTGAGE,6.237573305993264,PERSONAL,B,3269,10.72,0.05,N,6,0
36,18358,MORTGAGE,4.9270953701644995,EDUCATION,A,7358,7.56,0.4,N,8,0
47,52005,RENT,18.099812586442617,PERSONAL,D,2032,16.43,0.04,Y,11,0
33,65675,OTHER,1.8387033446460719,PERSONAL,C,19556,11.59,0.3,Y,11,0
21,39586,RENT,0.6109252343586742,DEBTCONSOLIDATION,A,16487,6.93,0.42,N,2,1
20,41621,RENT,1.7061328092726924,DEBTCONSOLIDATION,A,21410,7.97,0.51,N,2,0
34,42289,MORTGAGE,0.0,VENTURE,C,17927,14.9,0.42,N,5,0
26,41627,RENT,3.481247476471872,MEDICAL,C,10170,14.34,0.24,N,2,0
32,54351,MORTGAGE,9.201498682643102,EDUCATION,A,7524,,0.14,N,7,0
29,58159,RENT,2.7369628559503125,MEDICAL,B,12980,9.82,0.22,N,4,0
20,17063,RENT,2.265688865306193,EDUCATION,A,7752,7.74,0.45,N,2,0
28,77581,RENT,2.7711248049982573,DEBTCONSOLIDATION,A,13167,7.97,0.17,N,3,0
20,46189,RENT,3.880570106813077,DEBTCONSOLIDATION,A,7834,8.92,0.17,N,2,0
25,156863,RENT,5.48481851535854,VENTURE,E,14923,17.79,0.1,N,2,0
40,28130,RENT,7.211705298877024,MEDICAL,C,5526,13.2,0.2,Y,11,0
30,33623,MORTGAGE,5.369239604459473,EDUCATION,C,14646,15.11,0.44,N,8,0
35,48455,MORTGAGE,7.927353132076324,DEBTCONSOLIDATION,A,4559,7.34,0.09,N,10,0
31,68000,MORTGAGE,7.155914972994401,DEBTCONSOLIDATION,A,8242,7.89,0.12,N,8,0
27,18528,MORTGAGE,3.0185378190810828,MEDICAL,A,3776,6.65,0.2,N,6,0
32,34337,RENT,4.118449150765793,PERSONAL,B,8582,10.23,0.25,N,8,0
20,74998,MORTGAGE,0.0,MEDICAL,A,3823,7.76,0.05,N,2,0
38,32161,MORTGAGE,,MEDICAL,A,7000,7.2,0.22,N,12,0
22,115095,RENT,0.0,EDUCATION,A,12059,7.65,0.1,N,2,0
35,42207,MORTGAGE,7.628850925332435,PERSONAL,D,7527,16.2,0.18,N,11,0
26,33035,RENT,2.7860402162631472,EDUCATION,B,6718,10.56,0.2,N,6,0
20,75783,MORTGAGE,2.8042776545802575,EDUCATION,A,6019,6.9,0.08,N,2,0
23,131162,RENT,1.1666430599883555,EDUCATION,C,5038,14.16,0.04,N,2,0
35,68119,RENT,6.240522757912887,MEDICAL,C,4850,13.65,0.07,N,9,0
57,108362,RENT,8.96331792575679,PERSONAL,A,14204,6.97,0.13,N,13,0
29,136236,RENT,2.321693115934388,MEDICAL,A,17716,6.86,0.13,N,7,0
55,32629,MORTGAGE,14.37492535102161,DEBTCONSOLIDATION,C,9499,12.68,0.29,N,26,0
20,90772,OTHER,0.9468016277953275,MEDICAL,A,16410,8.46,0.18,N,2,0
20,23437,RENT,0.5990646835197891,MEDICAL,C,22128,12.93,0.94,N,2,1
27,68438,RENT,4.5787197678197336,MEDICAL,A,8652,6.77,0.13,N,5,0
29,52092,RENT,0.5332368735946735,MEDICAL,B,6979,9.71,0.13,N,8,1
35,107325,MORTGAGE,10.163907611139742,EDUCATION,A,7072,5.91,0.07,N,10,0
24,103232,RENT,0.0,MEDICAL,C,12244,15.26,0.12,N,2,0
33,74115,OWN,5.837096150922576,DEBTCONSOLIDATION,G,30558,22.57,0.41,N,9,0
27,63840,MORTGAGE,2.3796786741526903,PERSONAL,B,3441,9.79,0.05,N,3,0
44,71653,MORTGAGE,9.33158601867517,DEBTCONSOLIDATION,A,27251,7.22,0.38,N,15,0
31,56048,MORTGAGE,8.741315204198745,EDUCATION,A,6801,6.49,0.12,N,8,0
67,52383,MORTGAGE,22.487059785850526,VENTURE,D,8233,16.15,0.16,Y,18,0
28,119780,MORTGAGE,0.23821420405845561,MEDICAL,C,13512,13.38,0.11,N,6,0
43,127974,MORTGAGE,11.326164288617523,PERSONAL,A,28365,8.39,0.22,N,16,0
47,50115,MORTGAGE,17.719125549006407,HOMEIMPROVEMENT,E,1000,17.94,0.02,N,15,0
20,61740,MORTGAGE,0.0,DEBTCONSOLIDATION,B,6049,10.79,0.1,N,2,0
37,56664,MORTGAGE,8.557698532286318,EDUCATION,A,23411,7.51,0.41,Y,10,0
20,22327,OWN,0.059667794936140606,MEDICAL,B,2155,9.81,0.1,N,2,0
27,45024,OWN,0.9239178986205279,EDUCATION,B,4601,10.79,0.1,N,5,0
20,130592,MORTGAGE,0.0,EDUCATION,C,9561,13.44,0.07,N,2,0
44,35868,RENT,11.744718957402272,EDUCATION,B,5737,11.3,0.16,N,12,0
24,173338,RENT,1.4150741505358555,MEDICAL,D,9763,16.32,0.06,N,3,0
20,103225,MORTGAGE,0.740267949835549,MEDICAL,C,11854,13.12,0.11,N,2,0
32,67563,RENT,2.609924667149929,VENTURE,C,9102,14.21,0.13,N,6,0
46,73752,RENT,14.451535834208448,VENTURE,A,15995,,0.22,Y,16,0
20,32713,RENT,0.24162330101193963,DEBTCONSOLIDATION,E,18902,18.08,0.58,N,2,1
39,46822,MORTGAGE,9.895712444786945,EDUCATION,B,18730,11.26,0.4,N,8,0
20,119703,MORTGAGE,1.1716365459432923,EDUCATION,D,5206,16.69,0.04,N,2,0
47,38638,RENT,0.28504742670248273,PERSONAL,A,18499,6.78,0.48,N,13,0
34,97112,RENT,9.015217390211404,PERSONAL,F,28288,19.92,0.29,Y,11,0
20,25403,MORTGAGE,0.8008555878762028,EDUCATION,C,12166,13.6,0.48,N,2,1
38,28029,OWN,12.237423450448926,DEBTCONSOLIDATION,D,9529,15.72,0.34,N,11,0
25,154162,RENT,0.0,MEDICAL,A,9968,7.24,0.06,N,4,0
21,53824,RENT,3.38157967377409,MEDICAL,B,4017,9.86,0.07,N,3,0
24,40288,MORTGAGE,2.403842543406574,VENTURE,A,13091,7.64,0.32,N,3,0
37,114634,MORTGAGE,11.688310357618988,MEDICAL,A,7042,7.68,0.06,N,7,1
21,107495,MORTGAGE,0.7996808115633827,VENTURE,A,29200,6.35,0.27,N,2,0
20,89896,MORTGAGE,0.9766437353620686,VENTURE,E,17557,18.19,0.2,N,2,0
25,39598,MORTGAGE,3.4741302157495118,MEDICAL,C,13957,13.05,0.35,Y,4,1
45,46267,RENT,6.160286235018775,HOMEIMPROVEMENT,A,11926,7.72,0.26,N,9,0
44,64305,RENT,10.781571690039305,MEDICAL,E,2115,18.96,0.03,N,16,0
24,79373,MORTGAGE,,PERSONAL,C,18408,14.08,0.23,N,4,0
24,40959,MORTGAGE,1.421272544036142,MEDICAL,D,7069,15.7,0.17,N,4,0
24,59510,MORTGAGE,5.892055887086455,VENTURE,D,9109,16.43,0.15,Y,2,0
23,62759,OWN,1.5861700556803537,MEDICAL,C,10648,12.3,0.17,N,4,0
24,109943,MORTGAGE,0.245871818977082,DEBTCONSOLIDATION,A,25558,8.57,0.23,N,4,0
32,82039,MORTGAGE,3.2326181181749885,DEBTCONSOLIDATION,G,20006,21.94,0.24,Y,7,0
45,23653,RENT,11.908039311008414,EDUCATION,A,2538,6.42,0.11,N,8,0
21,48170,RENT,3.7779335259335753,EDUCATION,C,5813,12.95,0.12,N,2,0
22,32505,MORTGAGE,1.230083280741599,HOMEIMPROVEMENT,C,21790,14.66,0.67,N,2,0
33,74046,RENT,6.101539662453399,DEBTCONSOLIDATION,A,9267,8.01,0.13,N,7,0
37,90015,RENT,,VENTURE,B,4392,11.93,0.05,N,16,0
20,57288,OWN,3.3346323418641433,VENTURE,B,11297,10.74,0.2,N,2,0
51,46748,MORTGAGE,18.427488185395877,DEBTCONSOLIDATION,A,12357,,0.26,N,25,0
20,56277,RENT,2.1235445206264023,EDUCATION,A,4315,7.21,0.08,N,3,0
26,60773,MORTGAGE,5.891290336708352,PERSONAL,D,13795,14.95,0.23,N,6,0
20,38099,RENT,1.436277347505205,VENTURE,A,2774,7.79,0.07,N,2,0
20,27714,RENT,2.886070175485251,DEBTCONSOLIDATION,D,21180,16.06,0.76,N,2,1
20,17543,MORTGAGE,0.0,EDUCATION,B,15549,10.9,0.89,N,2,1
42,108765,MORTGAGE,3.1617467768742022,PERSONAL,B,16507,11.17,0.15,N,12,1
30,71182,RENT,6.027783195528383,VENTURE,C,9774,13.82,0.14,N,11,0
43,66130,RENT,14.09751246749953,DEBTCONSOLIDATION,B,19439,10.42,0.29,N,12,0
28,108647,RENT,0.9335466333703177,PERSONAL,B,12165,10.46,0.11,N,6,0
42,27159,OTHER,6.031141259054449,DEBTCONSOLIDATION,A,19517,7.89,0.72,N,12,1
28,20856,MORTGAGE,7.950695376520969,DEBTCONSOLIDATION,B,10572,9.33,0.51,N,4,0
20,66924,RENT,0.658074318900929,VENTURE,B,20175,,0.3,N,4,0
35,63659,RENT,10.516655622734039,EDUCATION,A,6527,9.18,0.1,N,12,0
29,20905,MORTGAGE,4.37245764653164,PERSONAL,B,5674,10.12,0.27,N,3,0
27,66021,MORTGAGE,,DEBTCONSOLIDATION,B,11658,11.04,0.18,N,4,0
22,43472,MORTGAGE,0.28461239168170827,EDUCATION,C,7121,13.18,0.16,N,2,0
37,34755,RENT,,VENTURE,B,10190,10.34,0.29,N,7,0
20,45099,OWN,1.1062086364388795,EDUCATION,D,2516,14.26,0.06,N,2,0
37,14145,RENT,10.01531041614873,EDUCATION,B,13965,11.0,0.99,N,6,1
31,39133,RENT,2.7995114061721593,PERSONAL,D,19003,15.57,0.49,N,6,0
37,36777,RENT,7.9520278003368094,PERSONAL,B,6995,8.87,0.19,N,6,0
32,73600,MORTGAGE,4.7642334079651505,PERSONAL,B,12729,9.38,0.17,N,9,0
44,49660,OWN,14.607888472952167,DEBTCONSOLIDATION,B,15582,10.59,0.31,N,9,0
34,76985,MORTGAGE,7.121663389266423,EDUCATION,B,7567,9.95,0.1,N,12,0
31,13329,MORTGAGE,4.159573363482938,EDUCATION,D,3792,15.35,0.28,N,5,0
20,34149,RENT,0.0,DEBTCONSOLIDATION,A,11101,,0.33,N,2,0
44,73555,RENT,2.2602325300194366,VENTURE,A,14676,5.0,0.2,N,18,0
20,45712,MORTGAGE,0.0,MEDICAL,C,5227,12.21,0.11,N,2,0
20,86249,MORTGAGE,2.3889274478813505,DEBTCONSOLIDATION,B,17864,11.01,0.21,N,2,0
38,20079,MORTGAGE,5.380501359791007,HOMEIMPROVEMENT,A,12673,7.91,0.63,N,7,1
30,80992,RENT,4.422117530485965,PERSONAL,B,6672,,0.08,N,5,0
20,38119,RENT,1.6647343947995543,DEBTCONSOLIDATION,B,22582,10.99,0.59,N,2,0
24,36137,RENT,0.024376997508499643,MEDICAL,B,7486,10.85,0.21,N,2,0
44,93440,OWN,11.5234154286353,MEDICAL,C,2481,,0.03,N,11,0
31,102646,MORTGAGE,7.92988199385764,DEBTCONSOLIDATION,B,16174,10.98,0.16,N,7,1
30,95710,RENT,7.8471776388362375,PERSONAL,C,5772,13.53,0.06,N,9,0
23,166250,RENT,0.9986897485751065,MEDICAL,C,8116,14.73,0.05,N,4,0
39,108742,RENT,8.735304023601719,VENTURE,C,7256,13.93,0.07,N,13,0
29,34979,RENT,2.135065609553849,PERSONAL,A,16013,7.96,0.46,N,4,0
36,58565,MORTGAGE,5.130434437881977,MEDICAL,B,11583,10.1,0.2,N,11,0
22,44439,OWN,3.4220281361539353,PERSONAL,B,4791,10.53,0.11,N,3,0
57,165379,MORTGAGE,8.000905422776803,EDUCATION,D,4678,15.09,0.03,N,10,0
46,99476,RENT,15.529028249277493,MEDICAL,C,4260,12.29,0.04,N,18,0
31,48830,MORTGAGE,1.7539253410648397,PERSONAL,B,7675,9.13,0.16,N,10,0
33,87802,MORTGAGE,8.149508421330193,EDUCATION,F,17313,20.32,0.2,N,10,0
24,27509,RENT,2.453629117706124,MEDICAL,B,8819,11.59,0.32,N,2,0
37,62171,MORTGAGE,10.249847411919019,DEBTCONSOLIDATION,C,21289,13.85,0.34,N,12,0
20,32342,MORTGAGE,3.9589232936534033,PERSONAL,C,9685,14.19,0.3,Y,2,1
50,21402,RENT,17.952834299355814,VENTURE,D,3896,15.31,0.18,N,25,0
37,83407,MORTGAGE,11.486444688111064,MEDICAL,F,3199,20.74,0.04,N,7,0
21,89297,MORTGAGE,2.4988960746325173,MEDICAL,B,17437,12.13,0.2,N,2,0
50,69665,MORTGAGE,9.639354973034262,PERSONAL,A,13437,8.14,0.19,N,26,0
55,48989,RENT,20.104966194614796,EDUCATION,B,5955,10.2,0.12,N,20,1
34,26997,RENT,4.8236309062676135,VENTURE,D,3678,14.65,0.14,N,8,0
22,28602,RENT,1.9397897547560659,VENTURE,C,5583,12.45,0.2,N,3,0
30,31789,MORTGAGE,3.159630374377755,VENTURE,B,14223,11.03,0.45,N,8,0
36,47642,RENT,11.999633032376122,EDUCATION,A,16962,7.68,0.36,N,11,0
33,97919,MORTGAGE,7.121892567699893,EDUCATION,B,3377,11.94,0.03,N,8,0
21,97073,MORTGAGE,3.3781512783421177,HOMEIMPROVEMENT,B,4864,10.55,0.05,N,2,0
35,21879,RENT,1.1512584915148607,HOMEIMPROVEMENT,A,24057,6.31,1.1,N,11,1
43,37001,MORTGAGE,18.172319619867498,VENTURE,C,14413,,0.39,N,17,0
20,36457,RENT,0.0,DEBTCONSOLIDATION,A,4660,7.53,0.13,N,2,0
20,13462,RENT,2.8868397981288925,PERSONAL,B,6254,10.19,0.46,N,2,0
24,73966,RENT,3.7017246725626562,EDUCATION,A,20599,7.5,0.28,N,2,0
28,47316,OWN,6.875688465418878,MEDICAL,D,7216,16.3,0.15,N,5,0
39,50907,MORTGAGE,16.741847389048353,MEDICAL,C,7751,,0.15,N,10,0
43,113576,RENT,,PERSONAL,B,7632,9.96,0.07,N,10,0
22,56872,OWN,2.6238660091845922,PERSONAL,B,7713,11.51,0.14,N,2,0
32,42748,MORTGAGE,6.905179197710468,HOMEIMPROVEMENT,A,15045,8.79,0.35,N,9,0
43,74209,RENT,17.03361968364477,DEBTCONSOLIDATION,F,11367,19.48,0.15,Y,11,1
58,96991,RENT,,DEBTCONSOLIDATION,C,14943,12.48,0.15,Y,18,1
32,63771,RENT,3.5482604636024444,HOMEIMPROVEMENT,C,6426,14.11,0.1,N,7,0
32,79146,MORTGAGE,1.811890832963622,DEBTCONSOLIDATION,A,1810,9.12,0.02,N,6,0
34,50007,MORTGAGE,7.230037727108961,MEDICAL,A,6979,7.68,0.14,N,8,0
27,51791,RENT,7.231413399953847,MEDICAL,B,8332,10.59,0.16,N,6,0
31,57650,RENT,4.188832265748044,PERSONAL,A,12233,6.93,0.21,N,8,0
20,35802,RENT,0.0,PERSONAL,C,7993,14.31,0.22,N,2,0
24,39638,RENT,2.714891578999781,VENTURE,B,4982,10.26,0.13,N,2,0
35,115593,MORTGAGE,,DEBTCONSOLIDATION,B,3041,11.76,0.03,N,8,0
22,163468,RENT,2.816226931588547,HOMEIMPROVEMENT,A,30481,7.79,0.19,N,2,0
40,130054,MORTGAGE,12.207575157315574,PERSONAL,G,15420,22.71,0.12,Y,9,0
20,26165,OWN,3.405771458855037,VENTURE,E,11205,17.84,0.43,Y,2,0
39,24811,RENT,9.241778904642116,DEBTCONSOLIDATION,A,10104,,0.41,N,15,0
39,28144,RENT,11.214812433706607,EDUCATION,B,6982,10.01,0.25,Y,10,0
59,58332,RENT,9.673034778901222,EDUCATION,B,8734,10.43,0.15,N,16,0
26,12000,RENT,5.106379070582221,DEBTCONSOLIDATION,A,5244,8.38,0.44,N,4,0
30,39189,MORTGAGE,11.25167493048291,DEBTCONSOLIDATION,D,9681,16.66,0.25,Y,5,1
49,117466,MORTGAGE,2.9794215871778156,VENTURE,C,14242,,0.12,Y,22,0
46,92998,RENT,20.393322705437463,DEBTCONSOLIDATION,E,8406,16.83,0.09,Y,12,0
42,40945,RENT,9.672842903050332,MEDICAL,D,2384,15.42,0.06,N,12,0
33,42687,RENT,2.490931068485738,PERSONAL,C,12621,13.62,0.3,N,11,0
48,74012,RENT,20.632315445198902,PERSONAL,C,11184,13.69,0.15,N,12,0
66,90617,MORTGAGE,19.794469552289502,EDUCATION,D,16001,17.47,0.18,N,35,0
36,40407,RENT,6.749879904030962,MEDICAL,C,9019,14.64,0.22,N,8,1
30,47624,MORTGAGE,1.0641392923902535,HOMEIMPROVEMENT,A,15062,8.14,0.32,N,8,0
38,39683,MORTGAGE,5.585236668961381,EDUCATION,B,3098,,0.08,N,11,0
32,26049,RENT,7.36760009214286,EDUCATION,B,5007,10.73,0.19,N,5,0
27,48008,MORTGAGE,1.9844306662068303,VENTURE,F,7900,20.91,0.16,Y,5,0
40,46038,OWN,12.861737703946593,EDUCATION,B,9706,11.55,0.21,N,11,0
25,27082,RENT,0.5479169501289731,HOMEIMPROVEMENT,A,15622,6.71,0.58,N,3,1
36,77291,RENT,3.8906893380968968,EDUCATION,A,11204,8.21,0.14,N,6,0
20,70673,RENT,1.9356255317737108,PERSONAL,D,5340,16.48,0.08,N,2,0
51,79431,MORTGAGE,11.145858399983778,MEDICAL,E,13015,18.09,0.16,Y,23,0
23,35509,RENT,,DEBTCONSOLIDATION,C,6256,14.54,0.18,N,2,0
20,18197,OWN,0.0,PERSONAL,A,7548,,0.41,N,2,1
46,70054,MORTGAGE,8.924657258535456,VENTURE,A,13457,9.24,0.19,Y,9,0
49,37599,MORTGAGE,18.475473772781168,HOMEIMPROVEMENT,B,5942,11.55,0.16,N,13,0
33,33194,RENT,6.958506866856718,EDUCATION,G,13177,,0.4,Y,4,1
29,27136,MORTGAGE,2.401236869126521,PERSONAL,D,3267,15.66,0.12,Y,3,0
27,46563,RENT,4.4306626867538785,HOMEIMPROVEMENT,D,5403,15.97,0.12,Y,4,0
33,128995,RENT,3.730794888117416,PERSONAL,B,5127,9.9,0.04,N,10,0
29,41027,OWN,0.0,DEBTCONSOLIDATION,D,6538,15.82,0.16,N,6,0
28,29750,RENT,3.777812080557658,EDUCATION,A,6449,8.16,0.22,N,7,0
22,77541,OWN,2.7559543122539942,EDUCATION,A,5233,6.93,0.07,N,5,0
20,59578,RENT,0.7180282789035842,EDUCATION,D,8231,16.75,0.14,N,2,0
31,16888,OTHER,1.2619495230853301,HOMEIMPROVEMENT,A,2860,7.3,0.17,N,8,0
32,77986,MORTGAGE,4.6606876740412195,HOMEIMPROVEMENT,C,2834,14.37,0.04,Y,13,0
23,174670,MORTGAGE,1.7872972893853207,MEDICAL,C,12016,14.59,0.07,N,2,0
24,12961,RENT,3.4843650462948195,MEDICAL,A,4308,6.7,0.33,N,4,0
32,27456,RENT,11.401515360064696,EDUCATION,A,7068,5.81,0.26,N,7,0
22,12000,MORTGAGE,0.054794056247854384,MEDICAL,A,9841,7.63,0.82,N,2,1
42,51978,MORTGAGE,7.03856398797447,MEDICAL,C,22515,13.71,0.43,N,7,0
36,93406,RENT,4.993929854636058,DEBTCONSOLIDATION,A,9497,6.52,0.1,N,5,1
23,57412,RENT,1.4953435127872365,DEBTCONSOLIDATION,B,17380,11.83,0.3,Y,4,1
35,116494,RENT,7.746572420693238,DEBTCONSOLIDATION,C,11066,13.21,0.09,N,13,0
22,85545,RENT,2.417543735521825,PERSONAL,A,26024,8.01,0.3,N,2,0
39,138161,RENT,11.397244410766339,DEBTCONSOLIDATION,A,16344,6.91,0.12,N,14,0
22,102551,MORTGAGE,1.9546345520767114,DEBTCONSOLIDATION,B,9733,9.31,0.09,N,4,0
29,43407,RENT,5.296324540636437,VENTURE,A,13267,8.43,0.31,N,5,0
31,56201,RENT,1.9074350008964855,MEDICAL,B,8174,9.76,0.15,N,5,0
48,33598,OWN,16.799448793985146,MEDICAL,E,8125,19.13,0.24,N,23,0
23,47721,RENT,2.7818563703822123,PERSONAL,A,25296,6.84,0.53,N,4,0
22,56050,MORTGAGE,1.9578943370804531,HOMEIMPROVEMENT,D,4412,15.82,0.08,Y,2,0
20,51704,MORTGAGE,2.3246725258962804,PERSONAL,B,9181,10.37,0.18,N,2,0
53,113350,MORTGAGE,9.074868216234943,HOMEIMPROVEMENT,C,11699,13.48,0.1,N,27,0
30,45179,MORTGAGE,0.0,EDUCATION,D,7209,15.49,0.16,N,7,0
43,32446,MORTGAGE,14.843644544578073,DEBTCONSOLIDATION,B,12081,11.08,0.37,N,11,0
24,33580,RENT,2.1844096745284993,DEBTCONSOLIDATION,A,8142,8.25,0.24,N,3,0
25,77676,MORTGAGE,0.525162445913798,PERSONAL,A,13151,8.48,0.17,N,3,0
29,25041,MORTGAGE,0.0,HOMEIMPROVEMENT,C,4600,13.14,0.18,N,5,0
30,48501,RENT,5.803540261262741,PERSONAL,A,6144,6.6,0.13,N,6,0
37,112434,RENT,3.4164907938677422,MEDICAL,B,5611,,0.05,N,11,0
30,63635,MORTGAGE,0.46638077905473985,MEDICAL,B,3474,10.8,0.05,Y,4,0
26,51998,MORTGAGE,2.1581820776628735,VENTURE,A,18492,7.8,0.36,N,3,0
54,53116,RENT,11.817905817789523,HOMEIMPROVEMENT,C,6823,14.73,0.13,N,26,0
22,30752,OWN,3.212321258235559,EDUCATION,C,15790,13.59,0.51,N,2,0
23,33812,MORTGAGE,2.608803405944264,PERSONAL,B,7107,12.18,0.21,N,3,0
22,48661,OWN,0.8148839862161816,DEBTCONSOLIDATION,B,9981,11.2,0.21,N,3,1
38,62893,OWN,5.39948733926051,EDUCATION,A,23553,8.23,0.37,N,8,0
35,91261,RENT,3.204294250556622,EDUCATION,B,15937,10.57,0.17,N,11,0
28,57005,MORTGAGE,1.3895236405996838,MEDICAL,C,15989,13.25,0.28,N,6,0
21,114008,MORTGAGE,0.8243364404096949,MEDICAL,B,8079,10.01,0.07,N,2,0
31,130987,MORTGAGE,8.937965403131493,EDUCATION,E,4206,18.65,0.03,N,2,0
40,83901,MORTGAGE,7.124942567853151,EDUCATION,A,5090,8.2,0.06,N,10,0
49,106270,RENT,18.41576942232994,EDUCATION,G,8107,22.34,0.08,N,17,0
24,31417,RENT,3.472481333899509,PERSONAL,C,20552,,0.65,N,4,0
28,28794,RENT,8.691536330866981,PERSONAL,C,12013,12.68,0.42,N,3,0
35,72033,MORTGAGE,2.3799992816290736,PERSONAL,B,16536,10.91,0.23,N,5,0
26,25908,MORTGAGE,1.1568196055395203,VENTURE,B,11720,9.65,0.45,N,5,0
20,46179,RENT,0.6143255648896512,HOMEIMPROVEMENT,C,6784,13.82,0.15,N,2,0
28,82797,MORTGAGE,3.314416128603419,DEBTCONSOLIDATION,C,6831,13.73,0.08,Y,5,0
20,117872,MORTGAGE,0.0,HOMEIMPROVEMENT,B,11490,10.39,0.1,Y,2,0
41,47107,RENT,10.33228185073104,VENTURE,A,24087,,0.51,N,7,0
27,37893,RENT,3.387948153349929,DEBTCONSOLIDATION,C,8160,14.77,0.22,N,6,1
29,64618,RENT,1.045081431301098,DEBTCONSOLIDATION,D,9776,14.31,0.15,Y,5,0
23,30017,OWN,3.2327308068357437,MEDICAL,B,4524,9.31,0.15,N,2,0
30,49251,MORTGAGE,3.963999175796404,EDUCATION,B,13268,10.97,0.27,N,5,0
45,53938,RENT,15.761955350957866,PERSONAL,D,7943,17.35,0.15,N,16,0
42,53348,RENT,4.46489932328702,EDUCATION,C,10640,,0.2,N,11,0
20,56878,MORTGAGE,1.6647227088391905,MEDICAL,B,6893,10.84,0.12,N,2,0
20,34235,MORTGAGE,0.9070451505401933,VENTURE,A,16155,6.1,0.47,N,2,0
28,36321,MORTGAGE,,PERSONAL,C,14421,12.02,0.4,N,3,0
27,35921,RENT,2.8094122074409715,HOMEIMPROVEMENT,B,4821,12.15,0.13,N,3,0
26,22224,RENT,4.723362785961723,PERSONAL,A,4211,7.81,0.19,N,3,0
24,65382,OWN,1.1760135024220661,PERSONAL,B,8758,9.27,0.13,N,2,0
20,88615,RENT,1.185621808586149,MEDICAL,A,6354,7.33,0.07,N,2,0
60,83949,RENT,9.035931790616974,PERSONAL,B,11616,9.88,0.14,N,20,0
53,46893,MORTGAGE,20.070861809057686,VENTURE,B,13601,10.16,0.29,N,23,0
26,34680,OWN,3.433992686109668,DEBTCONSOLIDATION,C,26434,13.25,0.76,N,3,0
31,81582,MORTGAGE,4.373809893267098,VENTURE,A,8566,7.67,0.1,N,7,0
41,76988,MORTGAGE,1.492107999834932,VENTURE,A,3675,7.86,0.05,N,16,0
31,61058,RENT,7.562370505914471,VENTURE,B,7055,9.95,0.12,N,9,0
25,141403,RENT,0.0,DEBTCONSOLIDATION,A,3581,6.91,0.03,N,2,0
20,53394,RENT,0.0,HOMEIMPROVEMENT,C,6025,13.82,0.11,N,2,1
30,47037,MORTGAGE,6.863380251955297,MEDICAL,E,10708,17.98,0.23,Y,7,1
20,43481,RENT,,VENTURE,C,9084,12.97,0.21,N,2,0
44,22960,MORTGAGE,4.36218733732685,PERSONAL,A,12801,7.58,0.56,N,9,0
30,77943,RENT,6.564690405653901,HOMEIMPROVEMENT,A,7106,7.52,0.09,N,4,0
36,51122,MORTGAGE,3.7394444828409696,VENTURE,A,3214,7.14,0.06,N,14,0
27,71715,MORTGAGE,2.9083431997851923,EDUCATION,A,22601,8.34,0.32,N,5,0
39,149198,MORTGAGE,2.781011427270115,MEDICAL,A,7623,7.9,0.05,N,9,0
24,43699,RENT,3.372939909995137,VENTURE,A,1504,9.11,0.03,N,6,0
33,14974,MORTGAGE,6.852812442134377,VENTURE,D,10085,15.8,0.67,N,7,1
26,70586,RENT,5.379232420116151,EDUCATION,D,11309,16.56,0.16,Y,3,0
28,59383,MORTGAGE,4.756275628796279,EDUCATION,B,3014,11.67,0.05,Y,5,0
41,36212,MORTGAGE,0.0,PERSONAL,A,8665,6.79,0.24,N,12,0
23,67406,RENT,0.9026521806191425,HOMEIMPROVEMENT,C,11479,13.21,0.17,N,2,0
34,83479,MORTGAGE,3.087453959705508,HOMEIMPROVEMENT,A,15742,8.48,0.19,N,8,0
46,32188,MORTGAGE,22.352868950248265,PERSONAL,A,17114,8.04,0.53,N,12,0
40,45902,MORTGAGE,4.371836451366439,DEBTCONSOLIDATION,A,12515,7.48,0.27,N,15,0
24,122053,MORTGAGE,2.6438296275676363,MEDICAL,B,15336,9.39,0.13,N,2,0
35,36428,RENT,2.6760904920874173,PERSONAL,B,15684,9.46,0.43,N,11,0
20,56199,RENT,0.0,EDUCATION,A,11149,7.14,0.2,N,2,0
41,12791,RENT,10.299166089704872,PERSONAL,A,19346,6.86,1.51,N,10,1
66,23980,OWN,25.694937554681026,HOMEIMPROVEMENT,D,18446,,0.77,Y,23,0
33,59079,RENT,10.684079277670497,DEBTCONSOLIDATION,B,1158,9.03,0.02,N,11,0
47,106446,MORTGAGE,14.279185660519992,VENTURE,A,2986,6.41,0.03,N,18,0
20,25613,MORTGAGE,0.4445284516570261,DEBTCONSOLIDATION,B,11085,9.8,0.43,N,2,1
21,56444,MORTGAGE,1.2528086671369432,HOMEIMPROVEMENT,A,9001,7.59,0.16,N,2,0
27,44062,RENT,4.076334507992367,MEDICAL,B,5290,,0.12,N,6,0
28,91509,RENT,4.2481085377768455,DEBTCONSOLIDATION,A,11015,7.55,0.12,N,4,0
33,27728,RENT,4.716197768970611,MEDICAL,B,18383,10.51,0.66,Y,7,0
24,68633,RENT,3.1846871936658006,DEBTCONSOLIDATION,B,7093,9.14,0.1,N,4,0
31,37815,RENT,5.08777874058244,EDUCATION,C,8119,14.35,0.21,N,6,0
41,61247,RENT,15.125146857862637,EDUCATION,A,11274,8.09,0.18,N,17,0
35,56269,MORTGAGE,7.93238237874894,PERSONAL,B,12581,10.53,0.22,N,10,0
26,47170,RENT,4.9688095872762545,EDUCATION,E,11987,18.08,0.25,N,5,0
38,70459,RENT,7.497180781132952,EDUCATION,C,2706,14.59,0.04,N,7,0
26,55492,RENT,,VENTURE,E,22076,17.69,0.4,Y,4,1
31,50360,RENT,9.472204627665013,DEBTCONSOLIDATION,D,13195,16.78,0.26,Y,5,0
40,44532,RENT,10.368930924406172,MEDICAL,B,31298,9.81,0.7,Y,15,0
28,56538,RENT,7.6345507279744504,DEBTCONSOLIDATION,A,13106,8.55,0.23,N,5,0
20,61213,MORTGAGE,2.7995017091167895,DEBTCONSOLIDATION,C,6414,13.87,0.1,N,2,1
30,31444,RENT,1.1685562941963719,PERSONAL,C,9772,14.22,0.31,N,6,0
40,44702,OWN,10.22037427038945,PERSONAL,B,6453,10.67,0.14,N,17,0
42,30322,RENT,2.2973121904466423,EDUCATION,C,15938,13.86,0.53,N,9,0
20,53002,OWN,2.109154608123331,MEDICAL,B,12946,10.52,0.24,N,2,0
38,39113,MORTGAGE,12.148580298828637,MEDICAL,B,13278,9.69,0.34,N,11,0
27,82779,MORTGAGE,1.52758621446872,EDUCATION,B,3636,11.38,0.04,N,2,0
48,78432,OWN,6.732328140022503,VENTURE,A,22067,7.29,0.28,N,19,0
20,32613,RENT,0.0,MEDICAL,D,13910,16.08,0.43,N,2,1
37,54107,RENT,8.284030862314811,PERSONAL,D,1443,14.73,0.03,N,13,0
26,76971,RENT,2.3201951554613505,PERSONAL,B,9836,10.36,0.13,N,5,0
24,49196,RENT,2.4439584587210303,HOMEIMPROVEMENT,A,13673,7.82,0.28,N,3,0
41,36296,RENT,7.429167993938598,EDUCATION,A,10121,8.88,0.28,N,9,0
43,29708,MORTGAGE,4.737064208449031,EDUCATION,A,19310,7.45,0.65,N,9,0
20,86668,RENT,,VENTURE,A,6671,7.23,0.08,N,2,1
41,89008,RENT,15.080470938882538,EDUCATION,B,11729,9.97,0.13,N,17,0
29,48321,RENT,6.309566317462097,DEBTCONSOLIDATION,A,6212,6.99,0.13,N,7,0
30,82567,MORTGAGE,7.1486183485560035,VENTURE,A,7246,8.93,0.09,N,6,0
20,12000,OWN,3.13282484977155,VENTURE,C,1748,12.65,0.15,N,2,0
37,112437,MORTGAGE,4.351406986066515,MEDICAL,E,9819,18.17,0.09,N,10,0
61,49696,RENT,9.635749141790438,MEDICAL,A,7625,8.64,0.15,N,19,0
25,58569,RENT,6.10841989312686,VENTURE,B,12697,11.42,0.22,Y,2,0
44,45420,MORTGAGE,17.608022681797447,EDUCATION,F,14785,22.35,0.33,Y,9,1
30,116732,RENT,8.066816178552381,EDUCATION,D,3497,16.86,0.03,N,4,0
25,30230,OWN,3.0352403271396975,VENTURE,B,6241,10.7,0.21,N,2,0
20,121899,RENT,,EDUCATION,A,9220,8.0,0.08,N,2,0
47,67369,RENT,11.871933327383445,DEBTCONSOLIDATION,A,19140,6.69,0.28,N,21,0
31,76302,OWN,3.606431022811062,MEDICAL,A,6896,7.42,0.09,N,9,0
25,45203,OWN,0.7894014554485391,EDUCATION,B,1000,9.73,0.02,N,3,0
27,26383,MORTGAGE,1.454896700665759,MEDICAL,B,17683,11.64,0.67,N,2,1
38,90380,RENT,8.86197547327945,MEDICAL,C,12039,12.33,0.13,N,7,0
25,64297,MORTGAGE,1.920686168514113,EDUCATION,A,12456,7.3,0.19,Y,2,0
21,114564,RENT,1.4629421452367937,EDUCATION,C,17060,12.66,0.15,Y,2,0
29,48699,RENT,4.850586835550889,MEDICAL,A,10858,8.31,0.22,N,6,0
28,43020,RENT,4.584782911255512,MEDICAL,B,20043,10.64,0.47,N,2,1
28,116244,MORTGAGE,,DEBTCONSOLIDATION,B,13910,10.48,0.12,N,3,0
26,155056,MORTGAGE,1.7755217560036036,DEBTCONSOLIDATION,C,12997,12.55,0.08,Y,3,0
45,54455,RENT,9.159423762642518,EDUCATION,A,5371,8.64,0.1,N,19,0
68,35810,OWN,30.631633964669263,EDUCATION,A,4482,6.76,0.13,N,21,0
20,84608,RENT,3.015918003123911,PERSONAL,A,18397,7.18,0.22,N,2,0
20,47112,RENT,2.0021088753828797,DEBTCONSOLIDATION,B,4303,10.5,0.09,N,2,0
27,75327,MORTGAGE,6.1721787524449585,HOMEIMPROVEMENT,A,22611,7.93,0.3,N,4,0
20,46976,MORTGAGE,2.239294145404653,EDUCATION,B,16119,10.27,0.34,N,2,0
20,128054,OWN,2.279159896039388,VENTURE,A,7968,8.65,0.06,N,2,0
25,36874,MORTGAGE,0.44244954672650594,DEBTCONSOLIDATION,B,7167,10.54,0.19,Y,6,0
37,70565,RENT,2.5879985554713194,DEBTCONSOLIDATION,C,7586,,0.11,N,7,0
27,41407,OWN,4.498502210717815,EDUCATION,B,4863,9.76,0.12,N,4,0
20,46405,OWN,0.2234136617038434,PERSONAL,A,14347,7.92,0.31,N,2,0
27,43190,RENT,6.004715728135993,MEDICAL,B,13580,9.91,0.31,N,2,0
28,81327,MORTGAGE,4.531681722738791,EDUCATION,C,9245,13.38,0.11,N,6,0
28,89778,MORTGAGE,0.0,VENTURE,A,4523,6.43,0.05,N,4,0
43,73626,RENT,4.561564206018536,EDUCATION,A,21937,8.6,0.3,N,14,0
40,51052,OWN,4.707612753133384,DEBTCONSOLIDATION,B,4795,11.6,0.09,N,11,0
31,58518,RENT,5.4485495493962475,DEBTCONSOLIDATION,E,8224,19.48,0.14,N,6,0
56,88764,MORTGAGE,18.835484358232577,DEBTCONSOLIDATION,A,6964,,0.08,N,24,0
20,90320,RENT,0.0,MEDICAL,C,5354,15.7,0.06,N,2,0
25,12336,MORTGAGE,5.796954937589567,EDUCATION,D,3027,16.17,0.25,N,4,1
29,46642,MORTGAGE,5.390037238320874,MEDICAL,B,3704,11.85,0.08,N,7,0
30,47889,RENT,5.504011901371302,VENTURE,A,6392,7.49,0.13,N,6,0
20,78283,RENT,0.0,PERSONAL,C,9851,13.99,0.13,N,2,0
20,52222,OWN,1.9124548467854197,VENTURE,A,18657,8.16,0.36,N,3,0
30,80462,MORTGAGE,,VENTURE,B,7191,9.05,0.09,N,4,0
20,29933,MORTGAGE,0.016734486564068174,VENTURE,A,6487,7.41,0.22,N,2,0
23,62506,RENT,2.0216122950165714,EDUCATION,A,4078,7.32,0.07,N,2,0
31,88886,RENT,6.182030466572045,PERSONAL,A,6638,7.48,0.07,N,8,0
20,24078,MORTGAGE,1.6735095606769068,VENTURE,C,9305,12.93,0.39,N,3,0
33,215885,MORTGAGE,1.9307127670606468,DEBTCONSOLIDATION,E,7681,18.63,0.04,N,5,0
22,104295,RENT,1.5694091635308887,PERSONAL,B,7082,10.79,0.07,N,2,0
26,54216,MORTGAGE,4.946582981989812,EDUCATION,A,11516,6.7,0.21,N,5,0
35,34350,RENT,4.748363190079424,VENTURE,C,14071,13.53,0.41,N,4,0
29,49202,RENT,7.628941748487001,PERSONAL,B,13206,10.3,0.27,N,4,0
33,56731,MORTGAGE,6.869433998087814,EDUCATION,C,8488,14.46,0.15,N,8,0
35,69034,RENT,5.931395288999578,DEBTCONSOLIDATION,B,15272,10.96,0.22,N,5,0
29,123668,RENT,4.4243303729343255,MEDICAL,D,8504,15.38,0.07,N,3,1
34,41695,MORTGAGE,5.40227410455811,VENTURE,A,16176,8.28,0.39,N,9,0
23,73827,RENT,2.195788956843919,HOMEIMPROVEMENT,A,22213,7.46,0.3,N,2,0
35,26613,MORTGAGE,9.422645722205285,PERSONAL,B,1535,10.55,0.06,N,5,0
28,43153,MORTGAGE,5.751945377682867,VENTURE,B,10925,9.76,0.25,N,3,0
45,66648,MORTGAGE,6.064491235619114,EDUCATION,D,19222,16.16,0.29,N,19,0
31,79236,RENT,1.3644617984096157,EDUCATION,D,11152,16.76,0.14,N,7,1
25,35800,RENT,1.1988340181254586,PERSONAL,D,19400,15.81,0.54,N,3,1
35,42512,MORTGAGE,3.1350435369490217,VENTURE,A,14350,8.76,0.34,N,8,0
46,120971,RENT,13.435129546447007,MEDICAL,C,7341,14.22,0.06,N,18,0
25,102646,MORTGAGE,6.5354141728962905,HOMEIMPROVEMENT,B,14930,9.83,0.15,N,3,0
24,60757,MORTGAGE,0.7314205457874996,MEDICAL,D,3318,16.21,0.05,N,2,1
20,15832,RENT,2.541064459410854,VENTURE,A,8256,6.4,0.52,N,2,1
31,215587,MORTGAGE,5.959541711591239,PERSONAL,A,9930,6.73,0.05,N,4,0
27,53585,OWN,0.43092850577987774,VENTURE,C,8504,12.11,0.16,N,3,0
35,45619,RENT,4.803205548025212,VENTURE,C,4486,12.22,0.1,N,10,0
36,40647,RENT,3.723109361462169,MEDICAL,C,10135,13.26,0.25,N,7,0
20,66636,MORTGAGE,0.0,HOMEIMPROVEMENT,A,8505,7.35,0.13,N,2,0
40,67011,RENT,0.13659108077360482,VENTURE,D,5401,16.18,0.08,Y,7,0
23,91385,RENT,3.2800957426721604,VENTURE,C,22573,12.78,0.25,N,4,0
25,32554,RENT,7.062619468591863,PERSONAL,C,6482,14.17,0.2,N,5,0
20,45621,RENT,1.8734911576298345,EDUCATION,B,7455,10.33,0.16,N,3,0
33,165512,MORTGAGE,7.415072304277622,DEBTCONSOLIDATION,C,11339,13.75,0.07,N,8,0
20,61299,MORTGAGE,0.97068155429571,VENTURE,B,7834,7.92,0.13,N,2,0
24,49272,OWN,5.482083279030494,PERSONAL,A,9517,7.5,0.19,N,4,0
20,32277,MORTGAGE,3.9573783639749225,DEBTCONSOLIDATION,B,14491,11.13,0.45,N,2,0
41,71558,OWN,6.202512213399475,DEBTCONSOLIDATION,C,3459,11.68,0.05,N,12,0
26,95517,RENT,1.8124557100680674,VENTURE,A,19434,7.53,0.2,N,5,0
20,87642,RENT,0.0,DEBTCONSOLIDATION,A,7357,6.87,0.08,N,2,0
20,46988,OWN,2.5683276963363983,MEDICAL,C,4012,14.73,0.09,N,2,0
39,66084,RENT,3.3274540388102167,PERSONAL,A,8071,6.47,0.12,Y,11,0
22,135864,MORTGAGE,0.8472009747572038,EDUCATION,A,9010,9.23,0.07,N,2,0
25,97634,RENT,0.0,EDUCATION,D,2933,17.03,0.03,Y,2,0
30,35196,MORTGAGE,4.266876031400009,EDUCATION,A,13459,7.59,0.38,N,6,0
27,13355,OWN,0.7357545286253708,MEDICAL,B,4408,9.35,0.33,N,6,0
20,63781,RENT,0.916069825002952,EDUCATION,B,11249,10.13,0.18,N,2,0
37,84053,RENT,9.888588543451574,PERSONAL,B,11407,11.05,0.14,N,7,1
27,29760,RENT,0.9334908017310277,MEDICAL,B,8314,10.59,0.28,N,3,0
33,53915,RENT,7.192922205717384,DEBTCONSOLIDATION,D,6579,15.12,0.12,N,8,0
38,46862,RENT,12.758089387405512,EDUCATION,C,15751,14.39,0.34,N,8,0
20,57374,MORTGAGE,0.8621694885651092,MEDICAL,B,7415,10.42,0.13,N,2,0
38,40151,RENT,11.664101371546272,VENTURE,B,9043,10.73,0.23,N,11,0
64,110170,RENT,23.890324499993987,VENTURE,B,6598,11.3,0.06,N,26,0
34,58769,RENT,0.9848224583025216,EDUCATION,A,7174,8.21,0.12,N,11,0
46,33407,MORTGAGE,5.550407666530762,HOMEIMPROVEMENT,D,5685,16.86,0.17,Y,12,0
41,89733,RENT,,MEDICAL,A,8853,8.06,0.1,N,12,0
37,27029,MORTGAGE,12.927450906144355,PERSONAL,C,9295,,0.34,N,11,0
41,109806,MORTGAGE,16.055296478085218,MEDICAL,C,7217,13.47,0.07,N,7,0
44,93440,RENT,6.340339989412659,DEBTCONSOLIDATION,C,6500,14.58,0.07,N,18,0
44,116352,RENT,17.354948264918143,VENTURE,A,18317,6.42,0.16,N,17,0
20,49660,MORTGAGE,1.5657981757473745,HOMEIMPROVEMENT,B,10250,9.6,0.21,N,2,1
42,41238,RENT,9.9731853255583,MEDICAL,A,16493,7.93,0.4,N,19,0
27,56738,RENT,5.385819906306107,EDUCATION,C,10534,13.43,0.19,Y,6,0
45,51717,MORTGAGE,13.713104993750568,VENTURE,B,5707,9.16,0.11,N,18,0
35,37835,RENT,12.746980435129608,VENTURE,A,9640,,0.25,N,10,0
20,39954,RENT,0.20358064311533475,EDUCATION,C,11737,13.86,0.29,N,2,0
47,44289,OWN,13.982051659871033,MEDICAL,B,5010,12.61,0.11,N,11,0
23,28466,RENT,0.0,DEBTCONSOLIDATION,A,4262,7.66,0.15,N,2,0
27,78659,MORTGAGE,6.651128135959613,EDUCATION,B,8638,12.2,0.11,N,2,0
51,52640,RENT,24.160962637916196,VENTURE,A,4176,8.29,0.08,N,10,0
31,45724,MORTGAGE,,VENTURE,E,1000,16.99,0.02,N,6,0
26,29416,MORTGAGE,2.1424813397402747,PERSONAL,B,10607,10.52,0.36,N,2,0
29,28618,RENT,3.348862123921674,EDUCATION,B,3944,10.45,0.14,N,5,0
26,157118,MORTGAGE,5.047900422687459,PERSONAL,D,8959,15.93,0.06,N,4,0
39,38369,MORTGAGE,11.314249161433649,EDUCATION,B,7153,9.81,0.19,N,11,0
26,75795,RENT,1.7443212652418432,MEDICAL,B,5185,11.14,0.07,N,3,0
29,59245,MORTGAGE,6.627657714622748,VENTURE,A,15182,7.22,0.26,Y,6,1
36,12000,RENT,5.248441483302034,HOMEIMPROVEMENT,D,12183,16.94,1.02,N,5,1
35,145197,MORTGAGE,10.936383229358388,EDUCATION,C,14249,14.32,0.1,N,9,0
23,78924,MORTGAGE,0.3962863581677907,EDUCATION,A,19051,7.31,0.24,N,2,0
39,35517,RENT,4.720344994094814,PERSONAL,B,12863,10.01,0.36,N,6,0
25,53337,RENT,0.9830432776918537,MEDICAL,D,6952,15.55,0.13,N,4,0
20,28794,RENT,1.5063927935337242,PERSONAL,B,5659,10.52,0.2,N,2,0
20,147919,OWN,1.2163547864773023,HOMEIMPROVEMENT,B,5988,,0.04,N,2,0
28,32885,RENT,3.337856712498741,HOMEIMPROVEMENT,B,17851,10.14,0.54,N,7,0
20,40631,MORTGAGE,0.7387804010702245,MEDICAL,C,5111,13.17,0.13,N,2,0
22,36269,RENT,0.17425908576857252,VENTURE,D,4529,16.23,0.12,N,3,1
30,56625,MORTGAGE,3.041365828700296,HOMEIMPROVEMENT,C,11459,14.33,0.2,N,9,0
43,115113,MORTGAGE,14.156097863203733,EDUCATION,D,6988,16.19,0.06,N,12,0
27,144951,MORTGAGE,,VENTURE,C,5772,13.48,0.04,N,2,0
20,43501,MORTGAGE,0.6173953470951825,MEDICAL,A,7974,7.69,0.18,N,2,0
29,66705,RENT,6.770354588226324,MEDICAL,A,5529,6.06,0.08,N,3,0
43,56672,RENT,2.9156972138207817,HOMEIMPROVEMENT,D,24897,15.81,0.44,N,16,1
27,31574,OTHER,6.384212633759026,DEBTCONSOLIDATION,A,15074,6.49,0.48,N,2,0
46,205336,RENT,,VENTURE,C,17386,13.06,0.08,N,11,0
30,114636,MORTGAGE,6.867753052447686,DEBTCONSOLIDATION,C,14557,12.77,0.13,N,6,0
38,60114,MORTGAGE,12.132419644879803,VENTURE,B,9394,9.76,0.16,N,8,0
32,129318,MORTGAGE,8.381708605214063,DEBTCONSOLIDATION,B,22051,9.71,0.17,N,9,0
45,105520,RENT,17.7840598536434,MEDICAL,A,8331,9.36,0.08,N,19,0
58,56671,RENT,16.267477941809236,MEDICAL,A,8674,7.45,0.15,N,18,0
25,64814,MORTGAGE,0.0,MEDICAL,C,19471,14.46,0.3,N,3,0
31,124451,RENT,1.0616497511776422,VENTURE,A,18511,8.11,0.15,N,7,0
43,32196,MORTGAGE,5.652006535283654,MEDICAL,D,6015,16.55,0.19,Y,17,0
33,136016,RENT,8.049443802640555,EDUCATION,A,18069,,0.13,N,7,0
20,47867,RENT,0.0,HOMEIMPROVEMENT,C,11997,15.17,0.25,N,2,0
27,125313,RENT,1.8498142607262404,HOMEIMPROVEMENT,A,5348,7.84,0.04,N,8,0
32,54020,OWN,6.259145202447963,PERSONAL,B,4403,9.08,0.08,N,5,0
49,65230,MORTGAGE,8.05972042338074,HOMEIMPROVEMENT,B,4956,10.36,0.08,N,23,0
31,53163,MORTGAGE,5.3130821538415525,HOMEIMPROVEMENT,A,14612,6.66,0.27,N,7,1
22,40436,OWN,2.9020080659278507,PERSONAL,C,6015,12.38,0.15,N,2,0
33,46698,MORTGAGE,8.39352228593449,VENTURE,D,10865,16.35,0.23,Y,5,0
48,115671,OWN,14.659317621358154,DEBTCONSOLIDATION,A,11361,5.84,0.1,N,18,0
24,15172,RENT,2.3815452355597335,PERSONAL,A,6312,7.59,0.42,N,3,0
25,27407,MORTGAGE,6.102522371015113,EDUCATION,C,9401,12.18,0.34,N,6,0
24,36351,RENT,2.485596250581726,MEDICAL,D,5235,15.86,0.14,N,3,0
20,29938,MORTGAGE,4.994628922780453,VENTURE,A,8356,8.12,0.28,N,2,0
30,124304,MORTGAGE,2.2440145151116697,HOMEIMPROVEMENT,A,7129,6.98,0.06,N,7,0
29,108198,RENT,1.5751886966836397,PERSONAL,A,12544,6.55,0.12,N,4,0
20,75028,RENT,0.0,DEBTCONSOLIDATION,A,16244,7.23,0.22,N,2,0
22,38147,MORTGAGE,0.0,DEBTCONSOLIDATION,A,3426,8.0,0.09,N,2,0
32,112902,RENT,7.37679611913963,MEDICAL,B,4686,10.74,0.04,N,7,0
37,22618,MORTGAGE,,PERSONAL,B,15612,10.44,0.69,N,8,1
41,175973,RENT,7.070459557274873,EDUCATION,B,6769,9.83,0.04,N,17,0
38,37177,OWN,2.2134001780991093,VENTURE,A,20857,7.17,0.56,N,10,0
30,46905,RENT,0.011549368691366135,DEBTCONSOLIDATION,B,17454,11.05,0.37,N,2,0
20,42781,MORTGAGE,,PERSONAL,A,5032,7.39,0.12,N,2,0
28,30025,RENT,5.9264218922999365,DEBTCONSOLIDATION,A,11401,7.69,0.38,N,9,0
20,156187,RENT,2.0326094263143233,MEDICAL,B,8688,10.21,0.06,N,2,0
32,83607,RENT,9.422598030212285,DEBTCONSOLIDATION,A,2709,6.6,0.03,N,5,0
24,105715,RENT,0.743574782400414,MEDICAL,C,5217,15.1,0.05,N,2,0
20,27638,RENT,0.390494798496328,VENTURE,A,7281,,0.26,N,2,0
34,59845,MORTGAGE,2.5684807534221665,VENTURE,C,2421,13.72,0.04,N,12,0
47,72154,RENT,12.325749397301982,VENTURE,B,4752,10.37,0.07,N,16,0
20,62875,MORTGAGE,0.0,EDUCATION,B,10867,11.64,0.17,N,2,0
35,28618,RENT,9.49731597493748,MEDICAL,B,5404,9.86,0.19,Y,12,1
26,97882,MORTGAGE,,PERSONAL,A,9748,8.04,0.1,N,5,0
23,57921,RENT,4.563147094266427,VENTURE,A,8467,7.53,0.15,N,2,0
23,32040,MORTGAGE,1.8683997263020156,VENTURE,A,4292,7.29,0.13,N,2,0
26,19528,MORTGAGE,4.130438599504558,VENTURE,B,15653,10.28,0.8,N,3,0
26,75634,RENT,3.345147622168351,HOMEIMPROVEMENT,B,2140,11.54,0.03,N,3,0
29,208511,RENT,5.698306871204766,HOMEIMPROVEMENT,C,15619,12.0,0.07,N,7,0
22,30995,RENT,3.798936730508345,MEDICAL,A,6120,8.83,0.2,N,3,0
23,59500,RENT,3.0866946252059964,MEDICAL,E,6554,19.32,0.11,N,3,0
36,99785,RENT,5.358450603611674,VENTURE,A,9357,7.53,0.09,N,5,0
21,26948,RENT,0.0,EDUCATION,A,9489,7.31,0.35,N,2,1
33,41607,MORTGAGE,4.9277963058902134,MEDICAL,D,10793,15.99,0.26,N,6,0
26,33755,RENT,1.4463161322110016,MEDICAL,A,12032,7.89,0.36,N,4,0
25,93113,RENT,3.285712291775334,MEDICAL,F,10329,21.49,0.11,Y,2,0
53,112312,RENT,22.337814899083675,PERSONAL,A,11129,7.89,0.1,N,22,0
20,59128,MORTGAGE,2.382892349205854,VENTURE,A,19767,7.72,0.33,N,2,0
49,34099,RENT,12.857003890939007,EDUCATION,A,2845,7.52,0.08,N,20,0
39,42466,MORTGAGE,9.37530855242062,DEBTCONSOLIDATION,B,7519,,0.18,N,9,0
24,38300,MORTGAGE,2.949780304723452,DEBTCONSOLIDATION,B,9267,9.17,0.24,N,2,0
40,31650,MORTGAGE,5.938225215394828,DEBTCONSOLIDATION,A,2593,,0.08,N,11,0
20,51219,RENT,0.0,VENTURE,A,3335,7.88,0.07,N,2,0
23,74321,MORTGAGE,2.3154051570631538,EDUCATION,A,3203,8.16,0.04,N,3,0
21,70943,RENT,0.5644067389445779,EDUCATION,A,4889,8.15,0.07,N,2,0
34,53931,MORTGAGE,1.4771187158648718,MEDICAL,D,12007,16.49,0.22,Y,12,0
38,55903,MORTGAGE,13.738974886401369,MEDICAL,B,4310,,0.08,N,6,0
34,51800,RENT,4.792803622224776,DEBTCONSOLIDATION,C,5855,12.82,0.11,N,7,0
31,26543,OWN,2.6613324658736164,HOMEIMPROVEMENT,A,9229,7.95,0.35,N,6,0
41,59164,MORTGAGE,6.769007247355015,DEBTCONSOLIDATION,A,7522,7.86,0.13,N,7,0
39,39301,RENT,3.0297884032142184,PERSONAL,B,8191,11.56,0.21,N,12,0
24,25821,RENT,2.2336797386000917,PERSONAL,C,14811,10.6,0.57,Y,3,1
25,66428,MORTGAGE,3.30415977638065,DEBTCONSOLIDATION,D,11998,17.91,0.18,Y,5,0
38,38698,MORTGAGE,6.8468749886478015,HOMEIMPROVEMENT,B,18504,11.18,0.48,N,6,0
29,61406,MORTGAGE,,PERSONAL,A,3991,7.7,0.06,N,7,0
30,86353,MORTGAGE,9.391135785600646,EDUCATION,A,13271,6.74,0.15,N,4,0
31,32124,RENT,3.9633216653246146,EDUCATION,C,3269,13.27,0.1,N,7,0
20,56992,MORTGAGE,4.234297604948176,PERSONAL,A,2510,7.78,0.04,N,2,0
23,20015,MORTGAGE,0.29789524645119503,MEDICAL,C,12106,14.84,0.6,Y,2,0
35,125855,RENT,9.02430154875984,HOMEIMPROVEMENT,B,11586,11.72,0.09,N,10,0
23,25655,RENT,0.0,PERSONAL,D,5233,16.49,0.2,N,2,0
27,40816,MORTGAGE,3.3534378618178637,PERSONAL,B,4728,11.08,0.12,N,5,0
35,113109,MORTGAGE,1.1216771385616113,EDUCATION,C,11329,13.66,0.1,N,8,0
41,47620,MORTGAGE,13.497100718017483,VENTURE,A,3766,6.69,0.08,N,16,0
43,28041,RENT,15.744162198458778,VENTURE,B,4217,9.87,0.15,N,12,0
44,80192,RENT,7.30320774273418,PERSONAL,A,8795,8.27,0.11,N,9,0
28,79204,MORTGAGE,1.5259991631929695,VENTURE,B,18861,11.07,0.24,N,7,0
27,38244,MORTGAGE,2.0145871129478814,HOMEIMPROVEMENT,B,9228,10.01,0.24,Y,6,0
20,40590,RENT,0.0,PERSONAL,C,5923,12.89,0.15,N,2,0
48,42639,MORTGAGE,8.005334307777675,PERSONAL,C,12127,14.02,0.28,N,13,0
27,48345,MORTGAGE,3.7841931787260834,HOMEIMPROVEMENT,B,21030,10.26,0.43,N,3,0
47,19127,OWN,6.656231881085109,HOMEIMPROVEMENT,A,12143,6.87,0.63,N,17,1
33,49031,MORTGAGE,2.4038220307344123,EDUCATION,D,5964,16.27,0.12,N,9,0
42,144517,RENT,5.830249930082466,DEBTCONSOLIDATION,A,4907,8.04,0.03,N,9,0
29,33097,MORTGAGE,1.0105237895089016,EDUCATION,C,28088,12.62,0.85,N,7,0
36,39303,RENT,9.706039829966095,VENTURE,B,6849,10.23,0.17,N,4,0
42,28254,MORTGAGE,17.084103253806607,EDUCATION,C,10406,14.08,0.37,N,16,0
25,75863,RENT,1.655033599375928,PERSONAL,B,15354,11.76,0.2,N,3,0
44,105004,MORTGAGE,11.60131639639638,VENTURE,B,6836,10.73,0.07,N,20,0
20,103691,MORTGAGE,0.0,PERSONAL,B,7461,10.09,0.07,N,2,0
52,27271,MORTGAGE,17.389219006041156,PERSONAL,C,21913,12.84,0.8,N,17,0
31,71316,MORTGAGE,2.9454706945428613,PERSONAL,A,9243,7.5,0.13,N,5,0
23,119200,RENT,1.403608569981423,MEDICAL,C,14187,13.47,0.12,N,2,0
39,71704,MORTGAGE,12.976021662314848,DEBTCONSOLIDATION,A,16546,5.77,0.23,N,8,0
33,70482,RENT,2.490587224665304,VENTURE,C,12433,12.14,0.18,N,10,0
20,41797,RENT,3.1766009610418324,VENTURE,A,6323,5.67,0.15,N,2,0
26,61148,OTHER,0.0,HOMEIMPROVEMENT,A,5441,7.51,0.09,N,3,0
21,106934,MORTGAGE,0.0,MEDICAL,C,20123,14.34,0.19,N,2,0
21,64894,MORTGAGE,0.0,VENTURE,C,7900,14.23,0.12,N,2,0
21,27267,MORTGAGE,0.9109238447368522,PERSONAL,C,3242,12.48,0.12,N,2,0
35,42157,MORTGAGE,3.06341204134642,EDUCATION,D,32156,15.27,0.76,Y,13,1
40,105356,MORTGAGE,4.890784122536418,MEDICAL,A,13272,6.46,0.13,N,13,0
23,64770,MORTGAGE,1.1528343929293896,DEBTCONSOLIDATION,A,6257,7.57,0.1,N,2,0
20,57842,OTHER,0.41138332255964943,MEDICAL,A,8812,8.24,0.15,N,2,0
20,39946,RENT,0.045799586748080046,VENTURE,A,4564,8.41,0.11,N,2,0
56,104164,MORTGAGE,25.779990002274637,PERSONAL,A,6117,6.96,0.06,N,17,0
31,135175,MORTGAGE,5.803756561151595,PERSONAL,C,3646,13.59,0.03,Y,9,0
39,108526,RENT,4.405943721991181,PERSONAL,A,1140,6.9,0.01,N,12,0
28,119781,RENT,2.9701489294519945,DEBTCONSOLIDATION,A,9456,7.52,0.08,N,4,0
20,44476,OWN,0.0,VENTURE,B,14695,9.99,0.33,N,2,0
34,41147,RENT,6.456087185150672,PERSONAL,A,20976,7.05,0.51,N,5,0
50,49712,RENT,13.443444357930447,DEBTCONSOLIDATION,B,20433,9.44,0.41,N,21,0
24,55338,RENT,0.5035373226632198,MEDICAL,A,12542,5.1,0.23,N,3,0
20,119021,RENT,0.0,HOMEIMPROVEMENT,E,11619,18.19,0.1,N,2,0
20,102871,MORTGAGE,3.95072379307526,DEBTCONSOLIDATION,A,16839,7.77,0.16,N,2,0
40,72850,RENT,17.378369072957916,MEDICAL,D,4126,16.16,0.06,N,9,0
33,24657,RENT,10.157993353464818,PERSONAL,B,4069,9.3,0.17,N,11,0
44,21409,MORTGAGE,5.617245569739961,PERSONAL,A,6875,5.69,0.32,N,7,0
30,61836,RENT,1.5810019957438315,VENTURE,A,6668,7.44,0.11,N,9,0
37,87916,MORTGAGE,3.2843379779242023,DEBTCONSOLIDATION,C,6502,12.57,0.07,N,6,0
26,51856,MORTGAGE,2.0667932199568675,PERSONAL,E,7948,18.14,0.15,Y,4,0
20,155312,MORTGAGE,0.8982474496013283,PERSONAL,A,9158,6.56,0.06,N,2,0
37,29871,MORTGAGE,7.178749495268468,MEDICAL,A,11348,6.26,0.38,N,5,0
40,27872,RENT,2.7866024352195096,VENTURE,B,9540,11.44,0.34,N,10,0
24,37595,RENT,1.927435002840829,VENTURE,B,6448,10.87,0.17,N,4,0
49,36817,RENT,18.80152357738161,DEBTCONSOLIDATION,C,5392,13.48,0.15,Y,20,0
49,72363,RENT,17.118883273161828,PERSONAL,B,10667,11.21,0.15,N,20,0
21,42961,MORTGAGE,0.0,EDUCATION,A,18048,7.51,0.42,N,2,0
21,23125,RENT,0.0,MEDICAL,D,8196,15.7,0.35,N,2,0
22,88465,MORTGAGE,0.0,VENTURE,B,6807,11.83,0.08,N,2,0
29,20579,RENT,6.994616361587892,DEBTCONSOLIDATION,C,8254,14.88,0.4,N,7,0
26,30056,RENT,4.648099372101262,DEBTCONSOLIDATION,C,10815,12.69,0.36,N,5,0
20,22192,RENT,0.0,VENTURE,A,5284,7.72,0.24,N,2,0
22,60713,RENT,4.8665801294514495,EDUCATION,A,3853,7.61,0.06,N,2,0
20,60013,MORTGAGE,0.749893953395245,MEDICAL,A,5257,8.19,0.09,N,2,0
20,155445,MORTGAGE,0.828619150236276,MEDICAL,E,8482,17.65,0.05,N,2,0
20,89554,MORTGAGE,0.0,DEBTCONSOLIDATION,C,6217,14.52,0.07,N,2,0
55,119719,MORTGAGE,17.11641234488978,EDUCATION,A,5353,6.76,0.04,Y,20,0
53,63496,MORTGAGE,14.500306480823369,VENTURE,B,7205,10.39,0.11,N,22,0
38,31656,MORTGAGE,11.593162968022312,PERSONAL,B,18250,9.59,0.58,N,9,1
24,58131,RENT,4.861797591111184,HOMEIMPROVEMENT,A,7761,7.07,0.13,N,3,0
20,75044,RENT,2.684346081331701,HOMEIMPROVEMENT,B,4633,9.67,0.06,N,2,0
30,79785,MORTGAGE,0.21260217469648768,HOMEIMPROVEMENT,C,17894,12.74,0.22,Y,4,1
35,41780,RENT,11.71599873048174,PERSONAL,A,14434,8.12,0.35,N,8,0
23,70886,RENT,2.6507606213921817,DEBTCONSOLIDATION,D,9845,15.96,0.14,Y,3,0
34,32429,RENT,,DEBTCONSOLIDATION,C,17938,15.1,0.55,N,11,0
20,30521,RENT,0.0,DEBTCONSOLIDATION,A,11252,7.33,0.37,N,2,0
24,29328,MORTGAGE,0.0,HOMEIMPROVEMENT,D,11325,,0.39,Y,2,0
27,54915,RENT,2.5288311059025803,VENTURE,A,8638,7.08,0.16,N,3,0
53,28344,RENT,19.129254534974088,VENTURE,D,16780,15.88,0.59,Y,22,1
22,42889,RENT,1.4789988488876353,VENTURE,B,4082,10.75,0.1,N,2,0
63,89018,MORTGAGE,20.57625886804407,PERSONAL,C,14554,13.18,0.16,Y,27,0
35,30760,MORTGAGE,6.615944530733735,DEBTCONSOLIDATION,C,31407,12.47,1.02,N,7,1
64,41053,RENT,5.7659012751806955,DEBTCONSOLIDATION,A,16719,8.25,0.41,N,25,0
21,56353,MORTGAGE,0.0,VENTURE,B,13658,11.48,0.24,N,4,0
20,62055,RENT,0.0,MEDICAL,B,5871,10.16,0.09,N,2,0
23,41166,MORTGAGE,5.02205690870236,HOMEIMPROVEMENT,B,24019,11.69,0.58,N,2,0
30,83514,MORTGAGE,9.150491607834711,MEDICAL,A,5571,7.1,0.07,N,5,0
51,74962,OWN,,MEDICAL,F,9367,21.33,0.12,Y,24,0
24,101409,RENT,2.7032360721539086,PERSONAL,C,9698,12.74,0.1,N,3,1
40,51798,RENT,8.661865365111233,EDUCATION,A,1709,9.4,0.03,N,17,0
54,40861,RENT,8.96593263873431,VENTURE,B,11101,9.09,0.27,N,19,1
33,37218,RENT,9.570216436803408,MEDICAL,B,6012,9.62,0.16,N,6,0
43,64142,RENT,8.99099108962959,EDUCATION,D,1230,17.76,0.02,Y,10,0
22,44027,RENT,0.13397952043599648,PERSONAL,A,14670,6.13,0.33,N,2,0
34,39614,RENT,9.250704346623756,MEDICAL,A,8514,7.3,0.21,N,8,0
37,42338,MORTGAGE,12.977010093756604,VENTURE,A,3782,7.08,0.09,Y,12,0
20,37196,RENT,3.1330844241582336,EDUCATION,F,14597,20.52,0.39,N,2,1
21,60443,OWN,0.0,DEBTCONSOLIDATION,B,5210,10.7,0.09,N,2,0
27,24911,MORTGAGE,7.273201190508691,MEDICAL,A,5590,7.31,0.22,N,3,1
20,64001,MORTGAGE,0.0569149229077941,MEDICAL,B,12288,11.09,0.19,Y,2,0
23,78598,OWN,0.7819693278045431,MEDICAL,A,2819,8.63,0.04,N,2,0
28,39360,MORTGAGE,8.539313128106432,VENTURE,A,9340,7.04,0.24,N,3,0
20,155923,MORTGAGE,0.0,VENTURE,B,12580,,0.08,N,2,0
53,54703,RENT,16.32572427364745,VENTURE,A,4342,6.96,0.08,N,20,0
41,22954,MORTGAGE,10.884193738467836,HOMEIMPROVEMENT,B,5760,10.74,0.25,N,15,0
72,46412,OWN,32.5251034041352,HOMEIMPROVEMENT,B,10722,10.63,0.23,N,17,0
20,56075,RENT,0.46739472361213763,PERSONAL,B,15505,11.21,0.28,N,2,0
35,69350,RENT,13.908471980327702,EDUCATION,A,22930,8.99,0.33,N,8,0
23,47023,MORTGAGE,0.2158445147797201,PERSONAL,B,18131,,0.39,N,2,0
20,31058,MORTGAGE,3.5495045942280745,EDUCATION,A,16164,,0.52,N,2,0
41,29666,MORTGAGE,17.869424675267528,PERSONAL,B,11980,9.92,0.4,N,11,0
30,37817,RENT,4.890454376395682,VENTURE,A,5586,7.35,0.15,N,5,0
26,39863,MORTGAGE,2.4954693977980553,DEBTCONSOLIDATION,B,14160,11.18,0.36,N,6,0
33,29020,RENT,4.695153087902736,HOMEIMPROVEMENT,B,8106,10.02,0.28,N,9,1
22,36205,MORTGAGE,3.568073800662058,VENTURE,B,4723,10.98,0.13,N,2,0
22,77862,RENT,0.0,VENTURE,B,9469,9.63,0.12,N,3,0
23,134138,MORTGAGE,0.0,PERSONAL,B,18417,10.49,0.14,N,2,0
43,82084,RENT,9.364455101438962,EDUCATION,A,4331,6.26,0.05,N,17,0
42,111104,RENT,15.228814891317402,HOMEIMPROVEMENT,B,33134,10.05,0.3,N,14,0
20,92574,RENT,2.8444914298399246,VENTURE,E,7947,19.68,0.09,N,2,0
52,85666,RENT,11.820454980900736,EDUCATION,A,5082,7.71,0.06,N,23,0
30,44990,MORTGAGE,7.051903669450294,DEBTCONSOLIDATION,A,7248,7.39,0.16,N,8,0
35,58542,RENT,6.538436052162754,MEDICAL,A,23863,7.72,0.41,N,11,0
23,42987,RENT,2.279497621938796,EDUCATION,B,6575,10.91,0.15,N,2,0
30,48025,RENT,5.033723599743729,PERSONAL,A,4908,7.76,0.1,N,4,0
20,56246,MORTGAGE,0.5563640078940499,PERSONAL,C,14505,13.68,0.26,N,2,0
22,80214,RENT,0.0,PERSONAL,B,15394,9.7,0.19,N,3,0
40,68379,RENT,11.392720988441353,PERSONAL,A,2537,6.32,0.04,N,9,0
40,49562,MORTGAGE,10.29815574399014,EDUCATION,E,17620,19.08,0.36,N,7,0
35,55856,OWN,10.318908944884331,VENTURE,A,9821,6.45,0.18,N,13,0
26,68761,MORTGAGE,2.8780759958294015,MEDICAL,A,8340,7.79,0.12,N,2,0
20,78203,MORTGAGE,2.2834294350025353,HOMEIMPROVEMENT,A,6559,8.31,0.08,N,2,0
45,23495,RENT,11.663628466981088,EDUCATION,A,6164,6.68,0.26,N,9,0
41,29954,MORTGAGE,11.86654491489067,MEDICAL,C,10608,12.97,0.35,N,17,1
20,99610,MORTGAGE,1.076296378516441,HOMEIMPROVEMENT,A,5531,7.38,0.06,N,2,0
40,52392,MORTGAGE,2.2852513904364056,HOMEIMPROVEMENT,C,17354,12.79,0.33,N,13,0
26,42905,RENT,1.7665820351243575,DEBTCONSOLIDATION,C,35000,12.78,0.82,N,4,0
38,46867,OWN,5.142031753550091,EDUCATION,A,8814,7.07,0.19,N,15,0
20,46861,RENT,0.0,PERSONAL,B,24989,9.88,0.53,N,2,0
23,73634,MORTGAGE,2.7924792235591953,VENTURE,B,10763,10.89,0.15,N,2,0
31,29454,RENT,0.0,DEBTCONSOLIDATION,D,8974,16.06,0.3,N,4,1
53,54919,RENT,19.617740005684997,EDUCATION,A,12311,6.34,0.22,N,16,0
66,62029,MORTGAGE,14.50306701066484,EDUCATION,A,10686,8.88,0.17,N,23,0
31,67369,RENT,,VENTURE,D,12784,15.76,0.19,N,9,0
43,61241,MORTGAGE,8.661422724202385,EDUCATION,A,12757,7.44,0.21,N,11,0
32,71951,MORTGAGE,3.0232933280797725,PERSONAL,A,6980,7.08,0.1,N,8,0
32,39537,MORTGAGE,7.5816023719166346,DEBTCONSOLIDATION,B,10238,10.49,0.26,N,11,0
36,32273,RENT,3.6137463206741094,PERSONAL,A,12843,6.77,0.4,N,5,0
29,209264,OWN,3.8109404699027483,VENTURE,B,14286,9.42,0.07,N,8,0
39,45903,MORTGAGE,15.367365472628473,DEBTCONSOLIDATION,C,4832,13.23,0.11,Y,11,0
20,48949,RENT,2.68349706682149,EDUCATION,B,7637,11.65,0.16,Y,2,0
29,78653,MORTGAGE,2.7997540478392766,MEDICAL,B,7196,10.95,0.09,N,2,0
54,130333,RENT,13.761834089931186,VENTURE,A,3508,8.47,0.03,N,24,0
43,40155,RENT,12.51056109139345,EDUCATION,C,10374,13.04,0.26,N,6,0
33,31277,MORTGAGE,10.310282018022846,EDUCATION,C,11010,12.85,0.35,N,5,0
41,27359,MORTGAGE,14.083163019110714,VENTURE,A,20240,7.09,0.74,N,7,1
49,130119,RENT,10.618934175686771,HOMEIMPROVEMENT,A,5803,7.91,0.04,N,14,0
20,30608,RENT,3.547319870209796,HOMEIMPROVEMENT,C,8812,14.32,0.29,N,2,0
27,53361,OWN,2.11689749385443,VENTURE,B,16862,10.28,0.32,N,5,0
23,31649,RENT,1.965794169353279,EDUCATION,B,12825,9.38,0.41,N,2,0
20,24426,RENT,2.5731587740590265,EDUCATION,B,23859,11.28,0.98,N,2,1
57,46128,OTHER,9.394310755395482,MEDICAL,A,11437,8.39,0.25,N,22,0
36,32345,RENT,0.7473788598639992,MEDICAL,B,9122,10.91,0.28,N,6,0
41,37034,MORTGAGE,8.12410068978848,EDUCATION,C,6922,14.64,0.19,Y,7,1
24,163302,RENT,4.840576794378734,PERSONAL,B,5067,8.97,0.03,N,2,0
27,68438,MORTGAGE,4.494238455370334,PERSONAL,B,9937,9.76,0.15,N,4,0
30,90427,RENT,5.139168918344407,MEDICAL,A,7486,7.52,0.08,N,5,0
34,85268,OWN,4.799781167953099,DEBTCONSOLIDATION,A,9533,6.65,0.11,N,4,0
39,51252,RENT,9.267426898842622,DEBTCONSOLIDATION,A,20643,8.23,0.4,N,11,0
20,42538,MORTGAGE,1.0085378233487543,VENTURE,A,11431,6.56,0.27,N,2,0
38,62125,OWN,9.905054840423686,EDUCATION,B,3104,11.58,0.05,N,16,0
27,59435,OWN,3.1037766242163505,HOMEIMPROVEMENT,B,4828,9.82,0.08,N,6,0
50,39622,RENT,22.886634385292687,PERSONAL,A,8840,8.62,0.22,N,10,0
46,58186,MORTGAGE,15.793554449368395,MEDICAL,F,7355,19.84,0.13,N,14,0
33,36736,RENT,2.5859833595323476,PERSONAL,B,19124,8.61,0.52,N,13,0
30,49300,MORTGAGE,1.0464844131353344,VENTURE,C,9083,13.61,0.18,N,7,0
27,45052,RENT,3.3004059839135795,PERSONAL,A,6684,8.04,0.15,N,7,0
34,26960,RENT,8.686189079630287,VENTURE,A,16951,6.67,0.63,N,11,0
45,14866,RENT,4.979186077100252,VENTURE,B,9436,11.77,0.63,N,14,1
30,32322,MORTGAGE,4.611724665235021,DEBTCONSOLIDATION,A,1526,8.59,0.05,N,8,0
24,146130,MORTGAGE,0.0,PERSONAL,A,8024,7.36,0.05,N,4,0
30,45691,RENT,7.557017600109596,EDUCATION,A,12464,7.75,0.27,N,3,0
33,83015,MORTGAGE,5.62830030206411,EDUCATION,A,6834,7.51,0.08,N,9,0
20,16840,OWN,1.799433001081602,MEDICAL,B,12970,11.02,0.77,N,3,0
20,31114,MORTGAGE,3.614847029764432,VENTURE,C,15760,14.18,0.51,N,2,0
25,25720,RENT,0.33127794769390306,MEDICAL,A,13517,6.17,0.53,N,3,0
50,48471,OWN,12.842365338795629,PERSONAL,A,10062,8.84,0.21,N,18,0
44,205268,MORTGAGE,4.173744733486187,EDUCATION,C,10019,14.45,0.05,N,17,0
20,69782,RENT,4.8047168319945985,PERSONAL,A,6581,6.66,0.09,N,2,0
21,137666,MORTGAGE,1.450281817198697,DEBTCONSOLIDATION,C,5896,14.66,0.04,N,2,0
38,47101,RENT,1.3330473840859267,EDUCATION,D,12519,17.53,0.27,Y,7,0
26,114769,MORTGAGE,2.6012214257604436,PERSONAL,A,7236,6.13,0.06,N,6,0
35,169446,OWN,8.410383083778623,HOMEIMPROVEMENT,A,6081,8.05,0.04,N,9,0
20,51013,RENT,0.8444579661075351,EDUCATION,E,8396,19.24,0.16,Y,2,0
30,40271,RENT,7.450568199199806,HOMEIMPROVEMENT,A,8726,7.79,0.22,N,4,0
29,26244,RENT,8.669376599691654,PERSONAL,A,10614,8.44,0.4,N,6,0
41,45707,RENT,8.88270003544695,PERSONAL,B,4451,10.66,0.1,N,14,0
34,56672,MORTGAGE,2.203189299390351,EDUCATION,A,8366,7.9,0.15,N,9,0
31,165549,MORTGAGE,7.851966932874712,DEBTCONSOLIDATION,F,7487,18.98,0.05,N,8,0
20,26576,RENT,0.09868826677446484,VENTURE,A,12911,6.97,0.49,N,2,0
55,55983,MORTGAGE,25.42576737921662,PERSONAL,B,13928,,0.25,N,14,0
37,19972,RENT,7.465256418017843,DEBTCONSOLIDATION,B,9466,9.94,0.47,N,6,0
23,42842,OWN,1.0311887870642034,VENTURE,B,11237,10.45,0.26,Y,2,0
31,64296,RENT,6.1055644576403,MEDICAL,B,8808,9.6,0.14,N,9,0
26,71820,MORTGAGE,6.339662943575153,EDUCATION,F,16718,19.97,0.23,Y,3,1
28,74904,RENT,8.083881938639784,EDUCATION,D,16521,16.27,0.22,N,4,1
44,67411,RENT,5.680032459379449,DEBTCONSOLIDATION,A,5794,7.39,0.09,N,16,0
21,74550,MORTGAGE,0.0,EDUCATION,B,3745,9.05,0.05,N,2,0
38,55556,RENT,8.514357923360137,VENTURE,A,13481,6.9,0.24,N,5,0
45,30444,MORTGAGE,14.446069352757556,MEDICAL,B,4359,11.61,0.14,N,13,1
36,19566,MORTGAGE,7.711186754474639,DEBTCONSOLIDATION,A,17334,8.36,0.89,N,6,0
28,40107,OWN,0.0,VENTURE,C,4370,13.53,0.11,N,4,0
22,50310,OWN,4.963741283450673,HOMEIMPROVEMENT,A,13919,7.77,0.28,N,3,0
24,107975,RENT,3.6665842051740762,DEBTCONSOLIDATION,C,9123,12.98,0.08,N,4,0
31,51260,MORTGAGE,8.817060970970488,DEBTCONSOLIDATION,A,24184,8.61,0.47,N,8,0
20,48624,MORTGAGE,,EDUCATION,D,17540,15.79,0.36,Y,2,0
30,66972,RENT,5.289085397846962,MEDICAL,B,3739,,0.06,N,5,0
40,46699,MORTGAGE,15.511687398406492,EDUCATION,C,5033,12.14,0.11,N,18,0
20,84609,MORTGAGE,0.0,VENTURE,B,12566,9.11,0.15,N,2,0
44,160915,MORTGAGE,18.25965301307798,PERSONAL,E,15659,17.87,0.1,Y,19,0
67,180761,RENT,33.16482143859701,EDUCATION,C,4228,14.82,0.02,N,21,0
29,57146,MORTGAGE,4.963214589138247,EDUCATION,C,14241,15.64,0.25,N,8,0
28,65204,RENT,3.7266474521342237,PERSONAL,A,10202,8.35,0.16,N,4,0
29,129103,MORTGAGE,0.0,MEDICAL,B,11368,9.11,0.09,N,7,0
31,49887,MORTGAGE,2.502158097211292,VENTURE,A,5561,6.61,0.11,N,6,0
27,78712,RENT,2.3773823775446163,EDUCATION,A,21238,6.61,0.27,N,3,0
20,29017,OWN,0.13208991972755196,PERSONAL,C,11079,13.27,0.38,N,2,0
28,45662,MORTGAGE,4.4462805823765805,VENTURE,A,7500,6.83,0.16,N,8,0
21,102320,OWN,0.0,PERSONAL,B,8001,11.0,0.08,N,2,0
32,36497,RENT,3.5293914312746946,MEDICAL,A,7658,7.27,0.21,N,8,0
45,50492,MORTGAGE,8.23769819697522,MEDICAL,A,10886,8.2,0.22,N,12,0
21,22792,MORTGAGE,0.05976693956349677,DEBTCONSOLIDATION,A,9607,7.98,0.42,N,3,1
